batch_id,coder,date_assigned,batch_date,study_id,Author,Publication Year,Title,Publication Title,pdf_filename,n_coders
batch0901,steve,2020-06-25,2020-06-25,a000032,"Bouvier, Christophe; Patris, Nicolas; Freydier, Rémi; Guilhe‐Batiot, Christelle; Seidel, Jean-Luc; Taupin, Jean-Denis; Brunet, Pascal; Remes, Aurore",2018,"The Floodscale experiment in the small catchment of Valescure, France: An overview of the isotopic and geochemical data base",Geoscience Data Journal,Refer to Zotero library for PDF/link,1
batch0901,andy,2020-06-25,2020-06-25,a000032,"Bouvier, Christophe; Patris, Nicolas; Freydier, Rémi; Guilhe‐Batiot, Christelle; Seidel, Jean-Luc; Taupin, Jean-Denis; Brunet, Pascal; Remes, Aurore",2018,"The Floodscale experiment in the small catchment of Valescure, France: An overview of the isotopic and geochemical data base",Geoscience Data Journal,Refer to Zotero library for PDF/link,1
batch0024,andy,2020-04-07,2020-04-07,a000048,"Devos, Thierry; Sadler, Melody",2019,Context diversity predicts the extent to which the American identity is implicitly associated with Asian Americans and European Americans.,Asian American Journal of Psychology,batch0024/a000048/a000048_article.pdf,1
batch0067,evelyn,2020-05-07,2020-05-07,a000048,"Devos, Thierry; Sadler, Melody",2019,Context diversity predicts the extent to which the American identity is implicitly associated with Asian Americans and European Americans.,Asian American Journal of Psychology,batch0067/a000048/a000048_article.pdf,1
batch0023,oliver,2020-04-07,2020-04-07,a000071,"Rivera, Luis M.; Veysey, Bonita M.",2018,Implicit self-criminal cognition and its relation to criminal behavior.,Law and Human Behavior,batch0023/a000071/a000071_article.pdf,1
batch0062,matthew,2020-04-28,2020-04-28,a000071,"Rivera, Luis M.; Veysey, Bonita M.",2018,Implicit self-criminal cognition and its relation to criminal behavior.,Law and Human Behavior,batch0062/a000071/a000071_article.pdf,1
batch0024,andy,2020-04-07,2020-04-07,a000098,Kandler Christian; Pfattheicher Stefan; Geiger Mattis; Hartung Johanna; Weiss Selina; Schindler Simon,2017,Old Wine in New Bottles? The Case of Self‐compassion and Neuroticism,European Journal of Personality,batch0024/a000098/a000098_article.pdf,1
batch0053,evelyn,2020-04-24,2020-04-24,a000098,Kandler Christian; Pfattheicher Stefan; Geiger Mattis; Hartung Johanna; Weiss Selina; Schindler Simon,2017,Old Wine in New Bottles? The Case of Self‐compassion and Neuroticism,European Journal of Personality,batch0053/a000098/a000098_article.pdf,1
batch0021,michelle,2020-04-07,2020-04-07,a000108,"Rosati, Alexandra G.; DiNicola, Lauren M.; Buckholtz, Joshua W.",2018,Chimpanzee Cooperation Is Fast and Independent From Self-Control,Psychological Science,batch0021/a000108/a000108_article.pdf,1
batch0062,matthew,2020-04-28,2020-04-28,a000108,"Rosati, Alexandra G.; DiNicola, Lauren M.; Buckholtz, Joshua W.",2018,Chimpanzee Cooperation Is Fast and Independent From Self-Control,Psychological Science,batch0062/a000108/a000108_article.pdf,1
batch0024,andy,2020-04-07,2020-04-07,a000115,Thielmann Isabel; Zimmermann Johannes; Leising Daniel; Hilbig Benjamin E.; Back Mitja,2017,Seeing is Knowing: On the Predictive Accuracy of Self‐ and Informant Reports for Prosocial and Moral Behaviours,European Journal of Personality,batch0024/a000115/a000115_article.pdf,1
batch0066,michelle,2020-05-05,2020-05-05,a000115,Thielmann Isabel; Zimmermann Johannes; Leising Daniel; Hilbig Benjamin E.; Back Mitja,2017,Seeing is Knowing: On the Predictive Accuracy of Self‐ and Informant Reports for Prosocial and Moral Behaviours,European Journal of Personality,batch0066/a000115/a000115_article.pdf,1
batch0901,steve,2020-06-25,2020-06-25,a000116,"Luwel, Koen; Peeters, Dominique; Dierckx, Goedele; Sekeris, Elke; Verschaffel, Lieven",2018,Benchmark-based strategy use in atypical number lines,Canadian Journal of Experimental Psychology,Refer to Zotero library for PDF/link,1
batch0901,andy,2020-06-25,2020-06-25,a000116,"Luwel, Koen; Peeters, Dominique; Dierckx, Goedele; Sekeris, Elke; Verschaffel, Lieven",2018,Benchmark-based strategy use in atypical number lines,Canadian Journal of Experimental Psychology,Refer to Zotero library for PDF/link,1
batch0901,steve,2020-06-25,2020-06-25,a000117,"Evans, Tim",2015,A Reassessment of Archaeological Grey Literature: semantics and paradoxes,Internet Archaeology,Refer to Zotero library for PDF/link,1
batch0901,andy,2020-06-25,2020-06-25,a000117,"Evans, Tim",2015,A Reassessment of Archaeological Grey Literature: semantics and paradoxes,Internet Archaeology,Refer to Zotero library for PDF/link,1
batch0014,michelle,2020-04-03,2020-04-03,a000138,"Feinstein, Brian A.; McConnell, Elizabeth; Dyar, Christina; Mustanski, Brian; Newcomb, Michael E.",2019,The Influence of Stress on Depression and Substance Use Problems Among Young Male Same-Sex Couples: Relationship Functioning as an Underlying Mechanism,Clinical Psychological Science,batch0014/a000138/a000138_article.pdf,1
batch0062,matthew,2020-04-28,2020-04-28,a000138,"Feinstein, Brian A.; McConnell, Elizabeth; Dyar, Christina; Mustanski, Brian; Newcomb, Michael E.",2019,The Influence of Stress on Depression and Substance Use Problems Among Young Male Same-Sex Couples: Relationship Functioning as an Underlying Mechanism,Clinical Psychological Science,batch0062/a000138/a000138_article.pdf,1
batch0011,sophia,2020-04-03,2020-04-03,a000139,"Hilgard, Joseph",2019,Comment on Yoon and Vargas (2014): An Implausibly Large Effect From Implausibly Invariant Data,Psychological Science,batch0011/a000139/a000139_article.pdf,1
batch0062,matthew,2020-04-28,2020-04-28,a000139,"Hilgard, Joseph",2019,Comment on Yoon and Vargas (2014): An Implausibly Large Effect From Implausibly Invariant Data,Psychological Science,batch0062/a000139/a000139_article.pdf,1
batch0024,andy,2020-04-07,2020-04-07,a000143,"Amiot, Catherine E.; Lépine, Olivier; Zaky, Julie",2019,Compartmentalization of Animals: Toward an Understanding of How We Create Cognitive Distinctions between Animals and Their Implications,Analyses of Social Issues and Public Policy,batch0024/a000143/a000143_article.pdf,1
batch0056,oliver,2020-04-25,2020-04-25,a000143,"Amiot, Catherine E.; Lépine, Olivier; Zaky, Julie",2019,Compartmentalization of Animals: Toward an Understanding of How We Create Cognitive Distinctions between Animals and Their Implications,Analyses of Social Issues and Public Policy,batch0056/a000143/a000143_article.pdf,1
batch0024,andy,2020-04-07,2020-04-07,a000146,"Kievit, Rogier A.; Lindenberger, Ulman; Goodyer, Ian M.; Jones, Peter B.; Fonagy, Peter; Bullmore, Edward T.; Network, the Neuroscience in Psychiatry; Dolan, Raymond J.",2017,Mutualistic Coupling Between Vocabulary and Reasoning Supports Cognitive Development During Late Adolescence and Early Adulthood,Psychological Science,batch0024/a000146/a000146_article.pdf,1
batch0061,oliver,2020-04-27,2020-04-27,a000146,"Kievit, Rogier A.; Lindenberger, Ulman; Goodyer, Ian M.; Jones, Peter B.; Fonagy, Peter; Bullmore, Edward T.; Network, the Neuroscience in Psychiatry; Dolan, Raymond J.",2017,Mutualistic Coupling Between Vocabulary and Reasoning Supports Cognitive Development During Late Adolescence and Early Adulthood,Psychological Science,batch0061/a000146/a000146_article.pdf,1
batch0901,steve,2020-06-25,2020-06-25,a000162,"Piccioni, Gaia; Dettmering, Denise; Bosch, Wolfgang; Seitz, Florian",2019,TICON: TIdal CONstants based on GESLA sea-level records from globally located tide gauges,Geoscience Data Journal,Refer to Zotero library for PDF/link,1
batch0901,andy,2020-06-25,2020-06-25,a000162,"Piccioni, Gaia; Dettmering, Denise; Bosch, Wolfgang; Seitz, Florian",2019,TICON: TIdal CONstants based on GESLA sea-level records from globally located tide gauges,Geoscience Data Journal,Refer to Zotero library for PDF/link,1
batch0901,steve,2020-06-25,2020-06-25,a000171,"Diviacco, Paolo; Carlino, Marco Firetto; Busato, Alessandro",2019,Enhancing the value of public vintage seismic data in the Italian offshore,Geoscience Data Journal,Refer to Zotero library for PDF/link,1
batch0901,andy,2020-06-25,2020-06-25,a000171,"Diviacco, Paolo; Carlino, Marco Firetto; Busato, Alessandro",2019,Enhancing the value of public vintage seismic data in the Italian offshore,Geoscience Data Journal,Refer to Zotero library for PDF/link,1
batch0024,andy,2020-04-07,2020-04-07,a000182,"Sweetman, Joseph; Maio, Gregory R.; Spears, Russell; Manstead, Antony S. R.; Livingstone, Andrew G.",2019,Attitude toward protest uniquely predicts (normative and nonnormative) political action by (advantaged and disadvantaged) group members,Journal of Experimental Social Psychology,batch0024/a000182/a000182_article.pdf,1
batch0056,oliver,2020-04-25,2020-04-25,a000182,"Sweetman, Joseph; Maio, Gregory R.; Spears, Russell; Manstead, Antony S. R.; Livingstone, Andrew G.",2019,Attitude toward protest uniquely predicts (normative and nonnormative) political action by (advantaged and disadvantaged) group members,Journal of Experimental Social Psychology,batch0056/a000182/a000182_article.pdf,1
batch0024,andy,2020-04-07,2020-04-07,a000197,"Porter, Shanette C.; Rheinschmidt-Same, Michelle; Richeson, Jennifer A.",2016,Inferring Identity From Language: Linguistic Intergroup Bias Informs Social Categorization,Psychological Science,batch0024/a000197/a000197_article.pdf,1
batch0063,oliver,2020-04-28,2020-04-28,a000197,"Porter, Shanette C.; Rheinschmidt-Same, Michelle; Richeson, Jennifer A.",2016,Inferring Identity From Language: Linguistic Intergroup Bias Informs Social Categorization,Psychological Science,batch0063/a000197/a000197_article.pdf,1
batch0901,steve,2020-06-25,2020-06-25,a000210,"Pro, Carmen; Vaquero, José M.; Merino-Pizarro, Dámaris",2018,Early geomagnetic data from the Astronomical Observatory of Madrid (1879–1901),Geoscience Data Journal,Refer to Zotero library for PDF/link,1
batch0901,andy,2020-06-25,2020-06-25,a000210,"Pro, Carmen; Vaquero, José M.; Merino-Pizarro, Dámaris",2018,Early geomagnetic data from the Astronomical Observatory of Madrid (1879–1901),Geoscience Data Journal,Refer to Zotero library for PDF/link,1
batch0026,sophia,2020-04-08,2020-04-08,a000212,"Bürkner, Paul-Christian; Vuorre, Matti",2019,Ordinal Regression Models in Psychology: A Tutorial,Advances in Methods and Practices in Psychological Science,batch0026/a000212/a000212_article.pdf,1
batch0062,matthew,2020-04-28,2020-04-28,a000212,"Bürkner, Paul-Christian; Vuorre, Matti",2019,Ordinal Regression Models in Psychology: A Tutorial,Advances in Methods and Practices in Psychological Science,batch0062/a000212/a000212_article.pdf,1
batch0901,steve,2020-06-25,2020-06-25,a000227,"Cordeiro, Marcos R. C.; Vanrobaeys, Jason A.; Wilson, Henry F.",2019,"Long-term weather, streamflow, and water chemistry datasets for hydrological modelling applications at the upper La Salle River watershed in Manitoba, Canada",Geoscience Data Journal,Refer to Zotero library for PDF/link,1
batch0901,andy,2020-06-25,2020-06-25,a000227,"Cordeiro, Marcos R. C.; Vanrobaeys, Jason A.; Wilson, Henry F.",2019,"Long-term weather, streamflow, and water chemistry datasets for hydrological modelling applications at the upper La Salle River watershed in Manitoba, Canada",Geoscience Data Journal,Refer to Zotero library for PDF/link,1
batch0901,steve,2020-06-25,2020-06-25,a000269,"Verbeurgt, Jeffrey; Camp, Michel Van; Stal, Cornelis; Camelbeeck, Thierry; Sloover, Lars De; Poppe, Hans; Declercq, Pierre-Yves; Voet, Pierre; Constales, Denis; Troch, Peter; Maeyer, Philippe De; Wulf, Alain De",2019,The gravity database for Belgium,Geoscience Data Journal,Refer to Zotero library for PDF/link,1
batch0901,andy,2020-06-25,2020-06-25,a000269,"Verbeurgt, Jeffrey; Camp, Michel Van; Stal, Cornelis; Camelbeeck, Thierry; Sloover, Lars De; Poppe, Hans; Declercq, Pierre-Yves; Voet, Pierre; Constales, Denis; Troch, Peter; Maeyer, Philippe De; Wulf, Alain De",2019,The gravity database for Belgium,Geoscience Data Journal,Refer to Zotero library for PDF/link,1
batch0901,steve,2020-06-25,2020-06-25,a000270,"Sewell, Jamie; Witcher, Robert",2015,Urbanism in Ancient Peninsular Italy: developing a methodology for a database analysis of higher order settlements (350 BCE to 300 CE),Internet Archaeology,Refer to Zotero library for PDF/link,1
batch0901,andy,2020-06-25,2020-06-25,a000270,"Sewell, Jamie; Witcher, Robert",2015,Urbanism in Ancient Peninsular Italy: developing a methodology for a database analysis of higher order settlements (350 BCE to 300 CE),Internet Archaeology,Refer to Zotero library for PDF/link,1
batch0018,sophia,2020-04-07,2020-04-07,a000301,"Grabot, Laetitia; Wassenhove, Virginie van",2017,Time Order as Psychological Bias,Psychological Science,batch0018/a000301/a000301_article.pdf,1
batch0062,matthew,2020-04-28,2020-04-28,a000301,"Grabot, Laetitia; Wassenhove, Virginie van",2017,Time Order as Psychological Bias,Psychological Science,batch0062/a000301/a000301_article.pdf,1
batch0024,andy,2020-04-07,2020-04-07,a000330,"Tuxhorn, Kim-Lee; D'Attoma, John W.; Steinmo, Sven",2019,Trust in institutions: Narrowing the ideological gap over the federal budget,Journal of Behavioral Public Administration,batch0024/a000330/a000330_article.pdf,1
batch0058,oliver,2020-04-26,2020-04-26,a000330,"Tuxhorn, Kim-Lee; D'Attoma, John W.; Steinmo, Sven",2019,Trust in institutions: Narrowing the ideological gap over the federal budget,Journal of Behavioral Public Administration,batch0058/a000330/a000330_article.pdf,1
batch0901,steve,2020-06-25,2020-06-25,a000359,Framework Archaeology,2014,Heathrow Terminal 5 Excavation Archive (Data Paper),Internet Archaeology,Refer to Zotero library for PDF/link,1
batch0901,andy,2020-06-25,2020-06-25,a000359,Framework Archaeology,2014,Heathrow Terminal 5 Excavation Archive (Data Paper),Internet Archaeology,Refer to Zotero library for PDF/link,1
batch0012,kongmanas,2020-04-03,2020-04-03,a000369,"Przybylski, Andrew K.; Weinstein, Netta",2019,Investigating the Motivational and Psychosocial Dynamics of Dysregulated Gaming: Evidence From a Preregistered Cohort Study,Clinical Psychological Science,batch0012/a000369/a000369_article.pdf,1
batch0062,matthew,2020-04-28,2020-04-28,a000369,"Przybylski, Andrew K.; Weinstein, Netta",2019,Investigating the Motivational and Psychosocial Dynamics of Dysregulated Gaming: Evidence From a Preregistered Cohort Study,Clinical Psychological Science,batch0062/a000369/a000369_article.pdf,1
batch0024,andy,2020-04-07,2020-04-07,a000380,"Lloyd, E. Paige; Hugenberg, Kurt; McConnell, Allen R.; Kunstman, Jonathan W.; Deska, Jason C.",2017,Black and White Lies: Race-Based Biases in Deception Judgments,Psychological Science,batch0024/a000380/a000380_article.pdf,1
batch0048,evelyn,2020-04-22,2020-04-22,a000380,"Lloyd, E. Paige; Hugenberg, Kurt; McConnell, Allen R.; Kunstman, Jonathan W.; Deska, Jason C.",2017,Black and White Lies: Race-Based Biases in Deception Judgments,Psychological Science,batch0048/a000380/a000380_article.pdf,1
batch0040,evelyn,2020-04-19,2020-04-19,a000383,"Fuente, Juanma de la; Santiago, Julio; Román, Antonio; Dumitrache, Cristina; Casasanto, Daniel",2014,"When You Think About It, Your Past Is in Front of You: How Culture Shapes Spatial Conceptions of Time",Psychological Science,batch0040/a000383/a000383_article.pdf,1
batch0062,matthew,2020-04-28,2020-04-28,a000383,"Fuente, Juanma de la; Santiago, Julio; Román, Antonio; Dumitrache, Cristina; Casasanto, Daniel",2014,"When You Think About It, Your Past Is in Front of You: How Culture Shapes Spatial Conceptions of Time",Psychological Science,batch0062/a000383/a000383_article.pdf,1
batch0024,andy,2020-04-07,2020-04-07,a000393,"Fradkin, Isaac; Eitam, Baruch; Strauss, Asher Y.; Huppert, Jonathan D.",2019,"Thoughts as Unexpected Intruders: Context, Obsessive-Compulsive Symptoms, and the Sense of Agency Over Thoughts",Clinical Psychological Science,batch0024/a000393/a000393_article.pdf,1
batch0042,matthew,2020-04-19,2020-04-19,a000393,"Fradkin, Isaac; Eitam, Baruch; Strauss, Asher Y.; Huppert, Jonathan D.",2019,"Thoughts as Unexpected Intruders: Context, Obsessive-Compulsive Symptoms, and the Sense of Agency Over Thoughts",Clinical Psychological Science,batch0042/a000393/a000393_article.pdf,1
batch0901,steve,2020-06-25,2020-06-25,a000394,"Titone, Debra; Tiv, Mehrgol; Pexman, Penny M.",2018,The status of women cognitive scientists in Canada: Insights from publicly available NSERC funding data,Canadian Journal of Experimental Psychology,Refer to Zotero library for PDF/link,1
batch0901,andy,2020-06-25,2020-06-25,a000394,"Titone, Debra; Tiv, Mehrgol; Pexman, Penny M.",2018,The status of women cognitive scientists in Canada: Insights from publicly available NSERC funding data,Canadian Journal of Experimental Psychology,Refer to Zotero library for PDF/link,1
batch0901,steve,2020-06-25,2020-06-25,a000395,"Teleti, Praveen R.; Rees, W. G.; Dowdeswell, Julian A.; Wilkinson, Clive",2019,A historical Southern Ocean climate dataset from whaling ships’ logbooks,Geoscience Data Journal,Refer to Zotero library for PDF/link,1
batch0901,andy,2020-06-25,2020-06-25,a000395,"Teleti, Praveen R.; Rees, W. G.; Dowdeswell, Julian A.; Wilkinson, Clive",2019,A historical Southern Ocean climate dataset from whaling ships’ logbooks,Geoscience Data Journal,Refer to Zotero library for PDF/link,1
batch0901,steve,2020-06-25,2020-06-25,a000398,"Reavie, Euan D.; Cai, Meijun; Brown, Terry N.",2018,Historical watershed stressors for the Laurentian Great Lakes,Geoscience Data Journal,Refer to Zotero library for PDF/link,1
batch0901,andy,2020-06-25,2020-06-25,a000398,"Reavie, Euan D.; Cai, Meijun; Brown, Terry N.",2018,Historical watershed stressors for the Laurentian Great Lakes,Geoscience Data Journal,Refer to Zotero library for PDF/link,1
batch0034,evelyn,2020-04-15,2020-04-15,a000406,"Cha, Oakyoon; Chong, Sang Chul",2018,Perceived Average Orientation Reflects Effective Gist of the Surface,Psychological Science,batch0034/a000406/a000406_article.pdf,1
batch0062,matthew,2020-04-28,2020-04-28,a000406,"Cha, Oakyoon; Chong, Sang Chul",2018,Perceived Average Orientation Reflects Effective Gist of the Surface,Psychological Science,batch0062/a000406/a000406_article.pdf,1
batch0901,steve,2020-06-25,2020-06-25,a000418,"Milner, Nicky; Bamforth, Michael; Beale, Gareth; Carty, Julian C.; Chatzipanagis, Konstantinos; Croft, Shannon; Conneller, Chantal; Elliott, Ben; Fitton, Laura C.; Knight, Becky; Kr�ger, Roland; Aim�e Little; Needham, Andy; Robson, Harry K.; Rowley, Charlotte C. A.; Taylor, Barry",2016,A Unique Engraved Shale Pendant from the Site of Star Carr: the oldest Mesolithic art in Britain,Internet Archaeology,Refer to Zotero library for PDF/link,1
batch0901,andy,2020-06-25,2020-06-25,a000418,"Milner, Nicky; Bamforth, Michael; Beale, Gareth; Carty, Julian C.; Chatzipanagis, Konstantinos; Croft, Shannon; Conneller, Chantal; Elliott, Ben; Fitton, Laura C.; Knight, Becky; Kr�ger, Roland; Aim�e Little; Needham, Andy; Robson, Harry K.; Rowley, Charlotte C. A.; Taylor, Barry",2016,A Unique Engraved Shale Pendant from the Site of Star Carr: the oldest Mesolithic art in Britain,Internet Archaeology,Refer to Zotero library for PDF/link,1
batch0901,steve,2020-06-25,2020-06-25,a000420,"Hawkins, Ed; Burt, Stephen; Brohan, Philip; Lockwood, Michael; Richardson, Harriett; Roy, Marjory; Thomas, Simon",2019,Hourly weather observations from the Scottish Highlands (1883–1904) rescued by volunteer citizen scientists,Geoscience Data Journal,Refer to Zotero library for PDF/link,1
batch0901,andy,2020-06-25,2020-06-25,a000420,"Hawkins, Ed; Burt, Stephen; Brohan, Philip; Lockwood, Michael; Richardson, Harriett; Roy, Marjory; Thomas, Simon",2019,Hourly weather observations from the Scottish Highlands (1883–1904) rescued by volunteer citizen scientists,Geoscience Data Journal,Refer to Zotero library for PDF/link,1
batch0901,steve,2020-06-25,2020-06-25,a000426,"Hollis, Dan; McCarthy, Mark; Kendon, Michael; Legg, Tim; Simpson, Ian",2019,HadUK-Grid—A new UK dataset of gridded climate observations,Geoscience Data Journal,Refer to Zotero library for PDF/link,1
batch0901,andy,2020-06-25,2020-06-25,a000426,"Hollis, Dan; McCarthy, Mark; Kendon, Michael; Legg, Tim; Simpson, Ian",2019,HadUK-Grid—A new UK dataset of gridded climate observations,Geoscience Data Journal,Refer to Zotero library for PDF/link,1
batch0901,steve,2020-06-25,2020-06-25,a000443,"Smith, Shawn R.; Briggs, Kristen; Bourassa, Mark A.; Elya, Jocelyn; Paver, Christopher R.",2018,Shipboard automated meteorological and oceanographic system data archive: 2005–2017,Geoscience Data Journal,Refer to Zotero library for PDF/link,1
batch0901,andy,2020-06-25,2020-06-25,a000443,"Smith, Shawn R.; Briggs, Kristen; Bourassa, Mark A.; Elya, Jocelyn; Paver, Christopher R.",2018,Shipboard automated meteorological and oceanographic system data archive: 2005–2017,Geoscience Data Journal,Refer to Zotero library for PDF/link,1
batch0024,andy,2020-04-07,2020-04-07,a000444,"Gale, Jessica; Staerklé, Christian",2019,Multiculturalism in classically liberal societies: Group membership and compatibility between individual and collective justice,Journal of Experimental Social Psychology,batch0024/a000444/a000444_article.pdf,1
batch0060,michelle,2020-04-27,2020-04-27,a000444,"Gale, Jessica; Staerklé, Christian",2019,Multiculturalism in classically liberal societies: Group membership and compatibility between individual and collective justice,Journal of Experimental Social Psychology,batch0060/a000444/a000444_article.pdf,1
batch0035,michelle,2020-04-15,2020-04-15,a000464,"Brod, Garvin; Bunge, Silvia A.; Shing, Yee Lee",2017,Does One Year of Schooling Improve Children’s Cognitive Control and Alter Associated Brain Activation?,Psychological Science,batch0035/a000464/a000464_article.pdf,1
batch0062,matthew,2020-04-28,2020-04-28,a000464,"Brod, Garvin; Bunge, Silvia A.; Shing, Yee Lee",2017,Does One Year of Schooling Improve Children’s Cognitive Control and Alter Associated Brain Activation?,Psychological Science,batch0062/a000464/a000464_article.pdf,1
batch0901,steve,2020-06-25,2020-06-25,a000494,"Brönnimann, Stefan; Brugnara, Yuri; Allan, Rob J.; Brunet, Manola; Compo, Gilbert P.; Crouthamel, Richard I.; Jones, Philip D.; Jourdain, Sylvie; Luterbacher, Jürg; Siegmund, Peter; Valente, Maria Antónia; Wilkinson, Clive W.",2018,A roadmap to climate data rescue services,Geoscience Data Journal,Refer to Zotero library for PDF/link,1
batch0901,andy,2020-06-25,2020-06-25,a000494,"Brönnimann, Stefan; Brugnara, Yuri; Allan, Rob J.; Brunet, Manola; Compo, Gilbert P.; Crouthamel, Richard I.; Jones, Philip D.; Jourdain, Sylvie; Luterbacher, Jürg; Siegmund, Peter; Valente, Maria Antónia; Wilkinson, Clive W.",2018,A roadmap to climate data rescue services,Geoscience Data Journal,Refer to Zotero library for PDF/link,1
batch0901,steve,2020-06-25,2020-06-25,a000527,"Brugnara, Yuri; Good, Elizabeth; Squintu, Antonello A.; Schrier, Gerard van der; Brönnimann, Stefan",2019,The EUSTACE global land station daily air temperature dataset,Geoscience Data Journal,Refer to Zotero library for PDF/link,1
batch0901,andy,2020-06-25,2020-06-25,a000527,"Brugnara, Yuri; Good, Elizabeth; Squintu, Antonello A.; Schrier, Gerard van der; Brönnimann, Stefan",2019,The EUSTACE global land station daily air temperature dataset,Geoscience Data Journal,Refer to Zotero library for PDF/link,1
batch0024,andy,2020-04-07,2020-04-07,a000540,"Fisher, Alexandra N.; Sakaluk, John K.",2019,"Are single people a stigmatized 'group'? Evidence from examinations of social identity, entitativity, and perceived responsibility",Journal of Experimental Social Psychology,batch0024/a000540/a000540_article.pdf,1
batch0057,sophia,2020-04-26,2020-04-26,a000540,"Fisher, Alexandra N.; Sakaluk, John K.",2019,"Are single people a stigmatized 'group'? Evidence from examinations of social identity, entitativity, and perceived responsibility",Journal of Experimental Social Psychology,batch0057/a000540/a000540_article.pdf,1
batch0040,evelyn,2020-04-19,2020-04-19,a000562,"Duma, Gian Marco; Mento, Giovanni; Cutini, Simone; Sessa, Paola; Baillet, Sylvain; Brigadoi, Sabrina; Dell'Acqua, Roberto",2019,Functional dissociation of anterior cingulate cortex and intraparietal sulcus in visual working memory,Cortex,batch0040/a000562/a000562_article.pdf,1
batch0062,matthew,2020-04-28,2020-04-28,a000562,"Duma, Gian Marco; Mento, Giovanni; Cutini, Simone; Sessa, Paola; Baillet, Sylvain; Brigadoi, Sabrina; Dell'Acqua, Roberto",2019,Functional dissociation of anterior cingulate cortex and intraparietal sulcus in visual working memory,Cortex,batch0062/a000562/a000562_article.pdf,1
batch0032,sophia,2020-04-15,2020-04-15,a000565,"Morey, Richard D.; Homer, Saskia; Proulx, Travis",2018,Beyond Statistics: Accepting the Null Hypothesis in Mature Sciences,Advances in Methods and Practices in Psychological Science,batch0032/a000565/a000565_article.pdf,1
batch0062,matthew,2020-04-28,2020-04-28,a000565,"Morey, Richard D.; Homer, Saskia; Proulx, Travis",2018,Beyond Statistics: Accepting the Null Hypothesis in Mature Sciences,Advances in Methods and Practices in Psychological Science,batch0062/a000565/a000565_article.pdf,1
batch0024,andy,2020-04-07,2020-04-07,a000570,"Paglayan, Agustina S.",2019,Public-Sector Unions and the Size of Government,American Journal of Political Science,batch0024/a000570/a000570_article.pdf,1
batch0042,matthew,2020-04-19,2020-04-19,a000570,"Paglayan, Agustina S.",2019,Public-Sector Unions and the Size of Government,American Journal of Political Science,batch0042/a000570/a000570_article.pdf,1
batch0901,steve,2020-06-25,2020-06-25,a000618,"University of Bristol; Gray, Stephen",2015,UAV Aerial Survey – Blackquarries Hill Long Barrow (Data Paper),Internet Archaeology,Refer to Zotero library for PDF/link,1
batch0901,andy,2020-06-25,2020-06-25,a000618,"University of Bristol; Gray, Stephen",2015,UAV Aerial Survey – Blackquarries Hill Long Barrow (Data Paper),Internet Archaeology,Refer to Zotero library for PDF/link,1
batch0024,andy,2020-04-07,2020-04-07,a000631,"Gülgöz, Selin; Gomez, Eric M.; DeMeules, Madeleine R.; Olson, Kristina R.",2018,Children’s Evaluation and Categorization of Transgender Children,Journal of Cognition and Development,batch0024/a000631/a000631_article.pdf,1
batch0051,oliver,2020-04-23,2020-04-23,a000631,"Gülgöz, Selin; Gomez, Eric M.; DeMeules, Madeleine R.; Olson, Kristina R.",2018,Children’s Evaluation and Categorization of Transgender Children,Journal of Cognition and Development,batch0051/a000631/a000631_article.pdf,1
batch0901,steve,2020-06-25,2020-06-25,a000681,"Alford, A. Addison; Biggerstaff, Michael I.; Carrie, Gordon D.",2019,Mobile ground-based SMART radar observations and wind retrievals during the landfall of Hurricane Harvey (2017),Geoscience Data Journal,Refer to Zotero library for PDF/link,1
batch0901,andy,2020-06-25,2020-06-25,a000681,"Alford, A. Addison; Biggerstaff, Michael I.; Carrie, Gordon D.",2019,Mobile ground-based SMART radar observations and wind retrievals during the landfall of Hurricane Harvey (2017),Geoscience Data Journal,Refer to Zotero library for PDF/link,1
batch0901,steve,2020-06-25,2020-06-25,a000683,"Riris, Philip; Corteletti, Rafael",2015,"A New Record of Pre-Columbian Engravings in Urubici (SC), Brazil using Polynomial Texture Mapping",Internet Archaeology,Refer to Zotero library for PDF/link,1
batch0901,andy,2020-06-25,2020-06-25,a000683,"Riris, Philip; Corteletti, Rafael",2015,"A New Record of Pre-Columbian Engravings in Urubici (SC), Brazil using Polynomial Texture Mapping",Internet Archaeology,Refer to Zotero library for PDF/link,1
batch0901,steve,2020-06-25,2020-06-25,a000686,"Lefrancq, Coline; Hawkes, Jason; C.m, Jaseera; Mohanty, R. K.",2019,A Typology of Practice: The Archaeological Ceramics from Mahurjhari,Internet Archaeology,Refer to Zotero library for PDF/link,1
batch0901,andy,2020-06-25,2020-06-25,a000686,"Lefrancq, Coline; Hawkes, Jason; C.m, Jaseera; Mohanty, R. K.",2019,A Typology of Practice: The Archaeological Ceramics from Mahurjhari,Internet Archaeology,Refer to Zotero library for PDF/link,1
batch0901,steve,2020-06-25,2020-06-25,a000696,"Slonosky, Victoria; Sieber, Renée; Burr, Gordon; Podolsky, Lori; Smith, Robert; Bartlett, Madeleine; Park, Eun; Cullen, Jeremy; Fabry, Frédéric",2019,From books to bytes: A new data rescue tool,Geoscience Data Journal,Refer to Zotero library for PDF/link,1
batch0901,andy,2020-06-25,2020-06-25,a000696,"Slonosky, Victoria; Sieber, Renée; Burr, Gordon; Podolsky, Lori; Smith, Robert; Bartlett, Madeleine; Park, Eun; Cullen, Jeremy; Fabry, Frédéric",2019,From books to bytes: A new data rescue tool,Geoscience Data Journal,Refer to Zotero library for PDF/link,1
batch0901,steve,2020-06-25,2020-06-25,a000698,"Coyle, Mhairi; Cape, John N.; Flechard, Chris; Fowler, David; Helfter, Carole; Jones, Mathew; Kentisbeer, John; Leeson, Sarah R.; Leith, Ian D.; Mullinger, Neil; Nemitz, Eiko; Roberts, Elin; Simmons, Ivan; Storeton‐West, Robert; Twigg, Marsailidh; Dijk, Netty Van",2019,Meteorological measurements at Auchencorth Moss from 1995 to 2016,Geoscience Data Journal,Refer to Zotero library for PDF/link,1
batch0901,andy,2020-06-25,2020-06-25,a000698,"Coyle, Mhairi; Cape, John N.; Flechard, Chris; Fowler, David; Helfter, Carole; Jones, Mathew; Kentisbeer, John; Leeson, Sarah R.; Leith, Ian D.; Mullinger, Neil; Nemitz, Eiko; Roberts, Elin; Simmons, Ivan; Storeton‐West, Robert; Twigg, Marsailidh; Dijk, Netty Van",2019,Meteorological measurements at Auchencorth Moss from 1995 to 2016,Geoscience Data Journal,Refer to Zotero library for PDF/link,1
batch0024,andy,2020-04-07,2020-04-07,a000714,"Baker, Derek; Chartier, Christopher R.",2018,Participant Attentiveness to Consent Forms,Psi Chi Journal of Psychological Research,batch0024/a000714/a000714_article.pdf,1
batch0063,oliver,2020-04-28,2020-04-28,a000714,"Baker, Derek; Chartier, Christopher R.",2018,Participant Attentiveness to Consent Forms,Psi Chi Journal of Psychological Research,batch0063/a000714/a000714_article.pdf,1
batch0901,steve,2020-06-25,2020-06-25,a000717,"Greybush, Steven J.; Kalnay, Eugenia; Wilson, R. John; Hoffman, Ross N.; Nehrkorn, Thomas; Leidner, Mark; Eluszkiewicz, Janusz; Gillespie, Hartzel E.; Wespetal, Matthew; Zhao, Yongjing; Hoffman, Matthew; Dudas, Patrick; McConnochie, Timothy; Kleinböhl, Armin; Kass, David; McCleese, Daniel; Miyoshi, Takemasa",2019,The Ensemble Mars Atmosphere Reanalysis System (EMARS) Version 1.0,Geoscience Data Journal,Refer to Zotero library for PDF/link,1
batch0901,andy,2020-06-25,2020-06-25,a000717,"Greybush, Steven J.; Kalnay, Eugenia; Wilson, R. John; Hoffman, Ross N.; Nehrkorn, Thomas; Leidner, Mark; Eluszkiewicz, Janusz; Gillespie, Hartzel E.; Wespetal, Matthew; Zhao, Yongjing; Hoffman, Matthew; Dudas, Patrick; McConnochie, Timothy; Kleinböhl, Armin; Kass, David; McCleese, Daniel; Miyoshi, Takemasa",2019,The Ensemble Mars Atmosphere Reanalysis System (EMARS) Version 1.0,Geoscience Data Journal,Refer to Zotero library for PDF/link,1
batch0019,nguyenlam,2020-04-07,2020-04-07,a000722,"Eisenbruch, Adar B.; Simmons, Zachary L.; Roney, James R.",2015,Lady in Red: Hormonal Predictors of Women’s Clothing Choices,Psychological Science,batch0019/a000722/a000722_article.pdf,1
batch0062,matthew,2020-04-28,2020-04-28,a000722,"Eisenbruch, Adar B.; Simmons, Zachary L.; Roney, James R.",2015,Lady in Red: Hormonal Predictors of Women’s Clothing Choices,Psychological Science,batch0062/a000722/a000722_article.pdf,1
batch0038,kongmanas,2020-04-17,2020-04-17,a000723,"Paulus, Andrea; Wentura, Dirk",2018,Implicit evaluations of faces depend on emotional expression and group membership,Journal of Experimental Social Psychology,batch0038/a000723/a000723_article.pdf,1
batch0062,matthew,2020-04-28,2020-04-28,a000723,"Paulus, Andrea; Wentura, Dirk",2018,Implicit evaluations of faces depend on emotional expression and group membership,Journal of Experimental Social Psychology,batch0062/a000723/a000723_article.pdf,1
batch0901,steve,2020-06-25,2020-06-25,a000792,"Bell, Victoria A.; Kay, Alison L.; Rudd, Alison C.; Davies, Helen N.",2018,The MaRIUS-G2G datasets: Grid-to-Grid model estimates of flow and soil moisture for Great Britain using observed and climate model driving data,Geoscience Data Journal,Refer to Zotero library for PDF/link,1
batch0901,andy,2020-06-25,2020-06-25,a000792,"Bell, Victoria A.; Kay, Alison L.; Rudd, Alison C.; Davies, Helen N.",2018,The MaRIUS-G2G datasets: Grid-to-Grid model estimates of flow and soil moisture for Great Britain using observed and climate model driving data,Geoscience Data Journal,Refer to Zotero library for PDF/link,1
batch0901,steve,2020-06-25,2020-06-25,a000829,"Balmas, Meital",2018,"Tell Me Who Is Your Leader, and I Will Tell You Who You Are: Foreign Leaders’ Perceived Personality and Public Attitudes toward Their Countries and Citizenry",American Journal of Political Science,Refer to Zotero library for PDF/link,1
batch0901,andy,2020-06-25,2020-06-25,a000829,"Balmas, Meital",2018,"Tell Me Who Is Your Leader, and I Will Tell You Who You Are: Foreign Leaders’ Perceived Personality and Public Attitudes toward Their Countries and Citizenry",American Journal of Political Science,Refer to Zotero library for PDF/link,1
batch0901,steve,2020-06-25,2020-06-25,a000839,"Luo, Zhaotian; Rozenas, Arturas",2018,The Election Monitor's Curse,American Journal of Political Science,Refer to Zotero library for PDF/link,1
batch0901,andy,2020-06-25,2020-06-25,a000839,"Luo, Zhaotian; Rozenas, Arturas",2018,The Election Monitor's Curse,American Journal of Political Science,Refer to Zotero library for PDF/link,1
batch0901,steve,2020-06-25,2020-06-25,a000898,"Williams, Alan; Ulm, Sean; Smith, Mike; Reid, Jill",2014,"AustArch: A Database of 14C and Non-14C Ages from Archaeological Sites in Australia - Composition, Compilation and Review (Data Paper)",Internet Archaeology,Refer to Zotero library for PDF/link,1
batch0901,andy,2020-06-25,2020-06-25,a000898,"Williams, Alan; Ulm, Sean; Smith, Mike; Reid, Jill",2014,"AustArch: A Database of 14C and Non-14C Ages from Archaeological Sites in Australia - Composition, Compilation and Review (Data Paper)",Internet Archaeology,Refer to Zotero library for PDF/link,1
batch0901,steve,2020-06-25,2020-06-25,a000933,"Haynes, Kristine M.; Connon, Ryan F.; Quinton, William L.",2019,"Hydrometeorological measurements in peatland-dominated, discontinuous permafrost at Scotty Creek, Northwest Territories, Canada",Geoscience Data Journal,Refer to Zotero library for PDF/link,1
batch0901,andy,2020-06-25,2020-06-25,a000933,"Haynes, Kristine M.; Connon, Ryan F.; Quinton, William L.",2019,"Hydrometeorological measurements in peatland-dominated, discontinuous permafrost at Scotty Creek, Northwest Territories, Canada",Geoscience Data Journal,Refer to Zotero library for PDF/link,1
batch0027,kongmanas,2020-04-08,2020-04-08,a000941,"Lush, Peter; Caspar, Emilie A.; Cleeremans, Axel; Haggard, Patrick; Gama, Pedro Alexandre Magalhães De Saldanha da; Dienes, Zoltan",2017,The Power of Suggestion: Posthypnotically Induced Changes in the Temporal Binding of Intentional Action Outcomes,Psychological Science,batch0027/a000941/a000941_article.pdf,1
batch0062,matthew,2020-04-28,2020-04-28,a000941,"Lush, Peter; Caspar, Emilie A.; Cleeremans, Axel; Haggard, Patrick; Gama, Pedro Alexandre Magalhães De Saldanha da; Dienes, Zoltan",2017,The Power of Suggestion: Posthypnotically Induced Changes in the Temporal Binding of Intentional Action Outcomes,Psychological Science,batch0062/a000941/a000941_article.pdf,1
batch0901,steve,2020-06-25,2020-06-25,a000951,"Richards, Julian D.; Haldenby, Dave",2016,The Viking Great Army and its Legacy: plotting settlement shift using metal-detected finds,Internet Archaeology,Refer to Zotero library for PDF/link,1
batch0901,andy,2020-06-25,2020-06-25,a000951,"Richards, Julian D.; Haldenby, Dave",2016,The Viking Great Army and its Legacy: plotting settlement shift using metal-detected finds,Internet Archaeology,Refer to Zotero library for PDF/link,1
batch0040,evelyn,2020-04-19,2020-04-19,a000952,"Ward, Robert; Scott, Naomi Jane",2018,Cues to mental health from men’s facial appearance,Journal of Research in Personality,batch0040/a000952/a000952_article.pdf,1
batch0054,phuong,2020-04-24,2020-04-24,a000952,"Ward, Robert; Scott, Naomi Jane",2018,Cues to mental health from men’s facial appearance,Journal of Research in Personality,batch0054/a000952/a000952_article.pdf,1
batch0901,steve,2020-06-25,2020-06-25,a000959,"Speer, M. S.",2018,Digitization of weekly Murrumbidgee River heights at Hay South Eastern Australia 1873–2017,Geoscience Data Journal,Refer to Zotero library for PDF/link,1
batch0901,andy,2020-06-25,2020-06-25,a000959,"Speer, M. S.",2018,Digitization of weekly Murrumbidgee River heights at Hay South Eastern Australia 1873–2017,Geoscience Data Journal,Refer to Zotero library for PDF/link,1
batch0024,andy,2020-04-07,2020-04-07,a000962,"Holland, Kathryn J.",2019,Examining Responsible Employees’ Perceptions of Sexual Assault Reporting Requirements Under Federal and Institutional Policy,Analyses of Social Issues and Public Policy,batch0024/a000962/a000962_article.pdf,1
batch0053,evelyn,2020-04-24,2020-04-24,a000962,"Holland, Kathryn J.",2019,Examining Responsible Employees’ Perceptions of Sexual Assault Reporting Requirements Under Federal and Institutional Policy,Analyses of Social Issues and Public Policy,batch0053/a000962/a000962_article.pdf,1
batch0024,andy,2020-04-07,2020-04-07,a000963,"Pilditch, Toby D.; Fenton, Norman; Lagnado, David",2019,The Zero-Sum Fallacy in Evidence Evaluation,Psychological Science,batch0024/a000963/a000963_article.pdf,1
batch0046,kongmanas,2020-04-21,2020-04-21,a000963,"Pilditch, Toby D.; Fenton, Norman; Lagnado, David",2019,The Zero-Sum Fallacy in Evidence Evaluation,Psychological Science,batch0046/a000963/a000963_article.pdf,1
batch0026,sophia,2020-04-08,2020-04-08,a000965,"Charles, Sarah J.; Bartlett, James E.; Messick, Kyle J.; III, Thomas J. Coleman; Uzdavines, Alex",2019,Researcher Degrees of Freedom in the Psychology of Religion,The International Journal for the Psychology of Religion,batch0026/a000965/a000965_article.pdf,1
batch0062,matthew,2020-04-28,2020-04-28,a000965,"Charles, Sarah J.; Bartlett, James E.; Messick, Kyle J.; III, Thomas J. Coleman; Uzdavines, Alex",2019,Researcher Degrees of Freedom in the Psychology of Religion,The International Journal for the Psychology of Religion,batch0062/a000965/a000965_article.pdf,1
batch0036,adrian,2020-04-15,2020-04-15,a001017,"Freedman, Gili; Seidman, Max; Flanagan, Mary; Kaufman, Geoff; Green, Melanie C.",2018,The impact of an “aha” moment on gender biases: Limited evidence for the efficacy of a game intervention that challenges gender assumptions,Journal of Experimental Social Psychology,batch0036/a001017/a001017_article.pdf,1
batch0062,matthew,2020-04-28,2020-04-28,a001017,"Freedman, Gili; Seidman, Max; Flanagan, Mary; Kaufman, Geoff; Green, Melanie C.",2018,The impact of an “aha” moment on gender biases: Limited evidence for the efficacy of a game intervention that challenges gender assumptions,Journal of Experimental Social Psychology,batch0062/a001017/a001017_article.pdf,1
batch0024,andy,2020-04-07,2020-04-07,a001030,"Agrawal, Aakash; Hari, K. V. S.; Arun, S. P.",2019,Reading Increases the Compositionality of Visual Word Representations,Psychological Science,batch0024/a001030/a001030_article.pdf,1
batch0047,sophia,2020-04-22,2020-04-22,a001030,"Agrawal, Aakash; Hari, K. V. S.; Arun, S. P.",2019,Reading Increases the Compositionality of Visual Word Representations,Psychological Science,batch0047/a001030/a001030_article.pdf,1
batch0901,steve,2020-06-25,2020-06-25,a001037,"Kulke, Louisa; Rakoczy, Hannes",2019,Testing the Role of Verbal Narration in Implicit Theory of Mind Tasks,Journal of Cognition and Development,Refer to Zotero library for PDF/link,1
batch0901,andy,2020-06-25,2020-06-25,a001037,"Kulke, Louisa; Rakoczy, Hannes",2019,Testing the Role of Verbal Narration in Implicit Theory of Mind Tasks,Journal of Cognition and Development,Refer to Zotero library for PDF/link,1
batch0013,oliver,2020-04-03,2020-04-03,a001044,"Manca, Anna Dora; Di Russo, Francesco; Sigona, Francesco; Grimaldi, Mirko",2019,Electrophysiological evidence of phonemotopic representations of vowels in the primary and secondary auditory cortex,Cortex,batch0013/a001044/a001044_article.pdf,1
batch0062,matthew,2020-04-28,2020-04-28,a001044,"Manca, Anna Dora; Di Russo, Francesco; Sigona, Francesco; Grimaldi, Mirko",2019,Electrophysiological evidence of phonemotopic representations of vowels in the primary and secondary auditory cortex,Cortex,batch0062/a001044/a001044_article.pdf,1
batch0901,steve,2020-06-25,2020-06-25,a001073,"Wang, Chen; Mouche, Alexis; Tandeo, Pierre; Stopa, Justin E.; Longépé, Nicolas; Erhard, Guillaume; Foster, Ralph C.; Vandemark, Douglas; Chapron, Bertrand",2019,A labelled ocean SAR imagery dataset of ten geophysical phenomena from Sentinel-1 wave mode,Geoscience Data Journal,Refer to Zotero library for PDF/link,1
batch0901,andy,2020-06-25,2020-06-25,a001073,"Wang, Chen; Mouche, Alexis; Tandeo, Pierre; Stopa, Justin E.; Longépé, Nicolas; Erhard, Guillaume; Foster, Ralph C.; Vandemark, Douglas; Chapron, Bertrand",2019,A labelled ocean SAR imagery dataset of ten geophysical phenomena from Sentinel-1 wave mode,Geoscience Data Journal,Refer to Zotero library for PDF/link,1
batch0023,oliver,2020-04-07,2020-04-07,a001087,"Suessenbach, Felix; Loughnan, Steve; Schönbrodt, Felix D.; Moore, Adam B.",2019,"The Dominance, Prestige, and Leadership Account of Social Power Motives",European Journal of Personality,batch0023/a001087/a001087_article.pdf,1
batch0062,matthew,2020-04-28,2020-04-28,a001087,"Suessenbach, Felix; Loughnan, Steve; Schönbrodt, Felix D.; Moore, Adam B.",2019,"The Dominance, Prestige, and Leadership Account of Social Power Motives",European Journal of Personality,batch0062/a001087/a001087_article.pdf,1
batch0901,steve,2020-06-25,2020-06-25,a001111,"Bridgman, Howard; Ashcroft, Linden; Thornton, Ken; Gravio, Gionni Di; Oates, William",2019,"Meteorological observations for Eversleigh Station, near Armidale, New South Wales, Australia: 1877–1922",Geoscience Data Journal,Refer to Zotero library for PDF/link,1
batch0901,andy,2020-06-25,2020-06-25,a001111,"Bridgman, Howard; Ashcroft, Linden; Thornton, Ken; Gravio, Gionni Di; Oates, William",2019,"Meteorological observations for Eversleigh Station, near Armidale, New South Wales, Australia: 1877–1922",Geoscience Data Journal,Refer to Zotero library for PDF/link,1
batch0024,andy,2020-04-07,2020-04-07,a001114,"Colloff, Melissa F.; Wade, Kimberley A.; Strange, Deryn",2016,Unfair Lineups Make Witnesses More Likely to Confuse Innocent and Guilty Suspects,Psychological Science,batch0024/a001114/a001114_article.pdf,1
batch0042,matthew,2020-04-19,2020-04-19,a001114,"Colloff, Melissa F.; Wade, Kimberley A.; Strange, Deryn",2016,Unfair Lineups Make Witnesses More Likely to Confuse Innocent and Guilty Suspects,Psychological Science,batch0042/a001114/a001114_article.pdf,1
batch0039,michelle,2020-04-19,2020-04-19,a001129,"Anderson, Joel R.",2018,The prejudice against asylum seekers scale: presenting the psychometric properties of a new measure of classical and conditional attitudes,The Journal of Social Psychology,batch0039/a001129/a001129_article.pdf,1
batch0062,matthew,2020-04-28,2020-04-28,a001129,"Anderson, Joel R.",2018,The prejudice against asylum seekers scale: presenting the psychometric properties of a new measure of classical and conditional attitudes,The Journal of Social Psychology,batch0062/a001129/a001129_article.pdf,1
batch0901,steve,2020-06-25,2020-06-25,a001139,"Batalla, Meritxell; Ninyerola, Miquel; Catalan, Jordi",2018,Digital long-term topoclimate surfaces of the Pyrenees mountain range for the period 1950–2012,Geoscience Data Journal,Refer to Zotero library for PDF/link,1
batch0901,andy,2020-06-25,2020-06-25,a001139,"Batalla, Meritxell; Ninyerola, Miquel; Catalan, Jordi",2018,Digital long-term topoclimate surfaces of the Pyrenees mountain range for the period 1950–2012,Geoscience Data Journal,Refer to Zotero library for PDF/link,1
batch0024,andy,2020-04-07,2020-04-07,a001149,"Lee, Wanyi; Hayakawa, Takashi; Kiyono, Mieko; Yamabata, Naoto; Hanya, Goro",2019,Gut microbiota composition of Japanese macaques associates with extent of human encroachment,American Journal of Primatology,batch0024/a001149/a001149_article.pdf,1
batch0053,evelyn,2020-04-24,2020-04-24,a001149,"Lee, Wanyi; Hayakawa, Takashi; Kiyono, Mieko; Yamabata, Naoto; Hanya, Goro",2019,Gut microbiota composition of Japanese macaques associates with extent of human encroachment,American Journal of Primatology,batch0053/a001149/a001149_article.pdf,1
batch0901,steve,2020-06-25,2020-06-25,a001163,"Atkinson, Mark; Preston, Steve",2015,Heybridge: A late Iron Age and Roman settlement. Excavations at Elms Farm 1993-5. Volume 2,Internet Archaeology,Refer to Zotero library for PDF/link,1
batch0901,andy,2020-06-25,2020-06-25,a001163,"Atkinson, Mark; Preston, Steve",2015,Heybridge: A late Iron Age and Roman settlement. Excavations at Elms Farm 1993-5. Volume 2,Internet Archaeology,Refer to Zotero library for PDF/link,1
batch0024,andy,2020-04-07,2020-04-07,a001171,"Tiokhin, Leonid; Hruschka, Daniel",2017,"No Evidence That an Ebola Outbreak Influenced Voting Preferences in the 2014 Elections After Controlling for Time-Series Autocorrelation: A Commentary on Beall, Hofer, and Schaller (2016)",Psychological Science,batch0024/a001171/a001171_article.pdf,1
batch0057,sophia,2020-04-26,2020-04-26,a001171,"Tiokhin, Leonid; Hruschka, Daniel",2017,"No Evidence That an Ebola Outbreak Influenced Voting Preferences in the 2014 Elections After Controlling for Time-Series Autocorrelation: A Commentary on Beall, Hofer, and Schaller (2016)",Psychological Science,batch0057/a001171/a001171_article.pdf,1
batch0901,steve,2020-06-25,2020-06-25,a001184,"Matheson, Heath E.; Salmon, Josh P.; Tougas, Michelle; McMullen, Patricia A.",2018,Embodied object concepts: The contribution of structural and functional manipulability depends on available visual information,Canadian Journal of Experimental Psychology,Refer to Zotero library for PDF/link,1
batch0901,andy,2020-06-25,2020-06-25,a001184,"Matheson, Heath E.; Salmon, Josh P.; Tougas, Michelle; McMullen, Patricia A.",2018,Embodied object concepts: The contribution of structural and functional manipulability depends on available visual information,Canadian Journal of Experimental Psychology,Refer to Zotero library for PDF/link,1
batch0040,evelyn,2020-04-19,2020-04-19,a001188,"Batterink, Laura J.",2017,Rapid Statistical Learning Supporting Word Extraction From Continuous Speech,Psychological Science,batch0040/a001188/a001188_article.pdf,1
batch0063,oliver,2020-04-28,2020-04-28,a001188,"Batterink, Laura J.",2017,Rapid Statistical Learning Supporting Word Extraction From Continuous Speech,Psychological Science,batch0063/a001188/a001188_article.pdf,1
batch0901,steve,2020-06-25,2020-06-25,a001191,"Mistry, Malcolm N.",2019,Historical global gridded degree-days: A high-spatial resolution database of CDD and HDD,Geoscience Data Journal,Refer to Zotero library for PDF/link,1
batch0901,andy,2020-06-25,2020-06-25,a001191,"Mistry, Malcolm N.",2019,Historical global gridded degree-days: A high-spatial resolution database of CDD and HDD,Geoscience Data Journal,Refer to Zotero library for PDF/link,1
batch0032,sophia,2020-04-15,2020-04-15,a001195,"Schimke, Sarah; Fuente, Israel de la; Hemforth, Barbara; Colonna, Saveria",2018,First Language Influence on Second Language Offline and Online Ambiguous Pronoun Resolution,Language Learning,batch0032/a001195/a001195_article.pdf,1
batch0062,matthew,2020-04-28,2020-04-28,a001195,"Schimke, Sarah; Fuente, Israel de la; Hemforth, Barbara; Colonna, Saveria",2018,First Language Influence on Second Language Offline and Online Ambiguous Pronoun Resolution,Language Learning,batch0062/a001195/a001195_article.pdf,1
batch0024,andy,2020-04-07,2020-04-07,a001220,"Sullivan, Nicolette; Hutcherson, Cendri; Harris, Alison; Rangel, Antonio",2015,Dietary Self-Control Is Related to the Speed With Which Attributes of Healthfulness and Tastiness Are Processed,Psychological Science,batch0024/a001220/a001220_article.pdf,1
batch0043,phuong,2020-04-19,2020-04-19,a001220,"Sullivan, Nicolette; Hutcherson, Cendri; Harris, Alison; Rangel, Antonio",2015,Dietary Self-Control Is Related to the Speed With Which Attributes of Healthfulness and Tastiness Are Processed,Psychological Science,batch0043/a001220/a001220_article.pdf,1
batch0037,sophia,2020-04-17,2020-04-17,a001221,"Renshon, Jonathan; Dafoe, Allan; Huth, Paul",2018,Leader Influence and Reputation Formation in World Politics,American Journal of Political Science,batch0037/a001221/a001221_article.pdf,1
batch0063,oliver,2020-04-28,2020-04-28,a001221,"Renshon, Jonathan; Dafoe, Allan; Huth, Paul",2018,Leader Influence and Reputation Formation in World Politics,American Journal of Political Science,batch0063/a001221/a001221_article.pdf,1
batch0022,evelyn,2020-04-07,2020-04-07,a001234,"Pietri, Evava S.; Drawbaugh, Montana L.; Lewis, Arielle N.; Johnson, India R.",2019,Who encourages Latina women to feel a sense of identity-safety in STEM environments?,Journal of Experimental Social Psychology,batch0022/a001234/a001234_article.pdf,1
batch0063,oliver,2020-04-28,2020-04-28,a001234,"Pietri, Evava S.; Drawbaugh, Montana L.; Lewis, Arielle N.; Johnson, India R.",2019,Who encourages Latina women to feel a sense of identity-safety in STEM environments?,Journal of Experimental Social Psychology,batch0063/a001234/a001234_article.pdf,1
batch0024,andy,2020-04-07,2020-04-07,a001240,"Laurin, Kristin",2018,Inaugurating Rationalization: Three Field Studies Find Increased Rationalization When Anticipated Realities Become Current,Psychological Science,batch0024/a001240/a001240_article.pdf,1
batch0054,phuong,2020-04-24,2020-04-24,a001240,"Laurin, Kristin",2018,Inaugurating Rationalization: Three Field Studies Find Increased Rationalization When Anticipated Realities Become Current,Psychological Science,batch0054/a001240/a001240_article.pdf,1
batch0075,evelyn,2020-05-22,2020-05-22,a001240,"Laurin, Kristin",2018,Inaugurating Rationalization: Three Field Studies Find Increased Rationalization When Anticipated Realities Become Current,Psychological Science,batch0075/a001240/a001240_article.pdf,1
batch0032,sophia,2020-04-15,2020-04-15,a001261,"Lang, Jonas W. B.; Bliese, Paul D.; Adler, Amy B.",2019,Opening the Black Box: A Multilevel Framework for Studying Group Processes,Advances in Methods and Practices in Psychological Science,batch0032/a001261/a001261_article.pdf,1
batch0063,oliver,2020-04-28,2020-04-28,a001261,"Lang, Jonas W. B.; Bliese, Paul D.; Adler, Amy B.",2019,Opening the Black Box: A Multilevel Framework for Studying Group Processes,Advances in Methods and Practices in Psychological Science,batch0063/a001261/a001261_article.pdf,1
batch0901,steve,2020-06-25,2020-06-25,a001265,"Gruchy, Michelle de; Caswell, Edward; Edwards, James",2017,Velocity-Based Terrain Coefficients for Time-Based Models of Human Movement,Internet Archaeology,Refer to Zotero library for PDF/link,1
batch0901,andy,2020-06-25,2020-06-25,a001265,"Gruchy, Michelle de; Caswell, Edward; Edwards, James",2017,Velocity-Based Terrain Coefficients for Time-Based Models of Human Movement,Internet Archaeology,Refer to Zotero library for PDF/link,1
batch0901,steve,2020-06-25,2020-06-25,a001273,"Maxwell, Mhairi",2017,Power is in the Process: The ACCORD project,Internet Archaeology,Refer to Zotero library for PDF/link,1
batch0901,andy,2020-06-25,2020-06-25,a001273,"Maxwell, Mhairi",2017,Power is in the Process: The ACCORD project,Internet Archaeology,Refer to Zotero library for PDF/link,1
batch0016,evelyn,2020-04-03,2020-04-03,a001287,"Bohlken, Anjali Thomas",2018,Targeting Ordinary Voters or Political Elites? Why Pork Is Distributed Along Partisan Lines in India,American Journal of Political Science,batch0016/a001287/a001287_article.pdf,1
batch0054,phuong,2020-04-24,2020-04-24,a001287,"Bohlken, Anjali Thomas",2018,Targeting Ordinary Voters or Political Elites? Why Pork Is Distributed Along Partisan Lines in India,American Journal of Political Science,batch0054/a001287/a001287_article.pdf,1
batch0901,steve,2020-06-25,2020-06-25,a001293,"Mortelmans, Jonas; Goossens, Jolien; Martínez, Luz Amadei; Deneudt, Klaas; Cattrijsse, André; Hernandez, Francisco",2019,LifeWatch observatory data: Zooplankton observations in the Belgian part of the North Sea,Geoscience Data Journal,Refer to Zotero library for PDF/link,1
batch0901,andy,2020-06-25,2020-06-25,a001293,"Mortelmans, Jonas; Goossens, Jolien; Martínez, Luz Amadei; Deneudt, Klaas; Cattrijsse, André; Hernandez, Francisco",2019,LifeWatch observatory data: Zooplankton observations in the Belgian part of the North Sea,Geoscience Data Journal,Refer to Zotero library for PDF/link,1
batch0038,kongmanas,2020-04-17,2020-04-17,a001295,"Mabbe, Elien; Vansteenkiste, Maarten; Van der Kaap-Deeder, Jolene; Dieleman, Lisa; Mouratidis, Athanasios; Soenens, Bart",2018,The Role of Child Personality in Effects of Psychologically Controlling Parenting: An Examination at the Level of Daily Fluctuations,European Journal of Personality,batch0038/a001295/a001295_article.pdf,1
batch0062,matthew,2020-04-28,2020-04-28,a001295,"Mabbe, Elien; Vansteenkiste, Maarten; Van der Kaap-Deeder, Jolene; Dieleman, Lisa; Mouratidis, Athanasios; Soenens, Bart",2018,The Role of Child Personality in Effects of Psychologically Controlling Parenting: An Examination at the Level of Daily Fluctuations,European Journal of Personality,batch0062/a001295/a001295_article.pdf,1
batch0025,aniruddah,2020-04-08,2020-04-08,a001330,"Vaes, Jeroen; Bain, Paul G.; Bastian, Brock",2014,Embracing Humanity in the Face of Death: Why Do Existential Concerns Moderate Ingroup Humanization?,The Journal of Social Psychology,batch0025/a001330/a001330_article.pdf,1
batch0063,oliver,2020-04-28,2020-04-28,a001330,"Vaes, Jeroen; Bain, Paul G.; Bastian, Brock",2014,Embracing Humanity in the Face of Death: Why Do Existential Concerns Moderate Ingroup Humanization?,The Journal of Social Psychology,batch0063/a001330/a001330_article.pdf,1
batch0900,steve,2020-04-07,2020-04-07,a001338,"John, Leslie K.; Donnelly, Grant E.; Roberto, Christina A.",2017,Psychologically Informed Implementations of Sugary-Drink Portion Limits,Psychological Science,batch0900/a001338/a001338_article.pdf,1
batch0062,matthew,2020-04-28,2020-04-28,a001338,"John, Leslie K.; Donnelly, Grant E.; Roberto, Christina A.",2017,Psychologically Informed Implementations of Sugary-Drink Portion Limits,Psychological Science,batch0062/a001338/a001338_article.pdf,1
batch0024,andy,2020-04-07,2020-04-07,a001346,"Kim, Sung Eun; Margalit, Yotam",2017,Informed Preferences? The Impact of Unions on Workers' Policy Views,American Journal of Political Science,batch0024/a001346/a001346_article.pdf,1
batch0052,aniruddah,2020-04-23,2020-04-23,a001346,"Kim, Sung Eun; Margalit, Yotam",2017,Informed Preferences? The Impact of Unions on Workers' Policy Views,American Journal of Political Science,batch0052/a001346/a001346_article.pdf,1
batch0901,steve,2020-06-25,2020-06-25,a001356,"Wood, Jonathan; Hsu, Yi-Ting",2019,An Archaeometallurgical Explanation for the Disappearance of Egyptian and Near Eastern Cobalt-Blue Glass at the end of the Late Bronze Age,Internet Archaeology,Refer to Zotero library for PDF/link,1
batch0901,andy,2020-06-25,2020-06-25,a001356,"Wood, Jonathan; Hsu, Yi-Ting",2019,An Archaeometallurgical Explanation for the Disappearance of Egyptian and Near Eastern Cobalt-Blue Glass at the end of the Late Bronze Age,Internet Archaeology,Refer to Zotero library for PDF/link,1
batch0024,andy,2020-04-07,2020-04-07,a001362,"Petty, Taylor; Wiener, Richard L.",2019,"The Influence of Offender Race, Risk Level, and Participant Emotion on Juvenile Probation Case Judgments",Analyses of Social Issues and Public Policy,batch0024/a001362/a001362_article.pdf,1
batch0044,kongmanas,2020-04-19,2020-04-19,a001362,"Petty, Taylor; Wiener, Richard L.",2019,"The Influence of Offender Race, Risk Level, and Participant Emotion on Juvenile Probation Case Judgments",Analyses of Social Issues and Public Policy,batch0044/a001362/a001362_article.pdf,1
batch0025,aniruddah,2020-04-08,2020-04-08,a001382,"Hall, Deborah L.; Cohen, Adam B.; Meyer, Kaitlin K.; Varley, Allison H.; Brewer, Gene A.",2015,"Costly Signaling Increases Trust, Even Across Religious Affiliations",Psychological Science,batch0025/a001382/a001382_article.pdf,1
batch0063,oliver,2020-04-28,2020-04-28,a001382,"Hall, Deborah L.; Cohen, Adam B.; Meyer, Kaitlin K.; Varley, Allison H.; Brewer, Gene A.",2015,"Costly Signaling Increases Trust, Even Across Religious Affiliations",Psychological Science,batch0063/a001382/a001382_article.pdf,1
batch0024,andy,2020-04-07,2020-04-07,a001390,"Biderman, Natalie; Luria, Roy; Teodorescu, Andrei R.; Hajaj, Ron; Goshen-Gottstein, Yonatan",2019,Working Memory Has Better Fidelity Than Long-Term Memory: The Fidelity Constraint Is Not a General Property of Memory After All,Psychological Science,batch0024/a001390/a001390_article.pdf,1
batch0042,matthew,2020-04-19,2020-04-19,a001390,"Biderman, Natalie; Luria, Roy; Teodorescu, Andrei R.; Hajaj, Ron; Goshen-Gottstein, Yonatan",2019,Working Memory Has Better Fidelity Than Long-Term Memory: The Fidelity Constraint Is Not a General Property of Memory After All,Psychological Science,batch0042/a001390/a001390_article.pdf,1
batch0024,andy,2020-04-07,2020-04-07,a001405,"Hoffman, Lesa",2019,On the Interpretation of Parameters in Multivariate Multilevel Models Across Different Combinations of Model Specification and Estimation,Advances in Methods and Practices in Psychological Science,batch0024/a001405/a001405_article.pdf,1
batch0058,oliver,2020-04-26,2020-04-26,a001405,"Hoffman, Lesa",2019,On the Interpretation of Parameters in Multivariate Multilevel Models Across Different Combinations of Model Specification and Estimation,Advances in Methods and Practices in Psychological Science,batch0058/a001405/a001405_article.pdf,1
batch0024,andy,2020-04-07,2020-04-07,a001415,"Ito, Aine",2019,Prediction of orthographic information during listening comprehension: A printed-word visual world study,Quarterly Journal of Experimental Psychology,batch0024/a001415/a001415_article.pdf,1
batch0048,evelyn,2020-04-22,2020-04-22,a001415,"Ito, Aine",2019,Prediction of orthographic information during listening comprehension: A printed-word visual world study,Quarterly Journal of Experimental Psychology,batch0048/a001415/a001415_article.pdf,1
batch0901,steve,2020-06-25,2020-06-25,a001421,"Richardson, Lorna-Jane",2014,Understanding Archaeological Authority in a Digital Context,Internet Archaeology,Refer to Zotero library for PDF/link,1
batch0901,andy,2020-06-25,2020-06-25,a001421,"Richardson, Lorna-Jane",2014,Understanding Archaeological Authority in a Digital Context,Internet Archaeology,Refer to Zotero library for PDF/link,1
batch0901,steve,2020-06-25,2020-06-25,a001422,"Whittaker, Christopher",2019,"Breedon Hill, Leicestershire: new surveys and their implications",Internet Archaeology,Refer to Zotero library for PDF/link,1
batch0901,andy,2020-06-25,2020-06-25,a001422,"Whittaker, Christopher",2019,"Breedon Hill, Leicestershire: new surveys and their implications",Internet Archaeology,Refer to Zotero library for PDF/link,1
batch0901,steve,2020-06-25,2020-06-25,a001426,"Valdivieso, Maria; Owens, Mathew J.; Scott, Chris J.; Hawkins, Ed; Burt, Stephen; Craig, Philip",2019,Thunderstorm occurrence at ten sites across Great Britain over 1884–1993,Geoscience Data Journal,Refer to Zotero library for PDF/link,1
batch0901,andy,2020-06-25,2020-06-25,a001426,"Valdivieso, Maria; Owens, Mathew J.; Scott, Chris J.; Hawkins, Ed; Burt, Stephen; Craig, Philip",2019,Thunderstorm occurrence at ten sites across Great Britain over 1884–1993,Geoscience Data Journal,Refer to Zotero library for PDF/link,1
batch0014,michelle,2020-04-03,2020-04-03,a001428,"Akinola, Modupe; Page-Gould, Elizabeth; Mehta, Pranjal H.; Liu, Zaijia",2018,Hormone-Diversity Fit: Collective Testosterone Moderates the Effect of Diversity on Group Performance,Psychological Science,batch0014/a001428/a001428_article.pdf,1
batch0062,matthew,2020-04-28,2020-04-28,a001428,"Akinola, Modupe; Page-Gould, Elizabeth; Mehta, Pranjal H.; Liu, Zaijia",2018,Hormone-Diversity Fit: Collective Testosterone Moderates the Effect of Diversity on Group Performance,Psychological Science,batch0062/a001428/a001428_article.pdf,1
batch0901,steve,2020-06-25,2020-06-25,a001436,"Deslatte, Aaron",2019,A bayesian approach for behavioral public administration: Citizen assessments of local government sustainability performance,Journal of Behavioral Public Administration,Refer to Zotero library for PDF/link,1
batch0901,andy,2020-06-25,2020-06-25,a001436,"Deslatte, Aaron",2019,A bayesian approach for behavioral public administration: Citizen assessments of local government sustainability performance,Journal of Behavioral Public Administration,Refer to Zotero library for PDF/link,1
batch0041,sophia,2020-04-19,2020-04-19,a001437,"Ficarella, Stefania C.; Rochet, Nicolas; Burle, Boris",2019,Becoming aware of subliminal responses: An EEG/EMG study on partial error detection and correction in humans,Cortex,batch0041/a001437/a001437_article.pdf,1
batch0062,matthew,2020-04-28,2020-04-28,a001437,"Ficarella, Stefania C.; Rochet, Nicolas; Burle, Boris",2019,Becoming aware of subliminal responses: An EEG/EMG study on partial error detection and correction in humans,Cortex,batch0062/a001437/a001437_article.pdf,1
batch0021,michelle,2020-04-07,2020-04-07,a001447,"Flesken, Anaïd",2018,"Ethnic Parties, Ethnic Tensions? Results of an Original Election Panel Study",American Journal of Political Science,batch0021/a001447/a001447_article.pdf,1
batch0062,matthew,2020-04-28,2020-04-28,a001447,"Flesken, Anaïd",2018,"Ethnic Parties, Ethnic Tensions? Results of an Original Election Panel Study",American Journal of Political Science,batch0062/a001447/a001447_article.pdf,1
batch0024,andy,2020-04-07,2020-04-07,a001470,"Mens, Gaël Le; Kareev, Yaakov; Avrahami, Judith",2016,The Evaluative Advantage of Novel Alternatives: An Information-Sampling Account,Psychological Science,batch0024/a001470/a001470_article.pdf,1
batch0061,oliver,2020-04-27,2020-04-27,a001470,"Mens, Gaël Le; Kareev, Yaakov; Avrahami, Judith",2016,The Evaluative Advantage of Novel Alternatives: An Information-Sampling Account,Psychological Science,batch0061/a001470/a001470_article.pdf,1
batch0024,andy,2020-04-07,2020-04-07,a001487,"Jones, Zachary M.; Lupu, Yonatan",2018,Is There More Violence in the Middle?,American Journal of Political Science,batch0024/a001487/a001487_article.pdf,1
batch0051,oliver,2020-04-23,2020-04-23,a001487,"Jones, Zachary M.; Lupu, Yonatan",2018,Is There More Violence in the Middle?,American Journal of Political Science,batch0051/a001487/a001487_article.pdf,1
batch0015,adrian,2020-04-03,2020-04-03,a001501,"Hemker, Johannes; Rink, Anselm",2017,Multiple Dimensions of Bureaucratic Discrimination: Evidence from German Welfare Offices,American Journal of Political Science,batch0015/a001501/a001501_article.pdf,1
batch0062,matthew,2020-04-28,2020-04-28,a001501,"Hemker, Johannes; Rink, Anselm",2017,Multiple Dimensions of Bureaucratic Discrimination: Evidence from German Welfare Offices,American Journal of Political Science,batch0062/a001501/a001501_article.pdf,1
batch0041,sophia,2020-04-19,2020-04-19,a001505,"Lange, Florian; Dewitte, Siegfried",2019,Cognitive Flexibility and Pro-environmental Behaviour: A Multimethod Approach,European Journal of Personality,batch0041/a001505/a001505_article.pdf,1
batch0062,matthew,2020-04-28,2020-04-28,a001505,"Lange, Florian; Dewitte, Siegfried",2019,Cognitive Flexibility and Pro-environmental Behaviour: A Multimethod Approach,European Journal of Personality,batch0062/a001505/a001505_article.pdf,1
batch0037,sophia,2020-04-17,2020-04-17,a001509,"Fouirnaies, Alexander",2018,When Are Agenda Setters Valuable?,American Journal of Political Science,batch0037/a001509/a001509_article.pdf,1
batch0062,matthew,2020-04-28,2020-04-28,a001509,"Fouirnaies, Alexander",2018,When Are Agenda Setters Valuable?,American Journal of Political Science,batch0062/a001509/a001509_article.pdf,1
batch0040,evelyn,2020-04-19,2020-04-19,a001527,"Jouravlev, Olessia; Schwartz, Rachael; Ayyash, Dima; Mineroff, Zachary; Gibson, Edward; Fedorenko, Evelina",2019,Tracking Colisteners’ Knowledge States During Language Comprehension,Psychological Science,batch0040/a001527/a001527_article.pdf,1
batch0062,matthew,2020-04-28,2020-04-28,a001527,"Jouravlev, Olessia; Schwartz, Rachael; Ayyash, Dima; Mineroff, Zachary; Gibson, Edward; Fedorenko, Evelina",2019,Tracking Colisteners’ Knowledge States During Language Comprehension,Psychological Science,batch0062/a001527/a001527_article.pdf,1
batch0035,michelle,2020-04-15,2020-04-15,a001545,"Watts, Tyler W.; Duncan, Greg J.; Quan, Haonan",2018,Revisiting the Marshmallow Test: A Conceptual Replication Investigating Links Between Early Delay of Gratification and Later Outcomes,Psychological Science,batch0035/a001545/a001545_article.pdf,1
batch0063,oliver,2020-04-28,2020-04-28,a001545,"Watts, Tyler W.; Duncan, Greg J.; Quan, Haonan",2018,Revisiting the Marshmallow Test: A Conceptual Replication Investigating Links Between Early Delay of Gratification and Later Outcomes,Psychological Science,batch0063/a001545/a001545_article.pdf,1
batch0077,evelyn,2020-05-26,2020-05-26,a001545,"Watts, Tyler W.; Duncan, Greg J.; Quan, Haonan",2018,Revisiting the Marshmallow Test: A Conceptual Replication Investigating Links Between Early Delay of Gratification and Later Outcomes,Psychological Science,batch0077/a001545/a001545_article.pdf,1
batch0901,steve,2020-06-25,2020-06-25,a001548,"Sun, Zhigang; Ouyang, Zhu; Zhang, Xubo; Ren, Wei",2019,A new global dataset of phase synchronization of temperature and precipitation: Its climatology and contribution to global vegetation productivity,Geoscience Data Journal,Refer to Zotero library for PDF/link,1
batch0901,andy,2020-06-25,2020-06-25,a001548,"Sun, Zhigang; Ouyang, Zhu; Zhang, Xubo; Ren, Wei",2019,A new global dataset of phase synchronization of temperature and precipitation: Its climatology and contribution to global vegetation productivity,Geoscience Data Journal,Refer to Zotero library for PDF/link,1
batch0030,matthew,2020-04-15,2020-04-15,a001571,"Hudson, Sa-kiera Tiarra Jolynn; Cikara, Mina; Sidanius, Jim",2019,"Preference for hierarchy is associated with reduced empathy and increased counter-empathy towards others, especially out-group targets",Journal of Experimental Social Psychology,batch0030/a001571/a001571_article.pdf,1
batch0063,oliver,2020-04-28,2020-04-28,a001571,"Hudson, Sa-kiera Tiarra Jolynn; Cikara, Mina; Sidanius, Jim",2019,"Preference for hierarchy is associated with reduced empathy and increased counter-empathy towards others, especially out-group targets",Journal of Experimental Social Psychology,batch0063/a001571/a001571_article.pdf,1
batch0026,sophia,2020-04-08,2020-04-08,a001578,"Harrison, Laura A.; Hurlemann, Rene; Adolphs, Ralph",2015,An Enhanced Default Approach Bias Following Amygdala Lesions in Humans,Psychological Science,batch0026/a001578/a001578_article.pdf,1
batch0062,matthew,2020-04-28,2020-04-28,a001578,"Harrison, Laura A.; Hurlemann, Rene; Adolphs, Ralph",2015,An Enhanced Default Approach Bias Following Amygdala Lesions in Humans,Psychological Science,batch0062/a001578/a001578_article.pdf,1
batch0901,steve,2020-06-25,2020-06-25,a001599,"Karskens, Grace; Burnett, Georgia; Ross, Shawn",2019,"Traces in a Lost Landscape: Aboriginal archaeological sites, Dyarubbin/Nepean River and contiguous areas, NSW, Australia (Data Paper)",Internet Archaeology,Refer to Zotero library for PDF/link,1
batch0901,andy,2020-06-25,2020-06-25,a001599,"Karskens, Grace; Burnett, Georgia; Ross, Shawn",2019,"Traces in a Lost Landscape: Aboriginal archaeological sites, Dyarubbin/Nepean River and contiguous areas, NSW, Australia (Data Paper)",Internet Archaeology,Refer to Zotero library for PDF/link,1
batch0027,kongmanas,2020-04-08,2020-04-08,a001610,"Meier, Matt E.",2019,"Is There a Positive Association Between Working Memory Capacity and Mind Wandering in a Low-Demand Breathing Task? A Preregistered Replication of a Study by Levinson, Smallwood, and Davidson (2012)",Psychological Science,batch0027/a001610/a001610_article.pdf,1
batch0063,oliver,2020-04-28,2020-04-28,a001610,"Meier, Matt E.",2019,"Is There a Positive Association Between Working Memory Capacity and Mind Wandering in a Low-Demand Breathing Task? A Preregistered Replication of a Study by Levinson, Smallwood, and Davidson (2012)",Psychological Science,batch0063/a001610/a001610_article.pdf,1
batch0900,steve,2020-04-07,2020-04-07,a001614,"Spaniel, William; Poznansky, Michael",2018,Credible Commitment in Covert Affairs,American Journal of Political Science,batch0900/a001614/a001614_article.pdf,1
batch0063,oliver,2020-04-28,2020-04-28,a001614,"Spaniel, William; Poznansky, Michael",2018,Credible Commitment in Covert Affairs,American Journal of Political Science,batch0063/a001614/a001614_article.pdf,1
batch0077,evelyn,2020-05-26,2020-05-26,a001614,"Spaniel, William; Poznansky, Michael",2018,Credible Commitment in Covert Affairs,American Journal of Political Science,batch0077/a001614/a001614_article.pdf,1
batch0037,sophia,2020-04-17,2020-04-17,a001641,"Gill, Michael J.; Ungson, Nick D.",2018,"How much blame does he truly deserve? Historicist narratives engender uncertainty about blameworthiness, facilitating motivated cognition in moral judgment",Journal of Experimental Social Psychology,batch0037/a001641/a001641_article.pdf,1
batch0062,matthew,2020-04-28,2020-04-28,a001641,"Gill, Michael J.; Ungson, Nick D.",2018,"How much blame does he truly deserve? Historicist narratives engender uncertainty about blameworthiness, facilitating motivated cognition in moral judgment",Journal of Experimental Social Psychology,batch0062/a001641/a001641_article.pdf,1
batch0034,evelyn,2020-04-15,2020-04-15,a001647,"Livingston, Nicholas J.; Gurung, Regan A. R.",2019,"Trumping Racism: The Interactions of Stereotype Incongruent Clothing, Political Racial Rhetoric, and Prejudice Toward African Americans",Psi Chi Journal of Psychological Research,batch0034/a001647/a001647_article.pdf,1
batch0054,phuong,2020-04-24,2020-04-24,a001647,"Livingston, Nicholas J.; Gurung, Regan A. R.",2019,"Trumping Racism: The Interactions of Stereotype Incongruent Clothing, Political Racial Rhetoric, and Prejudice Toward African Americans",Psi Chi Journal of Psychological Research,batch0054/a001647/a001647_article.pdf,1
batch0901,steve,2020-06-25,2020-06-25,a001654,"Carleton University; Graham, Shawn",2015,Mapping the Structure of the Archaeological Web,Internet Archaeology,Refer to Zotero library for PDF/link,1
batch0901,andy,2020-06-25,2020-06-25,a001654,"Carleton University; Graham, Shawn",2015,Mapping the Structure of the Archaeological Web,Internet Archaeology,Refer to Zotero library for PDF/link,1
batch0024,andy,2020-04-07,2020-04-07,a001655,"Zangrandi, Andrea; Mioli, Alessandro; D'Alonzo, Marco; Formica, Domenico; Pellegrino, Giovanni; Di Pino, Giovanni",2019,Conditioning transcranial magnetic stimulation of ventral premotor cortex shortens simple reaction time,Cortex,batch0024/a001655/a001655_article.pdf,1
batch0057,sophia,2020-04-26,2020-04-26,a001655,"Zangrandi, Andrea; Mioli, Alessandro; D'Alonzo, Marco; Formica, Domenico; Pellegrino, Giovanni; Di Pino, Giovanni",2019,Conditioning transcranial magnetic stimulation of ventral premotor cortex shortens simple reaction time,Cortex,batch0057/a001655/a001655_article.pdf,1
