study_id,coder,date_coded,has_data_badge,has_data_badge_other,data_availability_statement,data_availability_statement_other,article_has_links,article_has_links_other,number_of_links,link_url,link_number,link_work,link_work_noother,resolved_url,is_repository,is_repository_other,repository_name,files_exist,files_exist_other,download_success,download_success_other,notes,corrected_link_url,link_url_for_cleaning,link_url_cleaned,use_code,review_note
a000011,michelle,2020-04-03,yes,NA,yes,NA,yes,NA,2,http://www.ukbiobank.ac.uk/.,1,other,"Yes, but this link does not seem to specifically pertain to the data and materials used in this paper, but rather the homepage",https://www.ukbiobank.ac.uk/,yes,NA,BIOBANK,other,"Most likely, but need to log in to access",no,NA,Need log in to access files,https://www.ukbiobank.ac.uk/,https://www.ukbiobank.ac.uk/,www.ukbiobank.ac.uk,FALSE,"on review this is the best way to code this situation, but my coding expresses it better"
a000011,sophia,2020-04-24,yes,NA,yes,NA,yes,NA,1,https://www.ukbiobank.ac.uk/,1,yes,NA,https://www.ukbiobank.ac.uk/,yes,NA,UK BioBank,other,leads to the repository home page,no,NA,"There was another link to ""data scripts"" but this led to an OSF page with the code used to process the data, and was excluded.",http://www.ukbiobank.ac.uk/,http://www.ukbiobank.ac.uk/,www.ukbiobank.ac.uk,FALSE,technically correct but not optimal coding
a000011,steve,2020-08-26,yes,NA,yes,NA,yes,NA,2,http://www.ukbiobank.ac.uk/,1,other,"link works, but is to the generic homepage. More detail needed in order to find the actual data used.",https://www.ukbiobank.ac.uk/,yes,NA,UK Biobank,other,Registration and approval is required to access any data files,no,NA,Data is locked behind a registration and approval process,http://www.ukbiobank.ac.uk/,http://www.ukbiobank.ac.uk/,www.ukbiobank.ac.uk,TRUE,I updated my coding between iter01 and iter02
a000031,evelyn,2020-05-22,yes,NA,yes,NA,yes,NA,2,https://scholarbank.nus.edu.sg/handle/10635/150104,1,yes,NA,https://scholarbank.nus.edu.sg/handle/10635/150104,yes,NA,National University of Singapore Library,yes,NA,no,NA,Need to enter details to download files,https://doi.org/10.25540/3wd8-dffw.,https://doi.org/10.25540/3wd8-dffw.,doi.org/10.25540/3wd8-dffw,TRUE,link clearly works
a000031,oliver,2020-04-25,yes,NA,yes,NA,yes,NA,3,doi-org.ezp.lib.unimelb.edu.au/10.25540/3wd8-dffw,3,other,OSF files page found indirectly after searching. Dartmouth requires signup. Unimelb DOI redirects to NUS.,https://osf.io/tvyxz/files/,yes,NA,OSF,yes,NA,yes,NA,NA,https://doi.org/10.25540/3wd8-dffw.,https://doi.org/10.25540/3wd8-dffw.,doi.org/10.25540/3wd8-dffw,FALSE,response due to coder error
a000031,sophia,2020-04-17,yes,NA,yes,NA,yes,NA,2,https://doi.org/10.25540/3wd8-dffw.,2,yes,NA,https://scholarbank.nus.edu.sg/handle/10635/150104,yes,NA,NUS Libraries,yes,NA,other,"only allows me to view the files, but not download them",NA,https://doi.org/10.25540/3wd8-dffw.,https://doi.org/10.25540/3wd8-dffw.,doi.org/10.25540/3wd8-dffw,TRUE,link clearly works
a000031,evelyn,2020-05-22,yes,NA,yes,NA,yes,NA,2,http://five.dartmouth.edu/datasets,2,yes,NA,http://five.dartmouth.edu/datasets,yes,NA,Fives project,other,require to search for projects using the link,no,NA,require to search for projects using the link,http://five.dartmouth.edu/datasets,http://five.dartmouth.edu/datasets,five.dartmouth.edu/datasets,TRUE,link clearly works
a000031,oliver,2020-04-25,yes,NA,yes,NA,yes,NA,3,five.dartmouth.edu/datasets,2,other,OSF files page found indirectly after searching. Dartmouth requires signup. Unimelb DOI redirects to NUS.,https://osf.io/tvyxz/files/,yes,NA,OSF,yes,NA,yes,NA,NA,http://five.dartmouth.edu/datasets,http://five.dartmouth.edu/datasets,five.dartmouth.edu/datasets,FALSE,response due to coder error
a000031,sophia,2020-04-17,yes,NA,yes,NA,yes,NA,2,http://five.dartmouth.edu/datasets,1,yes,NA,http://five.dartmouth.edu/datasets,yes,NA,FIVES Project,other,requires a log in,no,NA,NA,http://five.dartmouth.edu/datasets,http://five.dartmouth.edu/datasets,five.dartmouth.edu/datasets,TRUE,link clearly works
a000127,matthew,2020-04-23,yes,NA,yes,NA,yes,NA,2,https://osf.io/ezqft/,1,no,Link was invalid (lead to Page not found),NA,NA,NA,NA,NA,NA,NA,NA,Link was invalid (lead to Page not found) - apparently resolved to https://osf.io/ezqft/%20and%20https://osf.io/6rfmv/,https://osf.io/ezqft/,https://osf.io/ezqft/,osf.io/ezqft,FALSE,link works on check - coder must have hit server downtime
a000127,sophia,2020-04-16,yes,NA,yes,NA,yes,NA,1,https://osf.io/ezqft/,1,yes,NA,https://osf.io/ezqft/,yes,NA,OSF,yes,NA,yes,NA,There was a separate link for the materials which was not inlcuded here.,https://osf.io/ezqft/,https://osf.io/ezqft/,osf.io/ezqft,TRUE,link works on check
a000136,aniruddah,2020-05-15,yes,NA,yes,NA,yes,NA,1,https://osf.io/9d6t4/,1,yes,NA,https://osf.io/9d6t4/,yes,NA,OSF,yes,NA,yes,NA,No issues with this article.,NA,https://osf.io/9d6t4/,osf.io/9d6t4,TRUE,link works on check
a000136,matthew,2020-04-22,yes,NA,yes,NA,yes,NA,1,https://osf.io/9d6t4/,1,no,The provided link does not work,NA,NA,NA,NA,NA,NA,NA,NA,The provided link does not work,NA,https://osf.io/9d6t4/,osf.io/9d6t4,FALSE,link works on check - coder must have hit server downtime
a000168,adrian,2020-04-05,yes,NA,yes,NA,yes,NA,1,http://doi.org/10.3886/ICPSR21600.v17,1,yes,NA,https://www.icpsr.umich.edu/web/DSDR/studies/21600/version/17,yes,NA,ICPSR,other,Data had been updated to V21. Link to updated data provided and downloaded.,yes,NA,Files were hard to find and took a long time to download. File size was 143MB so did not upload to Drive,NA,http://doi.org/10.3886/ICPSR21600.v17,doi.org/10.3886/ICPSR21600.v17,TRUE,link works on check
a000168,evelyn,2020-04-04,yes,NA,yes,NA,yes,NA,1,http://doi.org/10.3886/ICPSR21600.v17,1,other,Multiple versions of the data are available,https://www.icpsr.umich.edu/web/DSDR/studies/21600/version/17,yes,NA,Interuniversity Consortium for Political and Social Research,other,"Multiple versions of the data are available, however files for each version are present",other,Latest version of the data was greater than 100MB,"Multiple versions of the data are available, however files for each version are present. The latest version of the data was greater than 100MB and was therefore not downloaded.",NA,http://doi.org/10.3886/ICPSR21600.v17,doi.org/10.3886/ICPSR21600.v17,FALSE,use of other more relevant at files_exist stage
a000267,evelyn,2020-05-08,yes,NA,yes,NA,other,provides doi,1,doi:10.7910/DVN/W2HZSO,1,other,article and data materials appear in google search,https://dataverse.harvard.edu/dataset.xhtml?persistentId=doi:10.7910/DVN/W2HZSO,yes,NA,Harvard Dataverse Network,yes,NA,yes,NA,Did not have a direct link tot the files. Instead doi was provided to which the first google result is the article.,NA,doi:10.7910/DVN/W2HZSO,doi:10.7910/DVN/W2HZSO,FALSE,DOI works on check
a000267,sophia,2020-04-10,yes,NA,yes,NA,yes,NA,1,doi:10.7910/DVN/W2HZSO,1,yes,NA,https://dataverse.harvard.edu/dataset.xhtml?persistentId=doi:10.7910/DVN/W2HZSO,yes,NA,Harvard Dataverse Network,yes,NA,yes,NA,I didn't have any problems with this article,NA,doi:10.7910/DVN/W2HZSO,doi:10.7910/DVN/W2HZSO,TRUE,DOI works on check
a000292,michelle,2020-05-01,yes,NA,yes,NA,yes,NA,1,https://www.iris-database.org/iris/app/home/detail?id=york:934328,1,yes,NA,https://www.iris-database.org/iris/app/home/detail?id=york:934328,yes,NA,IRIS DATABASE,yes,NA,other,Need to fill in a form to download data,Did not download data as form is required to be filled out,https://www.iris-database.org/iris/app/home/detail?id=york:934328,https://www.iris-database.org/iris/app/home/detail?id=york:934328,iris-database.org/iris/app/home/detail?id=york:934328,TRUE,link works on check
a000292,nguyenlam,2020-04-08,yes,NA,yes,NA,yes,NA,1,https://www.iris-database.org/iris/app/home/detail?id=york:934328,1,other,"The link cannot be accessed directly by clicking the hyberlink in the article. However, if I copy the link and open it in new internet window, the link works.",https://www.iris-database.org/iris/app/home/%20detail?id=york:934328,yes,NA,IRIS,yes,NA,yes,NA,Note in link_works_noother,https://www.iris-database.org/iris/app/home/detail?id=york:934328,https://www.iris-database.org/iris/app/home/detail?id=york:934328,iris-database.org/iris/app/home/detail?id=york:934328,FALSE,link works on check - coder 's comment confirms this
a000295,sophia,2020-04-16,yes,NA,yes,NA,yes,NA,2,https://www.iris-database.org,2,yes,NA,https://www.iris-database.org/iris/app/home/index;jsessionid=DEF914500691025AF1156FF411BEC760,yes,NA,IRIS Database,no,NA,NA,NA,This links to the general homepage of the repository,https://www.iris-database.org,https://www.iris-database.org,iris-database.org,FALSE,link works on check
a000295,steve,2020-08-26,yes,NA,yes,NA,yes,NA,2,https://www.iris-database.org,2,other,"link works, but is to the generic homepage. Searching required to find actual data",https://www.iris-database.org/iris/app/home/detail?id=york:935345,yes,NA,IRIS,other,Registration form required before data can be downloaded,yes,NA,Had to search from IRIS homepage,https://www.iris-database.org,https://www.iris-database.org,iris-database.org,TRUE,This is the format to follow for links to repo home pages
a000300,sophia,2020-04-24,yes,NA,yes,NA,yes,NA,2,https://osf.io/9tm36/,2,no,"""Resource deleted""",NA,NA,NA,NA,NA,NA,NA,NA,I didn't have any problems with this article,https://osf.io/9tm36/,https://osf.io/9tm36/,osf.io/9tm36,FALSE,"Not quite correct - link did work, no errors"
a000300,steve,2020-08-26,yes,NA,yes,NA,yes,NA,2,https://osf.io/9tm36/,2,yes,NA,https://osf.io/9tm36/,yes,NA,OSF,no,NA,NA,NA,"url works, but displays message ""resource deleted: user has deleted this content""",https://osf.io/9tm36/,https://osf.io/9tm36/,osf.io/9tm36,TRUE,This is the format to follow for this scenario
a000355,oliver,2020-04-22,yes,NA,yes,NA,yes,NA,1,osf.io/7d5b5,1,no,"""Page not found""",NA,NA,NA,NA,NA,NA,NA,NA,NA,NA,osf.io/7d5b5,osf.io/7d5b5,FALSE,link works on check - recode this
a000355,phuong,2020-04-15,yes,NA,yes,NA,yes,NA,1,https://osf.io/7d5b5/,1,other,The hyperlink was not correct,https://osf.io/7d5b5/%20and%20https://osf.io/jbfbp/,yes,NA,OSF,yes,NA,yes,NA,The hyperlink was not correct,NA,https://osf.io/7d5b5/,osf.io/7d5b5,FALSE,link works on check - recode this
a000355,steve,2020-09-02,yes,NA,yes,NA,yes,NA,1,https://osf.io/7d5b5/,1,other,Embedded link had a problem so clicking directly resulted in an error but url as written in text was OK,https://osf.io/7d5b5/,yes,NA,OSF,yes,NA,yes,NA,Separate link to materials looked irrelevant on check,NA,https://osf.io/7d5b5/,osf.io/7d5b5,TRUE,I have coded as well as possible
a000367,evelyn,2020-05-18,yes,NA,yes,NA,yes,NA,1,https://doi.org/10.7910/DVN/YM4LDG,1,no,Doi cannot be found,NA,NA,NA,NA,NA,NA,NA,NA,Doi cannot be found,NA,https://doi.org/10.7910/DVN/YM4LDG,doi.org/10.7910/DVN/YM4LDG,FALSE,this is an other case that I have coded to finalise
a000367,kongmanas,2020-04-18,yes,NA,yes,NA,yes,NA,1,https://doi.org/10.7910/DVN/YM4LDG,1,no,the link destination was not found,NA,NA,NA,NA,NA,NA,NA,NA,The provided link didn't work,NA,https://doi.org/10.7910/DVN/YM4LDG,doi.org/10.7910/DVN/YM4LDG,FALSE,this is an other case that I have coded to finalise
a000367,sophia,2020-04-10,yes,NA,yes,NA,yes,NA,1,https://doi.org/10.7910/DVN/YM4LDG,1,no,"""DOI Not Found' error",NA,NA,NA,NA,NA,NA,NA,NA,NA,NA,https://doi.org/10.7910/DVN/YM4LDG,doi.org/10.7910/DVN/YM4LDG,FALSE,this is an other case that I have coded to finalise
a000367,steve,2020-09-02,yes,NA,yes,NA,yes,NA,1,https://doi.org/10.7910/DVN/YM4LDG,1,other,Link provided does not work but searching on Harvard Dataverse located the data repository,https://dataverse.harvard.edu/dataset.xhtml?persistentId=doi:10.7910/DVN/BRRZSK,yes,NA,Harvard Dataverse,yes,NA,yes,NA,"Link provided did not work, had to search for correct repo",NA,https://doi.org/10.7910/DVN/YM4LDG,doi.org/10.7910/DVN/YM4LDG,TRUE,I have coded this situation as well as possible
a000390,evelyn,2020-04-04,yes,NA,yes,NA,yes,NA,1,doi:10.7910/DVN/SURSEO,1,no,missing http://,NA,NA,NA,NA,NA,NA,NA,NA,"The link is missing the ""http://"" such that when you click or copy directly from the paper, the link does not work.",NA,doi:10.7910/DVN/SURSEO,doi:10.7910/DVN/SURSEO,FALSE,coder did not parse doi correctly
a000390,oliver,2020-04-25,yes,NA,yes,NA,other,Article gave DOI number. I found link via Googling DOI number.,1,doi:10.7910/DVN/SURSEO,1,yes,NA,https://dataverse.harvard.edu/dataset.xhtml?persistentId=doi:10.7910/DVN/SURSEO,yes,NA,Harvard version of Dataverse,yes,NA,yes,NA,NA,NA,doi:10.7910/DVN/SURSEO,doi:10.7910/DVN/SURSEO,TRUE,coder figured out what to do with doi
a000419,evelyn,2020-05-13,yes,NA,yes,NA,yes,NA,1,https://zenodo.org/record/18545,1,yes,NA,https://zenodo.org/record/18545,yes,NA,Zenodo,yes,NA,yes,NA,I didn't have any problems with this article,http://dx.doi.org/10.5281/zenodo.18545,http://dx.doi.org/10.5281/zenodo.18545,dx.doi.org/10.5281/zenodo.18545,TRUE,link works on check
a000419,oliver,2020-04-27,yes,NA,yes,NA,yes,NA,1,dx.doi.org/10.5281/zenodo.18545,1,yes,NA,https://zenodo.org/record/18545,no,NA,NA,yes,NA,yes,NA,NA,http://dx.doi.org/10.5281/zenodo.18545,http://dx.doi.org/10.5281/zenodo.18545,dx.doi.org/10.5281/zenodo.18545,TRUE,link works on check
a000419,phuong,2020-04-17,yes,NA,yes,NA,yes,NA,1,"http://dx.doi.org/10.5281/
zenodo.18545",1,other,The hyperlink was not correct,https://zenodo.org/record/18545#.XpmYS9MzZp8,yes,NA,OSF,yes,NA,yes,NA,The hyperlink was not correct,http://dx.doi.org/10.5281/zenodo.18545,http://dx.doi.org/10.5281/zenodo.18545,dx.doi.org/10.5281/zenodo.18545,FALSE,link works on check - coder possibly affected by malformed url with line break
a000493,kongmanas,2020-04-18,yes,NA,yes,NA,yes,NA,1,https://www.iris‐database.org/iris/app/home/detail?id=york:934328,1,no,the link destination was not found,NA,NA,NA,NA,NA,NA,NA,NA,The provided link didn't work,https://www.iris-database.org/iris/app/home/detail?id=york:934328,https://www.iris-database.org/iris/app/home/detail?id=york:934328,iris-database.org/iris/app/home/detail?id=york:934328,FALSE,this is an other case that I have coded to finalise
a000493,nguyenlam,2020-04-17,yes,NA,yes,NA,yes,NA,1,https://www.iris-database.org/iris/app/home/detail?id=york:934328,1,no,The link does not work.,NA,NA,NA,NA,NA,NA,NA,NA,The link does not work.,https://www.iris-database.org/iris/app/home/detail?id=york:934328,https://www.iris-database.org/iris/app/home/detail?id=york:934328,iris-database.org/iris/app/home/detail?id=york:934328,FALSE,this is an other case that I have coded to finalise
a000493,steve,2020-09-02,yes,NA,yes,NA,other,Article has a link (which is almost certainly incorrect) but also a separate accession number for the raw data with no hyperlink,2,https://www.iris-database.org/iris/app/home/detail?id=york:934328,1,other,Embedded link had a problem so clicking directly resulted in an error but url as written in text was OK - minor edit required to replace the hyphen in the url text,https://www.iris-database.org/iris/app/home/detail?id=york:934328,yes,NA,IRIS,other,Registration form required before data can be downloaded,yes,NA,Link works but is likely irrelevant - need to register/agree to download data,https://www.iris-database.org/iris/app/home/detail?id=york:934328,https://www.iris-database.org/iris/app/home/detail?id=york:934328,iris-database.org/iris/app/home/detail?id=york:934328,TRUE,this is an other case that I have coded to finalise
a000501,aniruddah,2020-05-01,yes,NA,yes,NA,yes,NA,1,https://www.iris-database.org/iris/app/home/search?query5Jung1in1press,1,yes,NA,https://www.iris-database.org/iris/app/home/search?query=Jung+in+press,yes,NA,IRIS Digital Repository,no,NA,NA,NA,"The redirected link does not contain any hint of the data files, and seems like account needs to be created anyway, so would not have been possible to get data.",https://www.iris-database.org/iris/app/home/search?query=Jung+in+press,https://www.iris-database.org/iris/app/home/search?query=Jung+in+press,iris-database.org/iris/app/home/search?query=Jung+in+press,FALSE,this is an other case that I have coded to finalise
a000501,oliver,2020-04-21,yes,NA,yes,NA,yes,NA,1,iris-database.org/iris/app/home/search?query=Jung+in+press,1,other,Link did not lead to dataset,https://www.iris-database.org/iris/app/home/search?query=Jung+in+press,yes,NA,IRIS,no,NA,NA,NA,NA,https://www.iris-database.org/iris/app/home/search?query=Jung+in+press,https://www.iris-database.org/iris/app/home/search?query=Jung+in+press,iris-database.org/iris/app/home/search?query=Jung+in+press,FALSE,this is an other case that I have coded to finalise
a000501,steve,2020-09-02,yes,NA,yes,NA,yes,NA,1,https://www.iris-database.org/iris/app/home/search?query=Jung+in+press,1,other,"Link works, but is a search of the IRIS archive which returns no results. Searching the IRIS archive more carefully finds the correct links.","https://www.iris-database.org/iris/app/home/detail?id=york:935306, https://www.iris-database.org/iris/app/home/detail?id=york:935307, https://www.iris-database.org/iris/app/home/detail?id=york:935308, https://www.iris-database.org/iris/app/home/detail?id=york:935309, https://www.iris-database.org/iris/app/home/detail?id=york:935310, https://www.iris-database.org/iris/app/home/detail?id=york:935311, https://www.iris-database.org/iris/app/home/detail?id=york:935313",yes,NA,IRIS,other,Registration form required before data can be downloaded,yes,NA,"There are seven data sets associated with this article on IRIS, but no indication of this in article or elsewhere",https://www.iris-database.org/iris/app/home/search?query=Jung+in+press,https://www.iris-database.org/iris/app/home/search?query=Jung+in+press,iris-database.org/iris/app/home/search?query=Jung+in+press,TRUE,this is an other case that I have coded to finalise
a000518,aniruddah,2020-05-15,yes,NA,yes,NA,yes,NA,1,https://iris-database.org,1,yes,NA,https://iris-database.org/iris/app/home/index,yes,NA,IRIS Digital Repository,yes,NA,yes,NA,"Redirects to home page of IRIS, but searching for authors leads to paper, and hence there are files that were downloaded.",NA,https://iris-database.org,iris-database.org,FALSE,this is an other case that I have coded to finalise
a000518,steve,2020-09-01,yes,NA,yes,NA,yes,NA,1,https://iris-database.org,1,other,"link works, but is to the generic homepage. Searching required to find actual data",https://iris-database.org/iris/app/home/detail?id=york:934567,yes,NA,IRIS,other,Registration form required before data can be downloaded,yes,NA,"Link was to home page of repository, had to search and then complete info form to download data",NA,https://iris-database.org,iris-database.org,TRUE,this is an other case that I have coded to finalise
a000562,evelyn,2020-04-22,yes,NA,yes,NA,yes,NA,2,https://10.0.23.196/m9.figshare.9225476,2,no,"The error message, ""the site can't be reached"" appears",NA,NA,NA,NA,NA,NA,NA,NA,"The error message, ""the site can't be reached"" appears",https://10.6084/m9.figshare.9225476,https://10.6084/m9.figshare.9225476,10.6084/m9.figshare.9225476,FALSE,"coder directly pasted malformed url, does not work"
a000562,steve,2020-07-24,yes,NA,yes,NA,yes,NA,3,https://10.6084/m9.figshare.9225476,2,other,"This URL is malformed; the doi.org/ part is missing, it worked once corrected",https://figshare.com/articles/EEG_data_from_Subject_1_to_Subject_15/9225476,yes,NA,figshare,yes,NA,other,Total download size exceeded 100MB,Very large data set (2.62GB),https://10.6084/m9.figshare.9225476,https://10.6084/m9.figshare.9225476,10.6084/m9.figshare.9225476,TRUE,This is the format to follow for this scenario (garbled but fixable url)
a000562,evelyn,2020-04-22,yes,NA,yes,NA,yes,NA,2,https://10.0.23.196/m9.figshare.9249530,1,no,"The error message, ""the site can't be reached"" appears",NA,NA,NA,NA,NA,NA,NA,NA,"The error message, ""the site can't be reached"" appears",https://10.6084/m9.figshare.9249530,https://10.6084/m9.figshare.9249530,10.6084/m9.figshare.9249530,FALSE,"coder directly pasted malformed url, does not work"
a000562,steve,2020-07-24,yes,NA,yes,NA,yes,NA,3,https://10.6084/m9.figshare.9249530,1,other,"This URL is malformed; the doi.org/ part is missing, it worked once corrected",https://figshare.com/articles/Experimental_Paradigm_and_Behavioural_Data_Read_Me/9249530,yes,NA,figshare,yes,NA,yes,NA,"Straightforward, no issues",https://10.6084/m9.figshare.9249530,https://10.6084/m9.figshare.9249530,10.6084/m9.figshare.9249530,TRUE,This is the format to follow for this scenario (garbled but fixable url)
a000566,evelyn,2020-05-22,yes,NA,yes,NA,yes,NA,1,http://thedata.harvard.edu/dvn/dv/physics,1,yes,NA,https://dataverse.harvard.edu/dataverse/physics,yes,NA,Harvard Dataverse Network,yes,NA,yes,NA,I didn't have any problems with this article,http://thedata.harvard.edu/dvn/dv/physics,http://thedata.harvard.edu/dvn/dv/physics,thedata.harvard.edu/dvn/dv/physics,TRUE,link works on check
a000566,michelle,2020-05-08,yes,NA,yes,NA,yes,NA,1,http://thedata.harvard.edu/dvn/dv/physics,1,yes,NA,https://dataverse.harvard.edu/dataverse/physics,yes,NA,HAVARD DATAVERSE,yes,NA,yes,NA,I didn't have any problems with this article,http://thedata.harvard.edu/dvn/dv/physics,http://thedata.harvard.edu/dvn/dv/physics,thedata.harvard.edu/dvn/dv/physics,TRUE,link works on check
a000566,phuong,2020-04-17,yes,NA,yes,NA,yes,NA,1,https://dataverse.harvard.edu/dataverse/physics,1,other,The hyperlink wasn't included,https://dataverse.harvard.edu/dataverse/physics,yes,NA,Havard Dataverse,yes,NA,yes,NA,NA,http://thedata.harvard.edu/dvn/dv/physics,http://thedata.harvard.edu/dvn/dv/physics,thedata.harvard.edu/dvn/dv/physics,FALSE,coder's comment is confusing - url most definitely is in the article and works
a000575,michelle,2020-05-06,yes,NA,yes,NA,yes,NA,1,http://hdl.handle.net/2374.MIA/6254,1,no,Error - cannot connect to server,NA,NA,NA,NA,NA,NA,NA,NA,Error - cannot connect to server when data link is accessed,http://hdl.handle.net/2374.MIA/6254,http://hdl.handle.net/2374.MIA/6254,hdl.handle.net/2374.MIA/6254,FALSE,link works on check
a000575,sophia,2020-04-17,yes,NA,yes,NA,yes,NA,1,https://sc.lib.miamioh.edu/handle/2374.MIA/6254,1,yes,NA,https://sc.lib.miamioh.edu/handle/2374.MIA/6254,yes,NA,Miami University Libraries,yes,NA,yes,NA,I didn't have any problems with this article,http://hdl.handle.net/2374.MIA/6254,http://hdl.handle.net/2374.MIA/6254,hdl.handle.net/2374.MIA/6254,TRUE,link works on check
a000581,adrian,2020-04-14,yes,NA,yes,NA,yes,NA,2,https://osf.io/n8v3c/,2,yes,NA,https://accounts.osf.io/login?service=https://osf.io/n8v3c/,yes,NA,OSF,other,Require login,no,NA,Study 3 data. Could not access as login required,https://osf.io/n8v3c/,https://osf.io/n8v3c/,osf.io/n8v3c,TRUE,"link works, just requires account"
a000581,oliver,2020-04-21,yes,NA,yes,NA,yes,NA,1,osf.io/n8v3c/,1,other,Link led to sign-in page requiring OSF membership,(resolved url not entered by coder),yes,NA,OSF,other,Link led to sign-in page requiring OSF membership,no,NA,NA,https://osf.io/n8v3c/,https://osf.io/n8v3c/,osf.io/n8v3c,FALSE,coder prematurely opted for other - should have waited until files_exist
a000581,steve,2020-08-26,yes,NA,yes,NA,yes,NA,2,https://osf.io/n8v3c/,2,yes,NA,https://accounts.osf.io/login?service=https://osf.io/n8v3c/,yes,NA,OSF,other,OSF account with access required,no,NA,This OSF project not made public,https://osf.io/n8v3c/,https://osf.io/n8v3c/,osf.io/n8v3c,TRUE,"link works, just requires account"
a000588,matthew,2020-04-15,yes,NA,yes,NA,yes,NA,1,https://dataverse.harvard.edu/dataset.xhtml?persistentId=doi:10.7910/DVN/HMCRD7.,1,no,Link did not lead to an unreachable site,NA,NA,NA,NA,NA,NA,NA,NA,Link did not lead to an unreachable site,NA,https://dataverse.harvard.edu/dataset.xhtml?persistentId=doi:10.7910/DVN/HMCRD7.,dataverse.harvard.edu/dataset.xhtml?persistentId=doi:10.7910/DVN/HMCRD7,FALSE,"coder included a full stop at end of link, which is why it did not work"
a000588,michelle,2020-04-23,yes,NA,yes,NA,yes,NA,1,https://dataverse.harvard.edu/dataset.xhtml?persistentId=doi:10.7910/DVN/HMCRD7,1,yes,NA,https://dataverse.harvard.edu/dataset.xhtml?persistentId=doi:10.7910/DVN/HMCRD7,yes,NA,HAVARD DATAVERSE,yes,NA,yes,NA,I didn't have any problems with this article,NA,https://dataverse.harvard.edu/dataset.xhtml?persistentId=doi:10.7910/DVN/HMCRD7,dataverse.harvard.edu/dataset.xhtml?persistentId=doi:10.7910/DVN/HMCRD7,TRUE,"coder copied link correctly, link works on check"
a000617,oliver,2020-04-29,yes,NA,yes,NA,yes,NA,1,figshare.com/s/cccac39f891998509c85,1,other,"Error message - file can't be previewed, but can download directly",https://figshare.com/s/cccac39f891998509c85,other,Figshare,NA,yes,NA,yes,NA,NA,NA,figshare.com/s/cccac39f891998509c85,figshare.com/s/cccac39f891998509c85,FALSE,coder coded as other on basis of irrelevant error message
a000617,sophia,2020-04-17,yes,NA,yes,NA,yes,NA,1,https://figshare.com/s/cccac39f891998509c85,1,yes,NA,https://figshare.com/s/cccac39f891998509c85,yes,NA,Figshare,yes,NA,yes,NA,I didn't have any problems with this article,NA,https://figshare.com/s/cccac39f891998509c85,figshare.com/s/cccac39f891998509c85,TRUE,link works on check
a000688,phuong,2020-04-09,yes,NA,yes,NA,yes,NA,1,https://iris-database.org,1,yes,NA,https://iris-database.org/iris/app/home/index;jsessionid=5905D5F3E14607BE2F189A7E919C416B,yes,NA,IRIS,yes,NA,other,an account was required to access the data,NA,NA,https://iris-database.org,iris-database.org,FALSE,this is an other case that I have coded to finalise
a000688,sophia,2020-04-24,yes,NA,yes,NA,yes,NA,1,https://iris-database.org,1,yes,NA,https://iris-database.org/iris/app/home/index;jsessionid=7C12F018F2CB4D304C0F4F45AB231D2D,yes,NA,IRIS repository,other,led to the IRIS homepage,no,NA,I didn't have any problems with this article,NA,https://iris-database.org,iris-database.org,FALSE,this is an other case that I have coded to finalise
a000688,steve,2020-09-02,yes,NA,yes,NA,yes,NA,1,https://iris-database.org,1,other,"link works, but is to the generic homepage. Searching required to find actual data",https://iris-database.org/iris/app/home/detail?id=york:936142,yes,NA,IRIS,other,Registration form required before data can be downloaded,yes,NA,"Article just links to the IRIS homepage, searching required to find data/materials",NA,https://iris-database.org,iris-database.org,TRUE,this is an other case that I have coded to finalise
a000694,phuong,2020-04-17,yes,NA,yes,NA,yes,NA,1,https://osf.io/7nwa6,1,other,The hyperlink was not correct,https://osf.io/7nwa6,yes,NA,OSF,yes,NA,yes,NA,NA,NA,https://osf.io/7nwa6,osf.io/7nwa6,FALSE,this is an other case that I have coded to finalise
a000694,sophia,2020-04-27,yes,NA,yes,NA,yes,NA,1,https://osf.io/7nwa6/,1,yes,NA,https://osf.io/7nwa6/,yes,NA,OSF,yes,NA,yes,NA,I didn't have any problems with this article,NA,https://osf.io/7nwa6/,osf.io/7nwa6,FALSE,this is an other case that I have coded to finalise
a000694,steve,2020-09-02,yes,NA,yes,NA,yes,NA,1,https://osf.io/7nwa6/,1,other,"The embedded link in the PDF is broken and includes a lot of the paragraph text following the actual url. The link as it appears in the text is correct, though.",https://osf.io/7nwa6,yes,NA,OSF Registries,yes,NA,yes,NA,"Apart from url issue, straightforward",NA,https://osf.io/7nwa6/,osf.io/7nwa6,TRUE,this is an other case that I have coded to finalise
a000720,nguyenlam,2020-04-09,yes,NA,yes,NA,yes,NA,1,10.6084/m9.figshare.7854731,1,other,"Need to access ''figsgare.com'' first, then search for the given code",https://figshare.com/search?q=10.6084%2Fm9.figshare.7854731&searchMode=1,yes,NA,Figshare,yes,NA,yes,NA,"Note in ""Link_works_noneither""",10.6084/m9.figshare.7854731,10.6084/m9.figshare.7854731,10.6084/m9.figshare.7854731,FALSE,coder figured it out
a000720,steve,2020-08-09,yes,NA,yes,NA,yes,NA,1,10.6084/m9.figshare.7854731,1,yes,NA,https://figshare.com/articles/Attachment/7854731,yes,NA,Figshare,yes,NA,yes,NA,"Straightforward, no issues",10.6084/m9.figshare.7854731,10.6084/m9.figshare.7854731,10.6084/m9.figshare.7854731,TRUE,this is the way to deal with DOIs instead of hyperlinks
a000777,oliver,2020-04-28,yes,NA,yes,NA,yes,NA,1,dx.doi.org/10.7910/DVN/LWED0F,1,no,Could not resolve,NA,NA,NA,NA,NA,NA,NA,NA,NA,NA,dx.doi.org/10.7910/DVN/LWED0F,dx.doi.org/10.7910/DVN/LWED0F,FALSE,this is an other case that I have coded to finalise
a000777,sophia,2020-04-17,yes,NA,yes,NA,yes,NA,1,http://dx.doi.org/10.7910/DVN/LWED0F,1,no,"""DOI not found"" page",NA,NA,NA,NA,NA,NA,NA,NA,NA,NA,http://dx.doi.org/10.7910/DVN/LWED0F,dx.doi.org/10.7910/DVN/LWED0F,FALSE,this is an other case that I have coded to finalise
a000777,steve,2020-09-02,yes,NA,yes,NA,yes,NA,1,http://dx.doi.org/10.7910/DVN/LWED0F,1,other,Link provided does not work but searching on Harvard Dataverse located the data repository,https://dataverse.harvard.edu/dataset.xhtml?persistentId=doi:10.7910/DVN/DSDNX6,yes,NA,Harvard Dataverse,yes,NA,yes,NA,"Link provided did not work, had to search for correct repo",NA,http://dx.doi.org/10.7910/DVN/LWED0F,dx.doi.org/10.7910/DVN/LWED0F,TRUE,this is an other case that I have coded to finalise
a000785,kongmanas,2020-04-09,yes,NA,yes,NA,yes,NA,1,https://iris-database.org/,1,yes,NA,https://iris-database.org/iris/app/home/detail?id=york%3a936215&ref=search,yes,NA,IRIS,other,Need to register to before access to download,no,NA,The registration is needed to download the data file,NA,https://iris-database.org/,iris-database.org,FALSE,this is an other case that I have coded to finalise
a000785,matthew,2020-04-26,yes,NA,yes,NA,yes,NA,1,https://iris-database.org,1,yes,NA,https://iris-database.org/iris/app/home/session-timeout,yes,NA,IRIS Database,no,NA,NA,NA,Required a login.,NA,https://iris-database.org,iris-database.org,FALSE,this is an other case that I have coded to finalise
a000785,steve,2020-09-02,yes,NA,yes,NA,yes,NA,1,https://iris-database.org,1,other,"link works, but is to the generic homepage. Searching required to find actual data","https://iris-database.org/iris/app/home/detail?id=york:936215, https://github.com/izeh/l/blob/master/d.r",other,IRIS repo just links to files hosted on Github,IRIS/Github,other,Registration form required before data can be downloaded,yes,NA,IRIS repo just links to files hosted on Github,NA,https://iris-database.org,iris-database.org,TRUE,this is an other case that I have coded to finalise
a000808,evelyn,2020-05-22,yes,NA,yes,NA,yes,NA,1,https://dataverse.harvard.edu/dataset.xhtml?persistentId=doi:10.7910/DVN/A99NUB,1,yes,NA,https://dataverse.harvard.edu/dataset.xhtml?persistentId=doi:10.7910/DVN/A99NUB,yes,NA,Harvard Dataverse Network,yes,NA,yes,NA,I didn't have any problems with this article,https://dataverse.harvard.edu/dataset.xhtml?persistentId=doi:10.7910/DVN/A99NUB,https://dataverse.harvard.edu/dataset.xhtml?persistentId=doi:10.7910/DVN/A99NUB,dataverse.harvard.edu/dataset.xhtml?persistentId=doi:10.7910/DVN/A99NUB,TRUE,link works on check
a000808,kongmanas,2020-04-13,yes,NA,yes,NA,other,The article does not contain the URL to an online repository but it allows to click 'Open Data' which automatically connects to repository destination,1,N/A,1,other,"There is no URL given in the artile, but can click 'Open Data' to connect to repositary destination.",https://dataverse.harvard.edu/dataset.xhtml?persistentId=doi:10.7910/DVN/A99NUB,yes,NA,Harvard Dataverse,yes,NA,yes,NA,"There is no URL given in the artile, but can click 'Open Data' to connect to repositary destination.",https://dataverse.harvard.edu/dataset.xhtml?persistentId=doi:10.7910/DVN/A99NUB,https://dataverse.harvard.edu/dataset.xhtml?persistentId=doi:10.7910/DVN/A99NUB,dataverse.harvard.edu/dataset.xhtml?persistentId=doi:10.7910/DVN/A99NUB,FALSE,coder is commenting about the format of the hyperlink - irrelevant
a000808,michelle,2020-05-04,yes,NA,other,"Does not explicitly have a statement saying data is available, but there is the text 'Open Data' with a hyperlink",yes,NA,1,https://dataverse.harvard.edu/dataset.xhtml?persistentId=doi:10.7910/DVN/A99NUB,1,yes,NA,https://dataverse.harvard.edu/dataset.xhtml?persistentId=doi:10.7910/DVN/A99NUB,yes,NA,HAVARD DATAVERSE,yes,NA,yes,NA,I didn't have any problems with this article,https://dataverse.harvard.edu/dataset.xhtml?persistentId=doi:10.7910/DVN/A99NUB,https://dataverse.harvard.edu/dataset.xhtml?persistentId=doi:10.7910/DVN/A99NUB,dataverse.harvard.edu/dataset.xhtml?persistentId=doi:10.7910/DVN/A99NUB,TRUE,link works on check
a000845,aniruddah,2020-05-15,yes,NA,yes,NA,yes,NA,1,https://www.iris-database.org,1,yes,NA,https://www.iris-database.org/iris/app/home/index,yes,NA,IRIS Digital Repository,yes,NA,yes,NA,"Redirects to home page of IRIS, but searching for authors leads to paper, and hence there are files that were downloaded.",NA,https://www.iris-database.org,iris-database.org,FALSE,this is an other case that I have coded to finalise
a000845,sophia,2020-04-20,yes,NA,yes,NA,yes,NA,1,https://www.iris-database.org,1,yes,NA,https://www.iris-database.org/iris/app/home/index;jsessionid=922D67DCE96ADC3EEBE163426726A9DC,yes,NA,IRIS Database,other,the link led to the IRIS homepage,no,NA,I didn't have any problems with this article,NA,https://www.iris-database.org,iris-database.org,FALSE,this is an other case that I have coded to finalise
a000845,steve,2020-09-02,yes,NA,yes,NA,yes,NA,1,https://www.iris-database.org,1,other,"link works, but is to the generic homepage. Searching required to find actual data",https://iris-database.org/iris/app/home/detail?id=york:935657,yes,NA,IRIS,other,Registration form required before data can be downloaded,yes,NA,"Article just links to the IRIS homepage, searching required to find data/materials",NA,https://www.iris-database.org,iris-database.org,TRUE,this is an other case that I have coded to finalise
a000849,kongmanas,2020-04-09,yes,NA,yes,NA,yes,NA,1,http://dx.doi.org/10.7910/DVN/NQOWDE,1,no,the link destination was not found,NA,NA,NA,NA,NA,NA,NA,NA,The provided link didn't work,NA,http://dx.doi.org/10.7910/DVN/NQOWDE,dx.doi.org/10.7910/DVN/NQOWDE,FALSE,this is an other case that I have coded to finalise
a000849,michelle,2020-05-06,yes,NA,yes,NA,yes,NA,1,http://dx.doi.org/10.7910/DVN/NQOWDE,1,yes,NA,https://ezid.cdlib.org/,yes,NA,EZID,no,NA,NA,NA,"Redirected to homepage, no data pertaining to article to download",NA,http://dx.doi.org/10.7910/DVN/NQOWDE,dx.doi.org/10.7910/DVN/NQOWDE,FALSE,this is an other case that I have coded to finalise
a000849,steve,2020-09-02,yes,NA,yes,NA,yes,NA,1,http://dx.doi.org/10.7910/DVN/NQOWDE,1,other,"Link leads to https://ezid.cdlib.org/ with a ""No such identifier."" message - searching Harvard Dataverse locates the correct data repo",https://dataverse.harvard.edu/dataset.xhtml?persistentId=doi:10.7910/DVN/KL7J6Z,yes,NA,Harvard Dataverse,yes,NA,yes,NA,"Link provided did not work, had to search for correct repo",NA,http://dx.doi.org/10.7910/DVN/NQOWDE,dx.doi.org/10.7910/DVN/NQOWDE,TRUE,this is an other case that I have coded to finalise
a000909,evelyn,2020-04-16,yes,NA,yes,NA,yes,NA,1,https://dx.doi.org/10.7910/DVN/UQAIZI,1,no,"Error message, ""HTTP Status 404"" appears",NA,NA,NA,NA,NA,NA,NA,NA,"Error message, ""HTTP Status 404"" appears",NA,https://dx.doi.org/10.7910/DVN/UQAIZI,dx.doi.org/10.7910/DVN/UQAIZI,FALSE,link works on check
a000909,kongmanas,2020-04-19,yes,NA,yes,NA,yes,NA,1,http://dx.doi.org/10.7910/DVN/UQAIZI,1,yes,NA,https://dataverse.harvard.edu/dataset.xhtml?persistentId=doi:10.7910/DVN/UQAIZI,yes,NA,Harvard Dataverse,yes,NA,yes,NA,I didn't have any problems with this article,NA,http://dx.doi.org/10.7910/DVN/UQAIZI,dx.doi.org/10.7910/DVN/UQAIZI,TRUE,link works on check
a000920,michelle,2020-04-07,yes,NA,yes,NA,yes,NA,1,https://osf.io/zpjbg,1,yes,NA,https://osf.io/zpjbg,yes,NA,OSF,other,"On the link given in the article, the files have been removed because it contained data that couldn't be made public. However, a new link is provided: https://osf.io/q82nf, which has the data with the sensitive data removed",yes,NA,"No issues, but had to go through a new link to access data",NA,https://osf.io/zpjbg,osf.io/zpjbg,FALSE,"coder acknowledges need to visit new link, but did not code optimally"
a000920,oliver,2020-04-21,yes,NA,yes,NA,yes,NA,1,osf.io/zpjbg,1,other,"Link withdrawn - registration removed due to containing sensitive user info. Link redirected to landing page containing new link that lead to original dateset, but without the sensitive user info.",https://osf.io/q82nf/,yes,NA,OSF,yes,NA,yes,NA,NA,NA,osf.io/zpjbg,osf.io/zpjbg,TRUE,this is the best way to handle this scenario
a000948,aniruddah,2020-05-15,yes,NA,yes,NA,yes,NA,1,https://osf.io/677jr/,1,yes,NA,https://osf.io/677jr/,yes,NA,OSF,yes,NA,yes,NA,"Link does not redirect to data directly, but rather have to open another link to get to the data files.",NA,https://osf.io/677jr/,osf.io/677jr,FALSE,this is an other case that I have coded to finalise
a000948,oliver,2020-04-27,yes,NA,yes,NA,yes,NA,1,osf.io/677jr/,1,other,"Leads to ""public profile"" page with multiple sets of data for multiple studies. No direct link to data associated with study.","Not clear which sets are related to study, as they share overlapping characteristics",yes,NA,OSF,other,"Leads to ""public profile"" page with multiple sets of data for multiple studies. No direct link to data associated with study.",no,NA,NA,NA,osf.io/677jr/,osf.io/677jr,FALSE,this is an other case that I have coded to finalise
a000948,sophia,2020-04-05,yes,NA,yes,NA,yes,NA,1,https://osf.io/677jr/,1,yes,NA,https://osf.io/677jr/,yes,NA,OSF,yes,NA,yes,NA,"The data file was a pdf with graphs but no raw data. Other than that, I didn't have any problems with this article.",NA,https://osf.io/677jr/,osf.io/677jr,FALSE,this is an other case that I have coded to finalise
a000948,steve,2020-09-02,yes,NA,yes,NA,yes,NA,1,https://osf.io/677jr/,1,other,"Link leads to a list of different OSF projects for the first author, need to select the relevant OSF project for the article",https://osf.io/37g64/,yes,NA,OSF,other,"Repo only contains a PDF of the article, no auxiliary data files",no,NA,"Links to a list of projects, not specific project, and then closest match only had a preprint document no data",NA,https://osf.io/677jr/,osf.io/677jr,TRUE,this is an other case that I have coded to finalise
a000957,evelyn,2020-05-22,yes,NA,yes,NA,yes,NA,1,https://osf.io/3wz2j/,1,yes,NA,https://osf.io/3wz2j/,yes,NA,OSF,yes,NA,yes,NA,I didn't have any problems with this article,NA,https://osf.io/3wz2j/,osf.io/3wz2j,FALSE,"coder automatically fixed trivial issue in url and kept going, which is fair enough"
a000957,michelle,2020-05-04,yes,NA,yes,NA,yes,NA,1,osf.io/3wz2j,1,yes,NA,https://osf.io/3wz2j/,yes,NA,OSF,yes,NA,yes,NA,I didn't have any problems with this article,NA,osf.io/3wz2j,osf.io/3wz2j,FALSE,"coder automatically fixed trivial issue in url and kept going, which is fair enough"
a000957,sophia,2020-04-17,yes,NA,yes,NA,yes,NA,1,http://www.osf_.io/3wz2j,1,other,"there is a typo in the document, https://osf.io/3wz2j/ works and leads to the correct repository page",https://osf.io/3wz2j/,yes,NA,OSF,yes,NA,other,"the main data file was over 100MB, but the other two were able to be downloaded.",NA,NA,http://www.osf_.io/3wz2j,osf.io/3wz2j,TRUE,this is the best way to handle this scenario
a001005,michelle,2020-04-24,yes,NA,yes,NA,yes,NA,1,https://osf.io/x8bv9/DOI10.17605/OSF.IO/X8BV9,1,no,"Says page isnot found. However, the article also mentions to access data, one can contact the author Elisa Martin-Arevalo (emartina@ugr.es)",NA,NA,NA,NA,NA,NA,NA,NA,"Link given does not work, but article also mentions to contact author for data and materials",https://osf.io/x8bv9/%20DOI%2010.17605/OSF.IO/X8BV9,https://osf.io/x8bv9/%20DOI%2010.17605/OSF.IO/X8BV9,osf.io/x8bv9/%20DOI%2010.17605/OSF.IO/X8BV9,FALSE,coder did not try to fix url to make it work
a001005,phuong,2020-04-10,yes,NA,yes,NA,yes,NA,1,"https://osf.io/x8bv9/ DOI 10.17605/
OSF.IO/X8BV9",1,no,Page not found,NA,NA,NA,NA,NA,NA,NA,NA,NA,https://osf.io/x8bv9/%20DOI%2010.17605/OSF.IO/X8BV9,https://osf.io/x8bv9/%20DOI%2010.17605/OSF.IO/X8BV9,osf.io/x8bv9/%20DOI%2010.17605/OSF.IO/X8BV9,FALSE,coder did not try to fix url to make it work
a001005,steve,2020-08-27,yes,NA,yes,NA,yes,NA,1,https://osf.io/x8bv9/%20DOI%2010.17605/OSF.IO/X8BV9,1,other,link is garbled version of two separate links pointing to the same place; easy to determine the intended link,https://osf.io/x8bv9/,yes,NA,OSF,yes,NA,yes,NA,"Url in PDF is garbled - clicking directly results in an error, but in-text url is clear",https://osf.io/x8bv9/%20DOI%2010.17605/OSF.IO/X8BV9,https://osf.io/x8bv9/%20DOI%2010.17605/OSF.IO/X8BV9,osf.io/x8bv9/%20DOI%2010.17605/OSF.IO/X8BV9,TRUE,this is the best way to handle this scenario
a001010,kongmanas,2020-04-23,yes,NA,yes,NA,yes,NA,1,DOI 10.17605/OSF.IO/EKV2D,1,other,"The link given in the articel to the exist online repositary is misspelled. Howver, I can serach in paste it in Google and the top result that was shown up on the first page resolve to the data repositary as mentioned in the article.",https://osf.io/ekv2d/,yes,NA,OSF,yes,NA,yes,NA,"The link given in the articel to the exist online repositary is misspelled. Howver, I can serach in paste it in Google and the top result that was shown up on the first page resolve to the data repositary as mentioned in the article.",DOI 10.17605/OSF.IO/EKV2D,DOI 10.17605/OSF.IO/EKV2D,DOI 10.17605/OSF.IO/EKV2D,FALSE,DOIs which work can be simply coded as yes
a001010,oliver,2020-04-21,yes,NA,yes,NA,yes,NA,1,osf.io/EKV2D/,1,yes,NA,https://osf.io/EKV2D/,yes,NA,OSF,yes,NA,yes,NA,NA,DOI 10.17605/OSF.IO/EKV2D,DOI 10.17605/OSF.IO/EKV2D,DOI 10.17605/OSF.IO/EKV2D,TRUE,DOIs which work can be simply coded as yes
a001017,adrian,2020-04-17,yes,NA,yes,NA,yes,NA,1,https://doi.org/10.1016/j.jesp.2018.03.014,1,yes,NA,https://www.sciencedirect.com/science/article/abs/pii/S0022103117304857?via%3Dihub,other,Journal's website at ScienceDirect,NA,other,Redirected to Mendeley Data,yes,NA,"ScienceDirect link led to another link to download the files at MendeleyData with link ""https://data.mendeley.com/datasets/hgtxmx7zpn/1"". Files downloaded ok from Mendeley",NA,https://doi.org/10.1016/j.jesp.2018.03.014,doi.org/10.1016/j.jesp.2018.03.014,FALSE,"coder wasn't egregiously wrong, just not optimal"
a001017,steve,2020-07-25,yes,NA,yes,NA,yes,NA,1,https://doi.org/10.1016/j.jesp.2018.03.014,1,other,"Led to journal page for article (https://www.sciencedirect.com/science/article/abs/pii/S0022103117304857?via%3Dihub), which then linked to data and code",https://data.mendeley.com/datasets/hgtxmx7zpn/1,yes,NA,Mendeley,yes,NA,yes,NA,"Article PDF did not have a direct link to data, had to go via journal page for article",NA,https://doi.org/10.1016/j.jesp.2018.03.014,doi.org/10.1016/j.jesp.2018.03.014,TRUE,this is the best way to handle this scenario
a001027,adrian,2020-04-03,yes,NA,yes,NA,yes,NA,1,http://doi.org/10.3886/ICPSR04652.v6,1,yes,NA,https://www.icpsr.umich.edu/icpsrweb/NACDA/studies/4652/version/6,yes,NA,ICPSR,other,Data had been updated to V7. Link to updated data provided and downloaded.,yes,NA,"2 links were given, but one (http://midus.colectica.org/) required a login so was ignored. Downloaded data was for updated study (V7) done in 2017",http://doi.org/10.3886/ICPSR04652.v6,http://doi.org/10.3886/ICPSR04652.v6,doi.org/10.3886/ICPSR04652.v6,TRUE,link works on check
a001027,aniruddah,2020-04-08,yes,NA,yes,NA,yes,NA,1,http://doi.org/10.3886/ICPSR04652.v6,1,yes,NA,https://www.icpsr.umich.edu/web/NACDA/studies/4652/versions/V7,yes,NA,ICPSR (Inter-university Consortium for Political and Social Research,yes,NA,yes,NA,"Two links were provided in this article, but both lead to the same data repository - ICPSR - and hence only one link is chosen here.",http://doi.org/10.3886/ICPSR04652.v6,http://doi.org/10.3886/ICPSR04652.v6,doi.org/10.3886/ICPSR04652.v6,TRUE,link works on check
a001027,evelyn,2020-04-03,yes,NA,yes,NA,yes,NA,2,http://doi.org/10.3886/ICPSR04652.v6,1,yes,NA,https://www.icpsr.umich.edu/icpsrweb/NACDA/studies/4652/version/6,yes,NA,Interuniversity Consortium for Political and Social Research,other,"The following message appears: ""These data have been updated since their release as https://doi.org/10.3886/ICPSR04652.v6, which you used to locate the data. If you need access to a previous version of the data (e.g., to replicate results in an article or report), you can contact ICPSR User Support to find out if a prior version is available.""",other,"The following message appears: ""These data have been updated since their release as https://doi.org/10.3886/ICPSR04652.v6, which you used to locate the data. If you need access to a previous version of the data (e.g., to replicate results in an article or report), you can contact ICPSR User Support to find out if a prior version is available.""","The following message appears: ""These data have been updated since their release as https://doi.org/10.3886/ICPSR04652.v6, which you used to locate the data. If you need access to a previous version of the data (e.g., to replicate results in an article or report), you can contact ICPSR User Support to find out if a prior version is available.""",http://doi.org/10.3886/ICPSR04652.v6,http://doi.org/10.3886/ICPSR04652.v6,doi.org/10.3886/ICPSR04652.v6,TRUE,link works on check
a001027,kongmanas,2020-04-02,yes,NA,yes,NA,yes,NA,2,http://doi.org/10.3886/ICPSR04652.v6,1,yes,NA,https://www.icpsr.umich.edu/icpsrweb/NACDA/studies/4652/version/6,yes,NA,NACDA,yes,NA,other,Need to register to access to NACDA,The registration is needed to download the data file,http://doi.org/10.3886/ICPSR04652.v6,http://doi.org/10.3886/ICPSR04652.v6,doi.org/10.3886/ICPSR04652.v6,TRUE,link works on check
a001027,matthew,2020-04-10,yes,NA,yes,NA,yes,NA,2,http://doi.org/10.3886/ICPSR04652.v6,1,yes,NA,https://www.icpsr.umich.edu/web/NACDA/studies/4652/version/6,other,NACDA,NA,other,"Link gave me another link, saying data has been updated since the research, however, this link did not work",no,NA,Link did not lead to data,http://doi.org/10.3886/ICPSR04652.v6,http://doi.org/10.3886/ICPSR04652.v6,doi.org/10.3886/ICPSR04652.v6,TRUE,link works on check
a001027,michelle,2020-04-02,yes,NA,yes,NA,yes,NA,2,http://doi.org/10.3886/ ICPSR04652.v6,1,yes,NA,https://www.icpsr.umich.edu/icpsrweb/NACDA/studies/4652/version/6,yes,NA,NACDA,other,"Files exist, but the link in the article directs to the website stating the data (version 6) has now been updated (version 7)",partial,"Could download all 'Document only' data, when I tried to download the other ones such as 'SAS', 'SPSS' etc, it takes me into a login screen","I have put in the Document Only download in the data file, but other remaining ones could not be done",http://doi.org/10.3886/ICPSR04652.v6,http://doi.org/10.3886/ICPSR04652.v6,doi.org/10.3886/ICPSR04652.v6,TRUE,link works on check
a001027,nguyenlam,2020-04-04,yes,NA,yes,NA,yes,NA,2,http://doi.org/10.3886/ICPSR04652.v6,1,yes,NA,https://www.icpsr.umich.edu/icpsrweb/NACDA/studies/4652/version/6,yes,NA,Interuniversity Consortium for Political and Social Research,yes,NA,other,Need to create an account to be able to download buy I have created one and downloaded data successfully.,"- The data for this study is from a national survey ( Midlife in the United States (MIDUS), not from auhtors' experiment.
- Notes in ''download_success""",http://doi.org/10.3886/ICPSR04652.v6,http://doi.org/10.3886/ICPSR04652.v6,doi.org/10.3886/ICPSR04652.v6,TRUE,link works on check
a001027,oliver,2020-04-02,yes,NA,yes,NA,yes,NA,1,doi.org/10.3886/ICPSR04652.v6,1,other,"Outdated link. Redirects you to landing page where you click ""V7""",https://www.icpsr.umich.edu/icpsrweb/NACDA/studies/4652/versions/V7,other,"Seems to be repository - however, is specialised/obscure. UMich version of NACDA, which is tied to ICPSR. TBC",NACDA,yes,NA,other,Highly stratified files. Need NACDA membership to download.,NA,http://doi.org/10.3886/ICPSR04652.v6,http://doi.org/10.3886/ICPSR04652.v6,doi.org/10.3886/ICPSR04652.v6,FALSE,coder prematurely opted for other - should have waited until files_exist
a001027,phuong,2020-04-06,yes,NA,yes,NA,yes,NA,2,http://doi.org/10.3886/ICPSR04652.v6,1,yes,NA,https://www.icpsr.umich.edu/icpsrweb/NACDA/studies/4652/version/6,other,I'm not sure if it is repository,NACDA,yes,NA,other,files are larger than 100MB,NA,http://doi.org/10.3886/ICPSR04652.v6,http://doi.org/10.3886/ICPSR04652.v6,doi.org/10.3886/ICPSR04652.v6,TRUE,link works on check
a001027,sophia,2020-04-02,yes,NA,yes,NA,yes,NA,2,http://doi.org/10.3886/ICPSR04652.v6,1,yes,NA,https://www.icpsr.umich.edu/icpsrweb/NACDA/studies/4652/version/6,yes,NA,National Archive of Computerized Data on Aging,yes,NA,other,the website offered different types of file download - I selected 'documentation only' option,the data was updated in the archive since use within the article.,http://doi.org/10.3886/ICPSR04652.v6,http://doi.org/10.3886/ICPSR04652.v6,doi.org/10.3886/ICPSR04652.v6,TRUE,link works on check
a001027,evelyn,2020-04-03,yes,NA,yes,NA,yes,NA,2,http://midus.colectica.org/,2,other,requires a login to access data/materials,https://midus.colectica.org/Account/Login,yes,NA,Midus,other,requires login to access files,other,requires login to access files,Login required to access and download files,http://midus.colectica.org/,http://midus.colectica.org/,midus.colectica.org,FALSE,"link works on check, just requires a login (better addressed in files_exist)"
a001027,kongmanas,2020-04-02,yes,NA,yes,NA,yes,NA,2,http://midus.colectica.org/,2,other,Need to register to access to the MIDUS Portal’s content and functionality.,(not completed by coder),other,(not completed by coder),NA,other,(not completed by coder),other,(not completed by coder),The registration is needed to access to the link destination,http://midus.colectica.org/,http://midus.colectica.org/,midus.colectica.org,FALSE,"link works on check, just requires a login (better addressed in files_exist)"
a001027,matthew,2020-04-10,yes,NA,yes,NA,yes,NA,2,http://midus.colectica.org/,2,yes,NA,https://midus.colectica.org/Account/Login,no,NA,NA,other,Requires login,no,NA,Link required login,http://midus.colectica.org/,http://midus.colectica.org/,midus.colectica.org,TRUE,"link works on check, just requires a login (better addressed in files_exist)"
a001027,michelle,2020-04-02,yes,NA,yes,NA,yes,NA,2,http://midus.colectica.org/,2,other,"Works, but takes me to login screen",https://midus.colectica.org/Account/Login,other,Not 100% sure,MIDUS,other,Could not access files without login,other,Could not download without login,"I am not sure if the second link is related to Open Data, as the links were put together as data and materials available under the two links",http://midus.colectica.org/,http://midus.colectica.org/,midus.colectica.org,FALSE,"link works on check, just requires a login (better addressed in files_exist)"
a001027,nguyenlam,2020-04-04,yes,NA,yes,NA,yes,NA,2,http://midus.colectica.org/,1,yes,NA,https://midus.colectica.org/Account/Login,other,"The data for this study is from a national survey ( Midlife in the United States (MIDUS), not from auhtors' experiment. The data link is the official page of the survey.",NA,other,Need to create an account to be able to download but there is an error when register new account.,no,NA,"- The data for this study is from a national survey ( Midlife in the United States (MIDUS), not from auhtors' experiment.
- Notes in ''download_success"" and ""is_repository_other"" columns.",http://midus.colectica.org/,http://midus.colectica.org/,midus.colectica.org,TRUE,"link works on check, just requires a login (better addressed in files_exist)"
a001027,phuong,2020-04-06,yes,NA,yes,NA,yes,NA,2,https://midus.colectica.org/,2,yes,NA,https://midus.colectica.org/,other,I'm not sure if it is repository,MIDUS,yes,NA,other,files are larger than 100MB,NA,http://midus.colectica.org/,http://midus.colectica.org/,midus.colectica.org,TRUE,"link works on check, just requires a login (better addressed in files_exist)"
a001027,sophia,2020-04-02,yes,NA,yes,NA,yes,NA,2,http://midus.colectica.org/,2,yes,NA,https://midus.colectica.org/Account/Login,other,needed a login - don't know,NA,other,needed a login - don't know,no,NA,needed a login,http://midus.colectica.org/,http://midus.colectica.org/,midus.colectica.org,TRUE,"link works on check, just requires a login (better addressed in files_exist)"
a001035,michelle,2020-04-29,no,NA,yes,NA,yes,NA,1,https://osf.io/g3dfy/,1,yes,NA,https://osf.io/g3dfy,yes,NA,OSF,yes,NA,yes,NA,No Open Data badge,NA,https://osf.io/g3dfy/,osf.io/g3dfy,TRUE,link works on check
a001035,sophia,2020-04-11,yes,NA,yes,NA,yes,NA,1,https://osf.io/g3dfy/,1,no,OSF page not found' error,NA,NA,NA,NA,NA,NA,NA,NA,page not found,NA,https://osf.io/g3dfy/,osf.io/g3dfy,FALSE,link works on check
a001044,oliver,2020-04-07,yes,NA,yes,NA,yes,NA,1,osf.io/qwa42/,1,yes,NA,https://osf.io/qwa42,yes,NA,OSF,yes,NA,other,File >100MB,NA,https://osf.io/qwa42/view_only=b6377f9def604d7faa4977fc9264580d/,https://osf.io/qwa42/view_only=b6377f9def604d7faa4977fc9264580d/,osf.io/qwa42/view_only=b6377f9def604d7faa4977fc9264580d,FALSE,"coder cleaned url before trying, missed this important issue"
a001044,steve,2020-07-25,yes,NA,yes,NA,yes,NA,1,https://osf.io/qwa42/view_only=b6377f9def604d7faa4977fc9264580d/,1,other,"URL as written led to a ""page not found"" error. Omitting the view_only slug resulted in a valid destination",https://osf.io/qwa42/,yes,NA,OSF,yes,NA,partial,Total download size exceeded 100MB,Large data set (EEG data),https://osf.io/qwa42/view_only=b6377f9def604d7faa4977fc9264580d/,https://osf.io/qwa42/view_only=b6377f9def604d7faa4977fc9264580d/,osf.io/qwa42/view_only=b6377f9def604d7faa4977fc9264580d,TRUE,this is the best way to handle this scenario
a001057,matthew,2020-04-28,yes,NA,yes,NA,yes,NA,1,http://doi:10.7910/DVN/FMJDCD,1,no,The urls is invalid,NA,NA,NA,NA,NA,NA,NA,NA,The url provided in the article is invalid,NA,http://doi:10.7910/DVN/FMJDCD,doi:10.7910/DVN/FMJDCD,FALSE,this is an other case that I have coded to finalise
a001057,nguyenlam,2020-04-17,yes,NA,yes,NA,yes,NA,1,http://doi:10.7910/DVN/FMJDCD,1,other,"The given does not directly lead to repository page, but lead to a Google search result page. The correct link to data reposiitory is the first result on Googel search page.",https://dataverse.harvard.edu/dataset.xhtml?persistentId=doi:10.7910/DVN/FMJDCD,yes,NA,Harvard Daraverse,yes,NA,yes,NA,"Note in ""link_work_noother""",NA,http://doi:10.7910/DVN/FMJDCD,doi:10.7910/DVN/FMJDCD,FALSE,this is an other case that I have coded to finalise
a001057,steve,2020-09-02,yes,NA,yes,NA,yes,NA,1,http://doi:10.7910/DVN/FMJDCD,1,other,"The link for this DOI is malformed, but can fairly easily be corrected. Once corrected, it works",https://dataverse.harvard.edu/dataset.xhtml?persistentId=doi:10.7910/DVN/FMJDCD,yes,NA,Harvard Dataverse,yes,NA,yes,NA,"Apart from url issue, straightforward",NA,http://doi:10.7910/DVN/FMJDCD,doi:10.7910/DVN/FMJDCD,TRUE,this is an other case that I have coded to finalise
a001094,adrian,2020-04-14,yes,NA,yes,NA,yes,NA,1,https://osf.io/fpdbh,1,yes,NA,https://osf.io/fpdbh,yes,NA,OSF,yes,NA,yes,NA,Link was not very coded properly. Had to manually type it out in browser,https://osf.io/fpdbh/,https://osf.io/fpdbh/,osf.io/fpdbh,FALSE,this is an other case that I have coded to finalise
a001094,sophia,2020-04-08,yes,NA,yes,NA,yes,NA,1,https://osf.io/fpdbh/%2013Identifiers,1,no,"""page not found""",NA,NA,NA,NA,NA,NA,NA,NA,NA,https://osf.io/fpdbh/,https://osf.io/fpdbh/,osf.io/fpdbh,FALSE,this is an other case that I have coded to finalise
a001094,steve,2020-09-02,yes,NA,yes,NA,yes,NA,1,https://osf.io/fpdbh/,1,other,Embedded link had a problem so clicking directly resulted in an error but url as written in text was OK,https://osf.io/fpdbh,yes,NA,OSF Registries,yes,NA,yes,NA,"The article also had a different DOI for data, but it was just a DOI (10.17605/OSF.IO/FT8KM) for the non-registered version of the OSF project which had the hyperlink so technically redundant",https://osf.io/fpdbh/,https://osf.io/fpdbh/,osf.io/fpdbh,TRUE,this is an other case that I have coded to finalise
a001121,phuong,2020-04-22,yes,NA,yes,NA,yes,NA,2,https://www.iris-database.org,1,yes,NA,https://www.iris-database.org/iris/app/home/index;jsessionid=BCC4E26B54081126854A7D004E749974,yes,NA,IRIS,no,NA,NA,NA,NA,https://www.iris-database.org,https://www.iris-database.org,iris-database.org,FALSE,"coder wasn't egregiously wrong, just not optimal"
a001121,steve,2020-08-27,yes,NA,yes,NA,yes,NA,2,https://www.iris-database.org,1,other,"link works, but is to the generic homepage. Searching required to find actual data",https://www.iris-database.org/iris/app/home/detail?id=york:936152,yes,NA,IRIS,other,Registration form required before data can be downloaded,yes,NA,"Straightforward, no issues",https://www.iris-database.org,https://www.iris-database.org,iris-database.org,TRUE,This is the format to follow for links to repo home pages
a001147,michelle,2020-04-13,yes,NA,yes,NA,yes,NA,1,https://dataverse.harvard.edu/dataset.xhtml?id=3037337,1,no,Error 404 Page Not found,NA,NA,NA,NA,NA,NA,NA,NA,Error 404 - page not found,NA,https://dataverse.harvard.edu/dataset.xhtml?id=3037337,dataverse.harvard.edu/dataset.xhtml?id=3037337,FALSE,a connection failure when this coder checked?
a001147,oliver,2020-04-26,yes,NA,yes,NA,yes,NA,1,https://dataverse.harvard.edu/dataset.xhtml?id=3037337,1,no,"Could not resolve URL as outside remit of UoM student account, but this may be a way of finding it via manually searching Harvard Dataverse:  |  doi:10.1177/0956797617728270",NA,NA,NA,NA,NA,NA,NA,NA,NA,NA,https://dataverse.harvard.edu/dataset.xhtml?id=3037337,dataverse.harvard.edu/dataset.xhtml?id=3037337,FALSE,a connection failure when this coder checked?
a001147,steve,2020-09-02,yes,NA,yes,NA,yes,NA,1,https://dataverse.harvard.edu/dataset.xhtml?id=3037337,1,yes,NA,https://dataverse.harvard.edu/dataset.xhtml?id=3037337,yes,NA,Harvard Dataverse,yes,NA,yes,NA,"Straightforward, no issues - despite earlier indications that url did not work",NA,https://dataverse.harvard.edu/dataset.xhtml?id=3037337,dataverse.harvard.edu/dataset.xhtml?id=3037337,TRUE,was able to connect when checked
a001149,evelyn,2020-04-28,yes,NA,yes,NA,yes,NA,1,https://www.iris-database.org/iris/app/home/detail?id=york:934328,1,yes,NA,https://www.iris-database.org/iris/app/home/detail?id=york:934328,yes,NA,Iris database,yes,NA,yes,NA,I didn't have any problems with this article,https://www.irisdatabase.org/iris/app/home/detail?id=york:934328,https://www.irisdatabase.org/iris/app/home/detail?id=york:934328,www.irisdatabase.org/iris/app/home/detail?id=york:934328,FALSE,this is an other case that I have coded to finalise
a001149,steve,2020-09-02,yes,NA,yes,NA,other,Article contains both links and provides accession numbers to data resources without hyperlinks,2,https://www.irisdatabase.org/iris/app/home/detail?id=york:934328,1,other,Embedded url has an invalid character - it should be a hyphen. Fixing the hyphen makes the url behave as expected,https://www.iris-database.org/iris/app/home/detail?id=york:934328,yes,NA,IRIS,other,Registration form required before data can be downloaded,yes,NA,"The linked data seems to be for a completely different study (in the journal Language Learning), nothing to do with the article at all.",https://www.irisdatabase.org/iris/app/home/detail?id=york:934328,https://www.irisdatabase.org/iris/app/home/detail?id=york:934328,www.irisdatabase.org/iris/app/home/detail?id=york:934328,TRUE,this is an other case that I have coded to finalise
a001186,adrian,2020-04-06,yes,NA,yes,NA,yes,NA,1,http://midus.colectica.org,1,yes,NA,https://midus.colectica.org/Account/Login,other,Subscription based repository,Midus,other,Needed login,no,NA,Link led to login page which required login. Could not access any files.,NA,http://midus.colectica.org,midus.colectica.org,TRUE,"link works on check, just requires a login (better addressed in files_exist)"
a001186,evelyn,2020-05-25,yes,NA,yes,NA,yes,NA,1,http://midus.colectica.org/,1,no,Login required,NA,NA,NA,NA,NA,NA,NA,NA,Login required,NA,http://midus.colectica.org/,midus.colectica.org,FALSE,"link works on check, just requires a login (better addressed in files_exist)"
a001215,sophia,2020-04-08,yes,NA,yes,NA,yes,NA,2,https://www.iris-database.org/iris/app/home/index,2,yes,NA,https://www.iris-database.org/iris/app/home/index,yes,NA,IRIS,no,NA,NA,NA,links to the general IRIS homepage,http://www.iris-database.org,http://www.iris-database.org,iris-database.org,FALSE,"coder wasn't egregiously wrong, just not optimal"
a001215,steve,2020-08-27,yes,NA,yes,NA,yes,NA,2,http://www.iris-database.org,2,other,"link works, but is to the generic homepage. Searching required to find actual data","https://www.iris-database.org/iris/app/home/detail?id=york:932759, https://www.iris-database.org/iris/app/home/detail?id=york:932760, https://www.iris-database.org/iris/app/home/detail?id=york:932690",yes,NA,IRIS,other,Registration form required before data can be downloaded,yes,NA,"There are three data sets associated with this article on IRIS, but only a single link to the IRIS homepage in the article PDF",http://www.iris-database.org,http://www.iris-database.org,iris-database.org,TRUE,This is the format to follow for links to repo home pages
a001221,sophia,2020-04-17,yes,NA,yes,NA,yes,NA,1,https://doi.org/10.7910/DVN/BAG0DS,1,no,"""DOI not found"" page",NA,NA,NA,NA,NA,NA,NA,NA,NA,NA,https://doi.org/10.7910/DVN/BAG0DS,doi.org/10.7910/DVN/BAG0DS,FALSE,"coder wasn't egregiously wrong, just not optimal"
a001221,steve,2020-07-27,yes,NA,yes,NA,yes,NA,1,https://doi.org/10.7910/DVN/BAG0DS,1,other,DOI not found; data found by searching Harvard Dataverse by author name,https://dataverse.harvard.edu/dataset.xhtml?persistentId=doi:10.7910/DVN/HIQ4BV,yes,NA,Harvard Dataverse,yes,NA,yes,NA,"Original link did not work, DOI does not exist",NA,https://doi.org/10.7910/DVN/BAG0DS,doi.org/10.7910/DVN/BAG0DS,TRUE,this is the best way to handle this scenario
a001247,kongmanas,2020-04-07,yes,NA,yes,NA,yes,NA,1,https://iris-database.org/,1,yes,NA,https://iris-database.org/iris/app/home/index;jsessionid=5BCE88A2C1B19F25A602F9BC2F29B920,yes,NA,IRIS,yes,NA,other,Need to register to before access to download,The registration is needed to download the data file,https://iris-database.org,https://iris-database.org,iris-database.org,FALSE,"coder wasn't egregiously wrong, just not optimal"
a001247,steve,2020-08-27,yes,NA,yes,NA,yes,NA,1,https://iris-database.org,1,other,"link works, but is to the generic homepage. Searching required to find actual data","https://iris-database.org/iris/app/home/detail?id=york:936419, https://www.dropbox.com/s/59czjr4u0nm1gsn/data.xlsx?dl=0, https://www.dropbox.com/s/7gqxg9spe2dx9n4/Grammar.exe?dl=0, https://www.dropbox.com/s/uasmo5werd5ebl1/Delayed.exe?dl=0",other,IRIS repo just links to files hosted on Dropbox,IRIS/Dropbox,other,"Registration form required before data can be downloaded. Files were actually hosted on Dropbox: https://www.dropbox.com/s/59czjr4u0nm1gsn/data.xlsx?dl=0, https://www.dropbox.com/s/7gqxg9spe2dx9n4/Grammar.exe?dl=0, https://www.dropbox.com/s/uasmo5werd5ebl1/Delayed.exe?dl=0",yes,NA,IRIS repo just links to files hosted on Dropbox,https://iris-database.org,https://iris-database.org,iris-database.org,TRUE,This is the format to follow for links to repo home pages
a001250,adrian,2020-04-06,yes,NA,yes,NA,yes,NA,2,https://dbk.gesis.org/DBKSearch/SDesc2.asp?no=6701,1,no,URL not found,NA,NA,NA,NA,NA,NA,NA,NA,Article had 2 links - This URL not found,https://dbk.gesis.org/DBKSearch/SDesc2.asp?no=6701,https://dbk.gesis.org/DBKSearch/SDesc2.asp?no=6701,dbk.gesis.org/DBKSearch/SDesc2.asp?no=6701,FALSE,this is an other case that I have coded to finalise
a001250,sophia,2020-04-08,yes,NA,yes,NA,yes,NA,2,https://dbk.gesis.org/DBKSearch/SDesc2asp?no=6701,1,no,404 Not found',NA,NA,NA,NA,NA,NA,NA,NA,NA,https://dbk.gesis.org/DBKSearch/SDesc2.asp?no=6701,https://dbk.gesis.org/DBKSearch/SDesc2.asp?no=6701,dbk.gesis.org/DBKSearch/SDesc2.asp?no=6701,FALSE,this is an other case that I have coded to finalise
a001250,steve,2020-09-02,yes,NA,yes,NA,yes,NA,2,https://dbk.gesis.org/DBKSearch/SDesc2.asp?no=6701,1,other,"As presented, link does not work, but searching from the gesis home page does locate the correct dataset",https://search.gesis.org/research_data/ZA6701,yes,NA,GESIS,other,Application required to access data,other,Was able to download metadata documents but no actual data,"Original link did not work but dataset locateable, need to apply to access data set",https://dbk.gesis.org/DBKSearch/SDesc2.asp?no=6701,https://dbk.gesis.org/DBKSearch/SDesc2.asp?no=6701,dbk.gesis.org/DBKSearch/SDesc2.asp?no=6701,TRUE,this is an other case that I have coded to finalise
a001280,matthew,2020-04-28,yes,NA,yes,NA,yes,NA,2,https://osf.io/cxc6f/,1,no,Invalid link,NA,NA,NA,NA,NA,NA,NA,NA,Invalid link,https://osf.io/cxc6f/,https://osf.io/cxc6f/,osf.io/cxc6f,FALSE,link works on check
a001280,michelle,2020-04-13,yes,NA,yes,NA,yes,NA,3,https://osf.io/cxc6f/,2,no,Page not found,NA,NA,NA,NA,NA,NA,NA,NA,Next 2 links - page was not found,https://osf.io/cxc6f/,https://osf.io/cxc6f/,osf.io/cxc6f,FALSE,link works on check
a001280,steve,2020-08-27,yes,NA,yes,NA,yes,NA,1,https://osf.io/cxc6f/,1,yes,NA,https://osf.io/cxc6f/,yes,NA,OSF,yes,NA,yes,NA,Article includes two other links which are just specific files or sub-projects within the main project link (https://osf.io/y3zcn/ and http://www.osf.io/p7xcj) - these were ignored in the final coding,https://osf.io/cxc6f/,https://osf.io/cxc6f/,osf.io/cxc6f,TRUE,link works on check
a001285,adrian,2020-04-06,yes,NA,yes,NA,yes,NA,3,https://www.iris-database.org,2,yes,NA,https://www.iris-database.org/iris/app/home/index;jsessionid=842A061272EFFFBB029516227029FD6F,yes,NA,Iris,no,NA,NA,NA,This was the general Iris welcome page. No files found.,https://www.iris-database.org,https://www.iris-database.org,iris-database.org,FALSE,this is an other case that I have coded to finalise
a001285,evelyn,2020-05-18,yes,NA,yes,NA,yes,NA,3,https://www.iris-database.org/iris/app/home/session-timeout,2,yes,NA,https://www.iris-database.org/iris/app/home/session-timeout,yes,NA,Iris Database,other,Login needed to access and download files,no,NA,Login needed to access and download files,https://www.iris-database.org,https://www.iris-database.org,iris-database.org,FALSE,this is an other case that I have coded to finalise
a001285,michelle,2020-04-30,yes,NA,yes,NA,yes,NA,3,https://www.iris-database.org,2,yes,NA,https://www.iris-database.org/iris/app/home/index;jsessionid=168DFE0BA9CC9F0FCF305D740E8B1B89,yes,NA,IRIS DATABASE,no,NA,NA,NA,"The link directs to the Irisdata base homepage, not to specific data pertaining to the article",https://www.iris-database.org,https://www.iris-database.org,iris-database.org,FALSE,this is an other case that I have coded to finalise
a001285,steve,2020-09-02,yes,NA,yes,NA,yes,NA,3,https://www.iris-database.org,2,other,"link works, but is to the generic homepage. Searching required to find actual data","https://www.iris-database.org/iris/app/home/detail?id=york:935317, https://github.com/izeh/i, https://github.com/rnorouzian/i/blob/master/i.r",other,IRIS repo just links to files hosted on Github,IRIS/Github,other,Registration form required before data can be downloaded,yes,NA,IRIS repo just links to files hosted on Github,https://www.iris-database.org,https://www.iris-database.org,iris-database.org,TRUE,this is an other case that I have coded to finalise
a001296,evelyn,2020-05-22,yes,NA,yes,NA,yes,NA,1,https://iris-database.org/,1,yes,NA,https://iris-database.org/iris/app/home/index;jsessionid=0F37B361668F42DACB8C820F623C0CDD,yes,NA,Iris Database,other,Require to search the article for the files with the provided link,no,NA,Require to search the article for the files with the provided link,NA,https://iris-database.org/,iris-database.org,FALSE,this is an other case that I have coded to finalise
a001296,matthew,2020-04-17,yes,NA,yes,NA,yes,NA,1,https://iris-database.org,1,yes,NA,https://iris-database.org/iris/app/home/index;jsessionid=632B272BDB4F94B4BF3CA11D342DE014,yes,NA,IRIS,other,"The link lead to the homepage of the repository, and I had to find the data of the document myself",yes,NA,"The link lead to the homepage of the repository, which made the user manually find the data to the document, also, to download, they collected information of the downloader.",NA,https://iris-database.org,iris-database.org,FALSE,this is an other case that I have coded to finalise
a001296,sophia,2020-04-27,yes,NA,yes,NA,yes,NA,1,https://iris-database.org,1,yes,NA,https://iris-database.org/iris/app/home/index,yes,NA,IRIS Database,other,link is for the IRIS database home page,no,NA,I didn't have any problems with this article,NA,https://iris-database.org,iris-database.org,FALSE,this is an other case that I have coded to finalise
a001296,steve,2020-09-02,yes,NA,yes,NA,yes,NA,1,https://iris-database.org,1,other,"link works, but is to the generic homepage. Searching required to find actual data","https://iris-database.org/iris/app/home/detail?id=york:936622, https://iris-database.org/iris/app/home/detail?id=york:936623, https://iris-database.org/iris/app/home/detail?id=york:936624, https://iris-database.org/iris/app/home/detail?id=york:936625, https://iris-database.org/iris/app/home/detail?id=york:936626",yes,NA,IRIS,other,Registration form required before data can be downloaded,yes,NA,"There are five data/materials sets associated with this article on IRIS, but no indication of this in article or elsewhere",NA,https://iris-database.org,iris-database.org,TRUE,this is an other case that I have coded to finalise
a001302,evelyn,2020-05-18,yes,NA,yes,NA,yes,NA,1,doi:10.7910/DVN/BXXWWW,1,no,DOI not found,NA,NA,NA,NA,NA,NA,NA,NA,DOI not found,NA,doi:10.7910/DVN/BXXWWW,doi:10.7910/DVN/BXXWWW,FALSE,DOIs which work can be simply coded as yes
a001302,kongmanas,2020-04-14,yes,NA,yes,NA,yes,NA,1,doi:10.7910/DVN/BXXWWW,1,yes,NA,https://dataverse.harvard.edu/dataset.xhtml?persistentId=doi:10.7910/DVN/BXXWWW,yes,NA,Harvard Dataverse,yes,NA,yes,NA,I didn't have any problems with this article,NA,doi:10.7910/DVN/BXXWWW,doi:10.7910/DVN/BXXWWW,TRUE,DOIs which work can be simply coded as yes
a001302,matthew,2020-04-28,yes,NA,yes,NA,yes,NA,1,doi:10.7910/DVN/BXXWWW.,1,other,"It is not a URL, the first link of a google search of this leads to the data",https://www.google.com/search?q=doi%3A10.7910%2FDVN%2FBXXWWW&rlz=1C1CHBF_en-GBAU890AU890&oq=doi%3A10.7910%2FDVN%2FBXXWWW&aqs=chrome..69i57j69i58.817j0j9&sourceid=chrome&ie=UTF-8,yes,NA,Harvard Dataverse,yes,NA,yes,NA,"The link was invalid, however, data is able to be found from a google search of the 'link' provided",NA,doi:10.7910/DVN/BXXWWW.,doi:10.7910/DVN/BXXWWW,FALSE,DOIs which work can be simply coded as yes
a001362,kongmanas,2020-04-20,yes,NA,yes,NA,yes,NA,1,https://osf.io/t79ca/,1,yes,NA,https://osf.io/t79ca/,yes,NA,OSF,yes,NA,yes,NA,I didn't have any problems with this article,NA,https://osf.io/t79ca/,osf.io/t79ca,FALSE,"coder wasn't egregiously wrong, just not optimal"
a001362,steve,2020-07-27,yes,NA,yes,NA,yes,NA,1,https://osf.io/t79ca/,1,other,"URL links to a specific file within a larger repository. The larger repository was downloaded as a whole, rather than the single file explicitly linked to.",https://osf.io/wke6z/,yes,NA,OSF,yes,NA,yes,NA,"URL links to a specific file within a larger repository. The larger repository was downloaded as a whole, rather than the single file explicitly linked to.",NA,https://osf.io/t79ca/,osf.io/t79ca,TRUE,this is the best way to handle this scenario
a001369,kongmanas,2020-04-07,yes,NA,yes,NA,yes,NA,1,https://dataverse.harvard.edu/dataset.xhtml?persistentId=https://doi.org/10.7910/DVN/GSQG1K,1,no,the link destination was not found,NA,NA,NA,NA,NA,NA,NA,NA,The provided link didn't work,https://dataverse.harvard.edu/dataset.xhtml?persistentId=https://doi.org/10.7910/DVN/GSQG1K,https://dataverse.harvard.edu/dataset.xhtml?persistentId=https://doi.org/10.7910/DVN/GSQG1K,dataverse.harvard.edu/dataset.xhtml?persistentId=https://doi.org/10.7910/DVN/GSQG1K,FALSE,problem url - coder couldn't get link as printed to work
a001369,nguyenlam,2020-04-11,yes,NA,yes,NA,yes,NA,2,https://doi.org/10.7910/DVN/GSQG1K,2,yes,NA,https://dataverse.harvard.edu/dataset.xhtml?persistentId=doi:10.7910/DVN/GSQG1K,yes,NA,Harvard Dataverse,yes,NA,yes,NA,Not have any problems,https://dataverse.harvard.edu/dataset.xhtml?persistentId=https://doi.org/10.7910/DVN/GSQG1K,https://dataverse.harvard.edu/dataset.xhtml?persistentId=https://doi.org/10.7910/DVN/GSQG1K,dataverse.harvard.edu/dataset.xhtml?persistentId=https://doi.org/10.7910/DVN/GSQG1K,FALSE,"coder auto-fixed url and kept coding, fair enough but not optimal"
a001369,steve,2020-08-29,yes,NA,yes,NA,yes,NA,1,https://dataverse.harvard.edu/dataset.xhtml?persistentId=https://doi.org/10.7910/DVN/GSQG1K,1,other,This link unsuccessfully attempts to combine the dataverse url with a doi-based url and doesn't work as printed - using the final part of the url (just the doi url) works though - https://doi.org/10.7910/DVN/GSQG1K,https://dataverse.harvard.edu/dataset.xhtml?persistentId=doi:10.7910/DVN/GSQG1K,yes,NA,Harvard Dataverse,yes,NA,yes,NA,"URL as printed in article does not work, but it is easy to recognise what the correct url is",https://dataverse.harvard.edu/dataset.xhtml?persistentId=https://doi.org/10.7910/DVN/GSQG1K,https://dataverse.harvard.edu/dataset.xhtml?persistentId=https://doi.org/10.7910/DVN/GSQG1K,dataverse.harvard.edu/dataset.xhtml?persistentId=https://doi.org/10.7910/DVN/GSQG1K,TRUE,this is the best way to handle this scenario
a001429,michelle,2020-04-30,yes,NA,yes,NA,yes,NA,1,http://www.tessexperiments.org/data/ferrer825.html,1,yes,NA,https://tessexperiments.org/data/ferrer825.html,other,"When you click on download data on the Tess website, it takes you to the OSF website",OSF,yes,NA,yes,NA,I didn't have any problems with this article,http://www.tessexperiments.org/data/ferrer825.html,http://www.tessexperiments.org/data/ferrer825.html,www.tessexperiments.org/data/ferrer825.html,FALSE,this is an other case that I have coded to finalise
a001429,oliver,2020-04-21,yes,NA,yes,NA,yes,NA,1,tessexperiments.org/data/ferrer825.html,1,other,"Link does work, but when you click ""download"" it leads you to OSF link - see resolved URL",https://osf.io/a42yg/,yes,NA,OSF,yes,NA,other,"Downloaded successfully, but zip file could not be extracted - operation not permitted",NA,http://www.tessexperiments.org/data/ferrer825.html,http://www.tessexperiments.org/data/ferrer825.html,www.tessexperiments.org/data/ferrer825.html,FALSE,this is an other case that I have coded to finalise
a001429,steve,2020-09-02,yes,NA,yes,NA,yes,NA,1,http://www.tessexperiments.org/data/ferrer825.html,1,other,"link results in a page not found error message, but straightforward to follow links and find correct data location (replace ""data"" with ""study"" in url). Correct page leads to an OSF project",https://osf.io/a42yg/,yes,NA,OSF,yes,NA,yes,NA,"Once figuring out how to navigate the custom group website, was straightforward",http://www.tessexperiments.org/data/ferrer825.html,http://www.tessexperiments.org/data/ferrer825.html,www.tessexperiments.org/data/ferrer825.html,TRUE,this is an other case that I have coded to finalise
a001430,kongmanas,2020-04-20,yes,NA,yes,NA,yes,NA,2,https://data.mendeley.com/submissions/evise/edit/rh22h25sw7?submission_id=S0022-1031(17)30623-6&token=3639d213-5e0d-437d-af76-0023d5b2081a,1,yes,NA,https://data.mendeley.com/submissions/evise/edit/rh22h25sw7?submission_id=S0022-1031(17)30623-6&token=3639d213-5e0d-437d-af76-0023d5b2081a,yes,NA,Mendeley,yes,NA,no,NA,"Something went wrong and data files cannot be downloaded. The data files cannot be downloaded, but there is a link to ""supplementary data"" stated in the article",https://data.mendeley.com/submissions/evise/edit/rh22h25sw7?submission_id=S0022-1031(17)30623-6&token=3639d213-5e0d-437d-af76-0023d5b2081a,https://data.mendeley.com/submissions/evise/edit/rh22h25sw7?submission_id=S0022-1031(17)30623-6&token=3639d213-5e0d-437d-af76-0023d5b2081a,data.mendeley.com/submissions/evise/edit/rh22h25sw7?submission_id=S0022-1031(17)30623-6&token=3639d213-5e0d-437d-af76-0023d5b2081a,FALSE,this is a problem url - coder technically correct
a001430,michelle,2020-04-06,yes,NA,yes,NA,yes,NA,1,https://data.mendeley.com/submissions/evise/edit/rh22h25sw7?submission_id= S0022-1031(17)30623-6&token=3639d213-5e0d-437d-af76- 0023d5b2081a,1,yes,NA,https://data.mendeley.com/,yes,NA,MENDELEY,other,"Directed to home page, appears that login is required to access data",no,NA,"Need to login to access data, and there was link to ""supplementary data"" at the journal's website - this link was ignored, as there was an explicit link to the open data. Supplementary data link: https://doi.org/10.1016/j.jesp.2018.01.007",https://data.mendeley.com/submissions/evise/edit/rh22h25sw7?submission_id=S0022-1031(17)30623-6&token=3639d213-5e0d-437d-af76-0023d5b2081a,https://data.mendeley.com/submissions/evise/edit/rh22h25sw7?submission_id=S0022-1031(17)30623-6&token=3639d213-5e0d-437d-af76-0023d5b2081a,data.mendeley.com/submissions/evise/edit/rh22h25sw7?submission_id=S0022-1031(17)30623-6&token=3639d213-5e0d-437d-af76-0023d5b2081a,FALSE,this is a problem url - coder technically correct
a001430,steve,2020-08-29,yes,NA,yes,NA,yes,NA,2,https://data.mendeley.com/submissions/evise/edit/rh22h25sw7?submission_id=S0022-1031(17)30623-6&token=3639d213-5e0d-437d-af76-0023d5b2081a,1,other,"Had to edit URL to remove non-alpha characters around the ""&"" in the string. Also, this is a link to the upload page for the authors - it is not for public use!!!",https://data.mendeley.com/submissions/evise/edit/rh22h25sw7?submission_id=S0022-1031(17)30623-6&token=3639d213-5e0d-437d-af76-0023d5b2081a,yes,NA,Mendeley,other,"There are files listed for upload, but they are not accessible",no,NA,This is a problematic error - it seems to allow any user to mess with the upload of data to the authors' repository???,https://data.mendeley.com/submissions/evise/edit/rh22h25sw7?submission_id=S0022-1031(17)30623-6&token=3639d213-5e0d-437d-af76-0023d5b2081a,https://data.mendeley.com/submissions/evise/edit/rh22h25sw7?submission_id=S0022-1031(17)30623-6&token=3639d213-5e0d-437d-af76-0023d5b2081a,data.mendeley.com/submissions/evise/edit/rh22h25sw7?submission_id=S0022-1031(17)30623-6&token=3639d213-5e0d-437d-af76-0023d5b2081a,TRUE,this is the best way to handle this scenario
a001430,kongmanas,2020-04-20,yes,NA,yes,NA,yes,NA,2,https://doi.org/10.1016/j.jesp.2018.01.007,2,yes,NA,https://www.sciencedirect.com/science/article/abs/pii/S0022103117306236?via%3Dihub,other,The data file is in the ScienceDirect website,NA,yes,NA,other,Need to register to before access to download,The registration is needed to download the data file,https://doi.org/10.1016/j.jesp.2018.01.007,https://doi.org/10.1016/j.jesp.2018.01.007,doi.org/10.1016/j.jesp.2018.01.007,FALSE,"coder wasn't egregiously wrong, just not optimal"
a001430,steve,2020-08-29,yes,NA,yes,NA,yes,NA,2,https://doi.org/10.1016/j.jesp.2018.01.007,2,other,"This is the journal web page for the article (https://www.sciencedirect.com/science/article/abs/pii/S0022103117306236?via%3Dihub), it contains a proper link to the Mendeley repo (https://data.mendeley.com/datasets/rh22h25sw7/1)",https://data.mendeley.com/datasets/rh22h25sw7/1,yes,NA,Mendeley,yes,NA,yes,NA,"Had to go to the journal webpage, then follow link to Mendeley from there. Otherwise, straightforward",https://doi.org/10.1016/j.jesp.2018.01.007,https://doi.org/10.1016/j.jesp.2018.01.007,doi.org/10.1016/j.jesp.2018.01.007,TRUE,this is the best way to handle this scenario
a001443,sophia,2020-04-05,yes,NA,yes,NA,yes,NA,2,https://doi.org/10.17863/CAM.7153,2,yes,NA,https://www.repository.cam.ac.uk/handle/1810/261918,yes,NA,"Apollo, University of Cambridge",yes,NA,yes,NA,I didn't have any problems with this article,doi.org/10.17863/CAM.7153;the,doi.org/10.17863/CAM.7153;the,doi.org/10.17863/CAM.7153;the,FALSE,"coder auto-fixed url and kept coding, fair enough but not optimal"
a001443,steve,2020-08-29,yes,NA,yes,NA,yes,NA,2,https://doi.org/10.17863/CAM.7153;the,2,other,"The link as copied contains a bit of extraneous text at the end ("";the""), removing this makes the url work fine. Clicking on the link directly from PDF results in an error",https://www.repository.cam.ac.uk/handle/1810/261918,yes,NA,Apollo (University of Cambridge),yes,NA,yes,NA,"Apart from url issue, straightforward",https://doi.org/10.17863/CAM.7153;the,https://doi.org/10.17863/CAM.7153;the,doi.org/10.17863/CAM.7153;the,TRUE,this is the best way to handle this scenario
a001463,evelyn,2020-04-10,yes,NA,yes,NA,other,DOI provided,1,DOI 10.17605/OSF.IO/KZ483,1,other,OSF respository appears in google search,https://osf.io/kz483/,yes,NA,OSF,yes,NA,yes,NA,DOI link provided. OSF repository with the data files appear when using the DOI link for a google search,DOI 10.17605/OSF.IO/KZ483,DOI 10.17605/OSF.IO/KZ483,DOI 10.17605/OSF.IO/KZ483,FALSE,DOIs which work can be simply coded as yes
a001463,oliver,2020-04-23,yes,NA,yes,NA,yes,NA,1,osf.io/KZ483/,1,yes,NA,https://osf.io/KZ483/,yes,NA,OSF,yes,NA,yes,NA,NA,DOI 10.17605/OSF.IO/KZ483,DOI 10.17605/OSF.IO/KZ483,DOI 10.17605/OSF.IO/KZ483,TRUE,coder correct for the wrong reason
a001466,michelle,2020-04-24,yes,NA,yes,NA,yes,NA,1,https://osf.io/jpbnu/?view_only=2ba7656345b94dacaf1210e8185a5967,1,yes,NA,https://osf.io/jpbnu/?view_only=2ba7656345b94dacaf1210e8185a5967,yes,NA,OSF,yes,NA,yes,NA,I didn't have any problems with this article,https://osf.io/register/ https://osf.io/jpbnu/?view_only = 2ba7656345b94dacaf1210e8185a5967,https://osf.io/register/ https://osf.io/jpbnu/?view_only = 2ba7656345b94dacaf1210e8185a5967,osf.io/register/ https://osf.io/jpbnu/?view_only = 2ba7656345b94dacaf1210e8185a5967,FALSE,this is an other case that I have coded to finalise
a001466,sophia,2020-04-11,yes,NA,yes,NA,yes,NA,1,https://osf.io/register/%20https://osf.io/jpbnu/?view_only%20=%202ba7656345b94dacaf1210e8185a5967,1,no,"""OSF Page not found"" error",NA,NA,NA,NA,NA,NA,NA,NA,page not found,https://osf.io/register/ https://osf.io/jpbnu/?view_only = 2ba7656345b94dacaf1210e8185a5967,https://osf.io/register/ https://osf.io/jpbnu/?view_only = 2ba7656345b94dacaf1210e8185a5967,osf.io/register/ https://osf.io/jpbnu/?view_only = 2ba7656345b94dacaf1210e8185a5967,FALSE,this is an other case that I have coded to finalise
a001466,steve,2020-09-02,yes,NA,yes,NA,yes,NA,1,https://osf.io/register/ https://osf.io/jpbnu/?view_only = 2ba7656345b94dacaf1210e8185a5967,1,other,"The embedded link does not work as it is a combining of two separate urls, one of which is irrelevant, also spaces are introduced. After correcting the obvious problems with the url, the link works as expected",https://osf.io/jpbnu/?view_only=2ba7656345b94dacaf1210e8185a5967,yes,NA,OSF,yes,NA,yes,NA,Once url was cleaned was straightforward,https://osf.io/register/ https://osf.io/jpbnu/?view_only = 2ba7656345b94dacaf1210e8185a5967,https://osf.io/register/ https://osf.io/jpbnu/?view_only = 2ba7656345b94dacaf1210e8185a5967,osf.io/register/ https://osf.io/jpbnu/?view_only = 2ba7656345b94dacaf1210e8185a5967,TRUE,this is an other case that I have coded to finalise
a001476,sophia,2020-04-05,yes,NA,yes,NA,yes,NA,2,https://forscenter.ch/en/our-surveys/swiss-household-panel/,2,no,error 404',NA,NA,NA,NA,NA,NA,NA,NA,NA,http://forscenter.ch/en/our-surveys/swiss-household-panel/,http://forscenter.ch/en/our-surveys/swiss-household-panel/,forscenter.ch/en/our-surveys/swiss-household-panel,FALSE,"coder wasn't egregiously wrong, just not optimal"
a001476,steve,2020-08-29,yes,NA,yes,NA,yes,NA,3,http://forscenter.ch/en/our-surveys/swiss-household-panel/,2,other,"Link as provided results in a 404 error, but the links on the website make it very easy to find the updated location of the data (link via https://forscenter.ch/projects/swiss-household-panel/)",https://forsbase.unil.ch/project/study-public-overview/16970/0/,yes,NA,FORSbase,other,Files require an account login to access,no,NA,Access to data controlled by the FORSbase staff (see https://forsbase.unil.ch/base/faqs/#1.2 - not guaranteed that data can be accessed),http://forscenter.ch/en/our-surveys/swiss-household-panel/,http://forscenter.ch/en/our-surveys/swiss-household-panel/,forscenter.ch/en/our-surveys/swiss-household-panel,TRUE,this is the best way to handle this scenario
a001501,adrian,2020-04-06,yes,NA,yes,NA,yes,NA,1,https://dx.doi.org/10.7910/DVN/DEMP8Q,1,no,DOI not found,NA,NA,NA,NA,NA,NA,NA,NA,Error: DOI not found,NA,https://dx.doi.org/10.7910/DVN/DEMP8Q,dx.doi.org/10.7910/DVN/DEMP8Q,FALSE,"coder wasn't egregiously wrong, just not optimal"
a001501,steve,2020-07-27,yes,NA,yes,NA,yes,NA,1,http://dx.doi.org/10.7910/DVN/DEMP8Q,1,other,DOI not found; data found by searching Harvard Dataverse by author name,https://dataverse.harvard.edu/dataset.xhtml?persistentId=doi:10.7910/DVN/NMJ4W9,yes,NA,Harvard Dataverse,yes,NA,yes,NA,"Original link did not work, DOI does not exist",NA,http://dx.doi.org/10.7910/DVN/DEMP8Q,dx.doi.org/10.7910/DVN/DEMP8Q,TRUE,this is the best way to handle this scenario
a001512,phuong,2020-04-23,yes,NA,yes,NA,yes,NA,2,http://tinyurl.com/zvgu6hh,2,no,the hyperlink was incorrect - http://ti-nyurl.com/zvgu6hh,NA,NA,NA,NA,NA,NA,NA,NA,NA,http://ti-nyurl.com/zvgu6hh,http://ti-nyurl.com/zvgu6hh,ti-nyurl.com/zvgu6hh,FALSE,this is an other case that I have coded to finalise
a001512,sophia,2020-04-11,yes,NA,yes,NA,yes,NA,2,http://tinyurl.com/zvgu6hh,2,yes,NA,https://osf.io/v8kpt/?view_only=c0217f1a298d442e92bb98bbc39465e8,yes,NA,OSF,yes,NA,yes,NA,I didn't have any problems with this article,http://ti-nyurl.com/zvgu6hh,http://ti-nyurl.com/zvgu6hh,ti-nyurl.com/zvgu6hh,FALSE,this is an other case that I have coded to finalise
a001512,steve,2020-09-02,yes,NA,yes,NA,yes,NA,2,http://ti-nyurl.com/zvgu6hh,2,other,"hyphen introduced into url by line break. Clicking link directly results in an error. Once removed, link works as expected",https://osf.io/v8kpt/?view_only=c0217f1a298d442e92bb98bbc39465e8,yes,NA,OSF,yes,NA,yes,NA,Once url was cleaned was straightforward,http://ti-nyurl.com/zvgu6hh,http://ti-nyurl.com/zvgu6hh,ti-nyurl.com/zvgu6hh,TRUE,this is an other case that I have coded to finalise
a001512,phuong,2020-04-23,yes,NA,yes,NA,yes,NA,2,http://tinyurl.com/hwmo9t6,1,no,the hyperlink was incorrect - http://ti-nyurl.com/zvgu6hh,NA,NA,NA,NA,NA,NA,NA,NA,NA,http://tinyurl.com/hwmo9t6,http://tinyurl.com/hwmo9t6,tinyurl.com/hwmo9t6,FALSE,coder pasted the wrong response here - it was meant for the other url
a001512,sophia,2020-04-11,yes,NA,yes,NA,yes,NA,2,http://tinyurl.com/hwmo9t6,1,yes,NA,https://osf.io/f7qbp/?view_only=d03edf108c9f424ba7ba1066929a9400,yes,NA,OSF,yes,NA,yes,NA,I didn't have any problems with this article,http://tinyurl.com/hwmo9t6,http://tinyurl.com/hwmo9t6,tinyurl.com/hwmo9t6,TRUE,link works on check
a001512,steve,2020-09-02,yes,NA,yes,NA,yes,NA,2,http://tinyurl.com/hwmo9t6,1,yes,NA,https://osf.io/f7qbp/?view_only=d03edf108c9f424ba7ba1066929a9400,yes,NA,OSF,yes,NA,yes,NA,"Straightforward, no issues",http://tinyurl.com/hwmo9t6,http://tinyurl.com/hwmo9t6,tinyurl.com/hwmo9t6,TRUE,link works on check
a001545,michelle,2020-04-16,yes,NA,yes,NA,yes,NA,2,https://nces.ed.gov/ecls/dataproducts.asp,2,no,Error 403: Forbidden - access is denied,NA,NA,NA,NA,NA,NA,NA,NA,Error 403 - Forbidden access to link 2,https://nces.ed.gov/ecls/dataproducts.asp,https://nces.ed.gov/ecls/dataproducts.asp,nces.ed.gov/ecls/dataproducts.asp,FALSE,link works on check
a001545,steve,2020-07-27,yes,NA,yes,NA,yes,NA,3,https://nces.ed.gov/ecls/dataproducts.asp,2,yes,NA,https://nces.ed.gov/ecls/dataproducts.asp,yes,NA,NCES,yes,NA,partial,Total download size exceeded 100MB,"Site has many large files for download, but all seem publicly available",https://nces.ed.gov/ecls/dataproducts.asp,https://nces.ed.gov/ecls/dataproducts.asp,nces.ed.gov/ecls/dataproducts.asp,TRUE,link works on check
a001561,evelyn,2020-04-22,yes,NA,yes,NA,yes,NA,1,http://dx.doi:10.7910/DVN/RSD5BV,1,no,"link does not work, but it does yield a google search result to the article, where files can be viewed and downloaded",NA,NA,NA,NA,NA,NA,NA,NA,"link does not work, but it does yield a google search result to the article, where files can be viewed and downloaded",NA,http://dx.doi:10.7910/DVN/RSD5BV,dx.doi:10.7910/DVN/RSD5BV,FALSE,"coder wasn't egregiously wrong, just not optimal"
a001561,sophia,2020-04-24,yes,NA,yes,NA,yes,NA,1,http://dx.doi:10.7910/DVN/RSD5BV,1,other,"The link didn't work, but when I changed the colon to .org, it worked.",https://dataverse.harvard.edu/dataset.xhtml?persistentId=doi:10.7910/DVN/RSD5BV,yes,NA,Harvard Dataverse Network,yes,NA,yes,NA,I didn't have any problems with this article,NA,http://dx.doi:10.7910/DVN/RSD5BV,dx.doi:10.7910/DVN/RSD5BV,TRUE,this is the best way to handle this scenario