study_id,coder,date_coded,has_data_badge,has_data_badge_other,data_availability_statement,data_availability_statement_other,article_has_links,article_has_links_other,number_of_links,link_url,link_number,link_work,link_work_noother,resolved_url,is_repository,is_repository_other,repository_name,files_exist,files_exist_other,download_success,download_success_other,notes,corrected_link_url,link_url_for_cleaning,link_url_cleaned,corrected_resolved_url,resolved_url_for_cleaning,resolved_url_cleaned,use_code,review_note
a000001,oliver,2020-04-25,yes,NA,yes,NA,yes,NA,1,osf.io/d2jwb/,1,yes,NA,https://osf.io/d2jwb/files/,yes,NA,OSF,yes,NA,yes,NA,NA,NA,osf.io/d2jwb/,osf.io/d2jwb,https://osf.io/d2jwb,https://osf.io/d2jwb,osf.io/d2jwb,TRUE,"iter01: coder who coded ""no"" likely missed subtle ""files"" link. Recode this to ensure a second coder?"
a000001,sophia,2020-04-04,yes,NA,yes,NA,yes,NA,1,https://osf.io/d2jwb,1,yes,NA,https://osf.io/d2jwb,yes,NA,OSF,no,NA,NA,NA,OSF page was empty,NA,https://osf.io/d2jwb,osf.io/d2jwb,https://osf.io/d2jwb,https://osf.io/d2jwb,osf.io/d2jwb,FALSE,"iter01: coder who coded ""no"" likely missed subtle ""files"" link. Recode this to ensure a second coder?"
a000001,steve,2020-11-22,yes,NA,yes,NA,yes,NA,1,https://osf.io/d2jwb,1,yes,NA,https://osf.io/d2jwb,yes,NA,OSF Registries,yes,NA,yes,NA,"Straightforward, no issues",NA,https://osf.io/d2jwb,osf.io/d2jwb,https://osf.io/d2jwb,https://osf.io/d2jwb,osf.io/d2jwb,TRUE,"iter02: steve coded, confirmed ""yes"" value"
a000031,evelyn,2020-05-22,yes,NA,yes,NA,yes,NA,2,https://scholarbank.nus.edu.sg/handle/10635/150104,1,yes,NA,https://scholarbank.nus.edu.sg/handle/10635/150104,yes,NA,National University of Singapore Library,yes,NA,no,NA,Need to enter details to download files,https://doi.org/10.25540/3wd8-dffw,https://doi.org/10.25540/3wd8-dffw,doi.org/10.25540/3wd8-dffw,https://scholarbank.nus.edu.sg/handle/10635/150104,https://scholarbank.nus.edu.sg/handle/10635/150104,scholarbank.nus.edu.sg/handle/10635/150104,FALSE,iter02: steve coded and captured correct files_exist value for this case (agreement required)
a000031,sophia,2020-04-17,yes,NA,yes,NA,yes,NA,2,https://doi.org/10.25540/3wd8-dffw.,2,yes,NA,https://scholarbank.nus.edu.sg/handle/10635/150104,yes,NA,NUS Libraries,yes,NA,other,"only allows me to view the files, but not download them",NA,https://doi.org/10.25540/3wd8-dffw,https://doi.org/10.25540/3wd8-dffw,doi.org/10.25540/3wd8-dffw,https://scholarbank.nus.edu.sg/handle/10635/150104,https://scholarbank.nus.edu.sg/handle/10635/150104,scholarbank.nus.edu.sg/handle/10635/150104,FALSE,iter02: steve coded and captured correct files_exist value for this case (agreement required)
a000031,steve,2020-11-22,yes,NA,yes,NA,yes,NA,2,https://doi.org/10.25540/3wd8-dffw,2,yes,NA,https://scholarbank.nus.edu.sg/handle/10635/150104,yes,NA,ScholarBank@NUS,other,Need to fill out a 'guestbook' and accept terms of use before being allowed to download,other,"There was one file (scans.zip) which has status ""CLOSED; Request a copy""; this is because it has been superceded by a v2 of the file. Accessible scans file (Scans v2.zip) was 2.41GB - downloaded to check, but file not uploaded to Google Drive","The links to data are in a section at the end called ""Resources"" - this counts as a data avail. statement",https://doi.org/10.25540/3wd8-dffw,https://doi.org/10.25540/3wd8-dffw,doi.org/10.25540/3wd8-dffw,https://scholarbank.nus.edu.sg/handle/10635/150104,https://scholarbank.nus.edu.sg/handle/10635/150104,scholarbank.nus.edu.sg/handle/10635/150104,TRUE,iter02: steve coded and captured correct files_exist value for this case (agreement required)
a000032,andy,2020-07-16,yes,NA,yes,NA,yes,NA,1,https://doi.org/10.6096/MISTRALS-HyMeX.1406,1,yes,NA,https://mistrals.sedoo.fr/HyMeX/?editDatsId=1406,other,Repository for a specific research program only,NA,yes,NA,other,Need a a password to login to download,NA,NA,https://doi.org/10.6096/MISTRALS-HyMeX.1406,doi.org/10.6096/MISTRALS-HyMeX.1406,NA,https://mistrals.sedoo.fr/HyMeX/?editDatsId=1406,mistrals.sedoo.fr/HyMeX/?editDatsId=1406,FALSE,"iter02: steve and andy coded, steve coded correctly"
a000032,steve,2020-07-06,yes,NA,yes,NA,yes,NA,1,https://doi.org/10.6096/MISTRALS-HyMeX.1406,1,yes,NA,https://mistrals.sedoo.fr/HyMeX/?editDatsId=1406,yes,NA,HyMeX database,other,Account registration required,no,NA,Account required to access the HyMeX database,NA,https://doi.org/10.6096/MISTRALS-HyMeX.1406,doi.org/10.6096/MISTRALS-HyMeX.1406,NA,https://mistrals.sedoo.fr/HyMeX/?editDatsId=1406,mistrals.sedoo.fr/HyMeX/?editDatsId=1406,TRUE,"iter02: steve and andy coded, steve coded correctly"
a000062,adrian,2020-04-03,yes,NA,yes,NA,yes,NA,1,http://thedata.harvard.edu/dvn/dv/PainData,1,yes,NA,https://dataverse.harvard.edu/dataverse/PainData,yes,NA,Dataverse,yes,NA,yes,NA,Dataverse contained 2 different folders for separate projects. Actual data was in 2nd folder. Redirected site for 2nd folder was 'https://dataverse.harvard.edu/dataset.xhtml?persistentId=doi:10.7910/DVN/27813',NA,http://thedata.harvard.edu/dvn/dv/PainData,thedata.harvard.edu/dvn/dv/PainData,https://dataverse.harvard.edu/dataverse/PainData,https://dataverse.harvard.edu/dataverse/PainData,dataverse.harvard.edu/dataverse/PainData,TRUE,
a000062,aniruddah,2020-04-07,yes,NA,yes,NA,yes,NA,1,http://thedata.harvard.edu/dvn/dv/PainData,1,yes,NA,https://dataverse.harvard.edu/dataverse/PainData,yes,NA,Harvard Dataverse,yes,NA,yes,NA,"Here, the repo link contained two different data sets, and intuition via cross-referencing data set and article publishing dates helped identify which data set to download.",NA,http://thedata.harvard.edu/dvn/dv/PainData,thedata.harvard.edu/dvn/dv/PainData,https://dataverse.harvard.edu/dataverse/PainData,https://dataverse.harvard.edu/dataverse/PainData,dataverse.harvard.edu/dataverse/PainData,TRUE,
a000062,evelyn,2020-04-03,yes,NA,yes,NA,yes,NA,1,http://thedata.harvard.edu/dvn/dv/PainData,1,yes,NA,https://dataverse.harvard.edu/dataverse/PainData,yes,NA,Harvard Dataverse,yes,NA,yes,NA,I didn't have any problems with this article,NA,http://thedata.harvard.edu/dvn/dv/PainData,thedata.harvard.edu/dvn/dv/PainData,https://dataverse.harvard.edu/dataverse/PainData,https://dataverse.harvard.edu/dataverse/PainData,dataverse.harvard.edu/dataverse/PainData,TRUE,
a000062,kongmanas,2020-04-02,yes,NA,yes,NA,yes,NA,1,http://thedata.harvard.edu/dvn/dv/PainData,1,yes,NA,https://dataverse.harvard.edu/dataverse/PainData,yes,NA,Harvard Dataverse,yes,NA,yes,NA,I didn't have any problems with this article,NA,http://thedata.harvard.edu/dvn/dv/PainData,thedata.harvard.edu/dvn/dv/PainData,https://dataverse.harvard.edu/dataverse/PainData,https://dataverse.harvard.edu/dataverse/PainData,dataverse.harvard.edu/dataverse/PainData,TRUE,
a000062,matthew,2020-04-10,yes,NA,yes,NA,yes,NA,1,http://thedata.harvard.edu/dvn/dv/PainData,1,yes,NA,https://dataverse.harvard.edu/dataverse/PainData,yes,NA,Havard Dataverse,yes,NA,yes,NA,"Linkes to two sets of data, both were included in the 'data' file of the google docs",NA,http://thedata.harvard.edu/dvn/dv/PainData,thedata.harvard.edu/dvn/dv/PainData,https://dataverse.harvard.edu/dataverse/PainData,https://dataverse.harvard.edu/dataverse/PainData,dataverse.harvard.edu/dataverse/PainData,TRUE,
a000062,michelle,2020-04-02,yes,NA,yes,NA,yes,NA,1,http://thedata.harvard.edu/dvn/dv/PainData,1,yes,NA,https://dataverse.harvard.edu/dataverse/PainData,yes,NA,HARVARD,yes,NA,yes,NA,I didn't have any problems with this article,NA,http://thedata.harvard.edu/dvn/dv/PainData,thedata.harvard.edu/dvn/dv/PainData,https://dataverse.harvard.edu/dataverse/PainData,https://dataverse.harvard.edu/dataverse/PainData,dataverse.harvard.edu/dataverse/PainData,TRUE,
a000062,nguyenlam,2020-04-04,yes,NA,yes,NA,yes,NA,1,http://thedata.harvard.edu/dvn/dv/PainData,1,yes,NA,https://dataverse.harvard.edu/dataverse/PainData,yes,NA,Harvard Dataverse,yes,NA,yes,NA,Not have any problems,NA,http://thedata.harvard.edu/dvn/dv/PainData,thedata.harvard.edu/dvn/dv/PainData,https://dataverse.harvard.edu/dataverse/PainData,https://dataverse.harvard.edu/dataverse/PainData,dataverse.harvard.edu/dataverse/PainData,TRUE,
a000062,oliver,2020-04-02,yes,NA,yes,NA,yes,NA,1,thedata.harvard.edu/dvn/dv/PainData,1,yes,NA,http://thedata.harvard.edu/dvn/dv/PainData,other,Harvard version of Dataverse,Dataverse,other,Yes. Replication data also present.,yes,NA,NA,NA,thedata.harvard.edu/dvn/dv/PainData,thedata.harvard.edu/dvn/dv/PainData,https://dataverse.harvard.edu/dataverse/PainData,https://dataverse.harvard.edu/dataverse/PainData,dataverse.harvard.edu/dataverse/PainData,FALSE,"iter01: coder means yes, just wanted to add some detail as a comment."
a000062,phuong,2020-04-06,yes,NA,yes,NA,yes,NA,1,http://thedata.harvard.edu/dvn/dv/PainData,1,yes,NA,https://dataverse.harvard.edu/dataverse/PainData,yes,NA,Harvard Dataverse,yes,NA,yes,NA,The link points to a page containing datatsets from 2 different research papers,NA,http://thedata.harvard.edu/dvn/dv/PainData,thedata.harvard.edu/dvn/dv/PainData,https://dataverse.harvard.edu/dataverse/PainData,https://dataverse.harvard.edu/dataverse/PainData,dataverse.harvard.edu/dataverse/PainData,TRUE,
a000062,sophia,2020-04-02,yes,NA,yes,NA,yes,NA,1,http://thedata.harvard.edu/dvn/dv/PainData,1,yes,NA,https://dataverse.harvard.edu/dataverse/PainData,yes,NA,Harvard Dataverse Network,yes,NA,yes,NA,"I had to click on a second link to get the specific data for this paper. There was link to ""supplementary data"" at the journal's website - this link was ignored, as there was an explicit link to the open data.",NA,http://thedata.harvard.edu/dvn/dv/PainData,thedata.harvard.edu/dvn/dv/PainData,https://dataverse.harvard.edu/dataverse/PainData,https://dataverse.harvard.edu/dataverse/PainData,dataverse.harvard.edu/dataverse/PainData,TRUE,
a000074,evelyn,2020-05-22,yes,NA,yes,NA,yes,NA,1,https://osf.io/t9c52/,1,yes,NA,https://osf.io/t9c52/,yes,NA,OSF,yes,NA,yes,NA,I didn't have any problems with this article,NA,https://osf.io/t9c52/,osf.io/t9c52,NA,https://osf.io/t9c52/,osf.io/t9c52,TRUE,
a000074,kongmanas,2020-04-03,yes,NA,yes,NA,yes,NA,1,https://osf.io/t9c52/,1,yes,NA,https://osf.io/t9c52,yes,NA,OSF,no,NA,NA,NA,There is no available data file; only said 'no response',NA,https://osf.io/t9c52/,osf.io/t9c52,NA,https://osf.io/t9c52,osf.io/t9c52,FALSE,iter01: given the notes comment it looks like coder may have had a connection error - files clearly there
a000074,oliver,2020-04-04,yes,NA,yes,NA,yes,NA,1,osf.io/t9c52/,1,yes,NA,https://osf.io/t9c52,yes,NA,OSF,yes,NA,yes,NA,NA,NA,osf.io/t9c52/,osf.io/t9c52,NA,https://osf.io/t9c52,osf.io/t9c52,TRUE,
a000119,kongmanas,2020-04-03,yes,NA,yes,NA,yes,NA,1,https://osf.io/3ymbu/,1,yes,NA,https://osf.io/3ymbu,yes,NA,OSF,no,NA,NA,NA,There is no available data file.,NA,https://osf.io/3ymbu/,osf.io/3ymbu,https://osf.io/3ymbu,https://osf.io/3ymbu,osf.io/3ymbu,FALSE,"iter02: steve recoded, found there were files"
a000119,steve,2020-11-22,yes,NA,yes,NA,yes,NA,1,https://osf.io/3ymbu/,1,yes,NA,https://osf.io/3ymbu,yes,NA,OSF Registries,yes,NA,yes,NA,"Straightforward, no issues",NA,https://osf.io/3ymbu/,osf.io/3ymbu,https://osf.io/3ymbu,https://osf.io/3ymbu,osf.io/3ymbu,TRUE,"iter02: steve recoded, found there were files"
a000391,michelle,2020-05-05,yes,NA,yes,NA,yes,NA,2,https://www.iris-database.org/iris/app/home/detail?id=york:934328,1,yes,NA,https://www.iris-database.org/iris/app/home/detail?id=york:934328,yes,NA,IRIS DATABASE,yes,NA,other,Need to fill in a form to download data,Did not download data as form is required to be filled out,https://www.iris-database.org/iris/app/home/detail?id=york:934328,https://www.iris-database.org/iris/app/home/detail?id=york:934328,iris-database.org/iris/app/home/detail?id=york:934328,NA,https://www.iris-database.org/iris/app/home/detail?id=york:934328,www.iris-database.org/iris/app/home/detail?id=york:934328,FALSE,"iter01: steve coded, I have the correct way to handle the registration form required"
a000391,sophia,2020-04-10,yes,NA,yes,NA,yes,NA,1,https://www.iris-database.org/iris/app/home/detail?id=york:934328,1,yes,NA,https://www.iris-database.org/iris/app/home/detail?id=york:934328,yes,NA,IRIS Database,yes,NA,yes,NA,I didn't have any problems with this article,https://www.iris-database.org/iris/app/home/detail?id=york:934328,https://www.iris-database.org/iris/app/home/detail?id=york:934328,iris-database.org/iris/app/home/detail?id=york:934328,NA,https://www.iris-database.org/iris/app/home/detail?id=york:934328,www.iris-database.org/iris/app/home/detail?id=york:934328,FALSE,"iter01: steve coded, I have the correct way to handle the registration form required"
a000391,steve,2020-09-02,yes,NA,yes,NA,other,Article contains both links and provides accession numbers to data resources without hyperlinks,4,https://www.iris-database.org/iris/app/home/detail?id=york:934328,1,yes,NA,https://www.iris-database.org/iris/app/home/detail?id=york:934328,yes,NA,IRIS,other,Registration form required before data can be downloaded,yes,NA,"Straightforward, no issues",https://www.iris-database.org/iris/app/home/detail?id=york:934328,https://www.iris-database.org/iris/app/home/detail?id=york:934328,iris-database.org/iris/app/home/detail?id=york:934328,NA,https://www.iris-database.org/iris/app/home/detail?id=york:934328,www.iris-database.org/iris/app/home/detail?id=york:934328,TRUE,
a000393,andy,2020-11-05,yes,NA,yes,NA,yes,NA,1,http://osf.io/9ge7n,1,yes,NA,https://osf.io/9ge7n,yes,NA,OSF,other,- with data files,yes,NA,Link to main OSF page https://osf.io/vkjsf/,NA,http://osf.io/9ge7n,osf.io/9ge7n,NA,https://osf.io/9ge7n,osf.io/9ge7n,FALSE,"iter02: steve coded, andy went to reg from link instead of files link? They are the same anyway"
a000393,matthew,2020-04-22,yes,NA,yes,NA,yes,NA,1,http://osf.io/9ge7n,1,yes,NA,https://osf.io/9ge7n,yes,NA,OSF,yes,NA,yes,NA,No problems with this article,NA,http://osf.io/9ge7n,osf.io/9ge7n,NA,https://osf.io/9ge7n,osf.io/9ge7n,TRUE,"iter02: steve coded, andy went to reg from link instead of files link? They are the same anyway"
a000393,steve,2020-07-24,yes,NA,yes,NA,yes,NA,1,http://osf.io/9ge7n,1,yes,NA,https://osf.io/9ge7n,yes,NA,OSF Registries,yes,NA,yes,NA,"Straightforward, no issues",NA,http://osf.io/9ge7n,osf.io/9ge7n,NA,https://osf.io/9ge7n,osf.io/9ge7n,TRUE,"iter02: steve coded, andy went to reg from link instead of files link? They are the same anyway"
a000518,andy,2020-11-09,yes,NA,yes,NA,yes,NA,1,https://iris-database.org,1,other,Link to IRIS homepage only,https://iris-database.org/iris/app/home/index;jsessionid=59ED1A2954384E1119412245521AD575,yes,NA,IRIS,yes,NA,yes,NA,Had to search repository for correct files.,NA,https://iris-database.org,iris-database.org,https://iris-database.org/iris/app/home/detail?id=york:934567,https://iris-database.org/iris/app/home/detail?id=york:934567,iris-database.org/iris/app/home/detail?id=york:934567,FALSE,iter02: steve has correct coding
a000518,steve,2020-09-01,yes,NA,yes,NA,yes,NA,1,https://iris-database.org,1,other,"link works, but is to the generic homepage. Searching required to find actual data",https://iris-database.org/iris/app/home/detail?id=york:934567,yes,NA,IRIS,other,Registration form required before data can be downloaded,yes,NA,"Link was to home page of repository, had to search and then complete info form to download data",NA,https://iris-database.org,iris-database.org,https://iris-database.org/iris/app/home/detail?id=york:934567,https://iris-database.org/iris/app/home/detail?id=york:934567,iris-database.org/iris/app/home/detail?id=york:934567,TRUE,iter02: steve has correct coding
a000569,michelle,2020-05-01,yes,NA,yes,NA,yes,NA,1,osf.io/vh5jt,1,yes,NA,https://osf.io/vh5jt,yes,NA,OSF,yes,NA,yes,NA,I didn't have any problems with this article,NA,osf.io/vh5jt,osf.io/vh5jt,NA,https://osf.io/vh5jt,osf.io/vh5jt,TRUE,"iter01: coder who coded ""no"" likely missed subtle ""files"" link. Recode this to ensure a second coder?"
a000569,sophia,2020-04-04,yes,NA,yes,NA,yes,NA,1,https://osf.io/vh5jt,1,yes,NA,https://osf.io/vh5jt,yes,NA,OSF,no,NA,NA,NA,OSF page was empty,NA,https://osf.io/vh5jt,osf.io/vh5jt,NA,https://osf.io/vh5jt,osf.io/vh5jt,FALSE,"iter01: coder who coded ""no"" likely missed subtle ""files"" link. Recode this to ensure a second coder?"
a000569,steve,2020-11-24,yes,NA,yes,NA,yes,NA,1,http://www.osf.io/vh5jt,1,yes,NA,https://osf.io/vh5jt,yes,NA,OSF Registries,yes,NA,yes,NA,"Straightforward, no issues",NA,http://www.osf.io/vh5jt,osf.io/vh5jt,NA,https://osf.io/vh5jt,osf.io/vh5jt,TRUE,"iter02: steve recoded, confirmed ""yes"" value"
a000605,evelyn,2020-05-22,yes,NA,yes,NA,yes,NA,1,https://www.openicpsr.org/openicpsr/project/101920/version/V3/view,1,yes,NA,https://www.openicpsr.org/openicpsr/project/101920/version/V3/view,yes,NA,ICPSR,other,Requires login to download files,no,NA,Requires login to download files,https://www.openicpsr.org/openicpsr/project/101920/version/V3/view,https://www.openicpsr.org/openicpsr/project/101920/version/V3/view,www.openicpsr.org/openicpsr/project/101920/version/V3/view,NA,https://www.openicpsr.org/openicpsr/project/101920/version/V3/view,www.openicpsr.org/openicpsr/project/101920/version/V3/view,TRUE,
a000605,phuong,2020-04-09,yes,NA,yes,NA,yes,NA,1,https://www.openicpsr.org/openicpsr/project/101920/version/V3/view,1,yes,NA,https://www.openicpsr.org/openicpsr/project/101920/version/V3/view,yes,NA,ICPSR,yes,NA,other,an account was required to access the data,NA,https://www.openicpsr.org/openicpsr/project/101920/version/V3/view,https://www.openicpsr.org/openicpsr/project/101920/version/V3/view,www.openicpsr.org/openicpsr/project/101920/version/V3/view,NA,https://www.openicpsr.org/openicpsr/project/101920/version/V3/view,www.openicpsr.org/openicpsr/project/101920/version/V3/view,FALSE,iter01: other coder has correctly coded this case of an account being required
a000605,steve,2020-11-24,yes,NA,yes,NA,yes,NA,1,https://www.openicpsr.org/openicpsr/project/101920/version/V3/view,1,yes,NA,https://www.openicpsr.org/openicpsr/project/101920/version/V3/view,yes,NA,openICPSR,other,"Account required, may need to be from an approved institution",no,NA,"Article had links to materials, preregs, that were clearly labeled - these were ignored. Apart from needing an account (but may not need approval), straightforward",https://www.openicpsr.org/openicpsr/project/101920/version/V3/view,https://www.openicpsr.org/openicpsr/project/101920/version/V3/view,www.openicpsr.org/openicpsr/project/101920/version/V3/view,NA,https://www.openicpsr.org/openicpsr/project/101920/version/V3/view,www.openicpsr.org/openicpsr/project/101920/version/V3/view,TRUE,"iter02: steve coded, confirmed ""other"" value"
a000793,evelyn,2020-05-25,yes,NA,yes,NA,yes,NA,2,https://doi.org/10.1016/j.evolhumbehav.2018.03.007,2,yes,NA,https://www.sciencedirect.com/science/article/abs/pii/S1090513818300072?via%3Dihub,yes,NA,Science Direct,yes,NA,yes,NA,I didn't have any problems with this article,https://doi.org/10.1016/j.evolhumbehav.2018.03.007,https://doi.org/10.1016/j.evolhumbehav.2018.03.007,doi.org/10.1016/j.evolhumbehav.2018.03.007,NA,https://www.sciencedirect.com/science/article/abs/pii/S1090513818300072?via%3Dihub,www.sciencedirect.com/science/article/abs/pii/S1090513818300072?via%3Dihub,FALSE,"iter01: steve coded, I have judged there are not files here - due to a possible link mix-up?"
a000793,steve,2020-08-26,yes,NA,yes,NA,yes,NA,3,https://doi.org/10.1016/j.evolhumbehav.2018.03.007,2,yes,NA,https://www.sciencedirect.com/science/article/abs/pii/S1090513818300072?via%3Dihub,no,NA,NA,no,NA,NA,NA,"PDF said this was a link to supp data, but destination had supp info in pdf - links possibly mixed up",https://doi.org/10.1016/j.evolhumbehav.2018.03.007,https://doi.org/10.1016/j.evolhumbehav.2018.03.007,doi.org/10.1016/j.evolhumbehav.2018.03.007,NA,https://www.sciencedirect.com/science/article/abs/pii/S1090513818300072?via%3Dihub,www.sciencedirect.com/science/article/abs/pii/S1090513818300072?via%3Dihub,TRUE,
a000814,phuong,2020-04-09,yes,NA,yes,NA,yes,NA,2,http://discover.ukdataservice.ac.uk/series/?sn=200001,1,yes,NA,https://beta.ukdataservice.ac.uk/datacatalogue/series/series?id=200001,yes,NA,UK Data Service,yes,NA,other,an account was required to access the data,2 links were for data of 2 studies,http://discover.ukdataservice.ac.uk/series/?sn=200001,http://discover.ukdataservice.ac.uk/series/?sn=200001,discover.ukdataservice.ac.uk/series/?sn=200001,https://beta.ukdataservice.ac.uk/datacatalogue/series/series?id=200001,https://beta.ukdataservice.ac.uk/datacatalogue/series/series?id=200001,beta.ukdataservice.ac.uk/datacatalogue/series/series?id=200001,FALSE,iter02: steve coded this correctly
a000814,steve,2020-11-24,yes,NA,yes,NA,yes,NA,2,http://discover.ukdataservice.ac.uk/series/?sn=200001,1,yes,NA,https://beta.ukdataservice.ac.uk/datacatalogue/series/series?id=200001,yes,NA,UK Data Service,other,An account is required for access,no,NA,Account required to access data,http://discover.ukdataservice.ac.uk/series/?sn=200001,http://discover.ukdataservice.ac.uk/series/?sn=200001,discover.ukdataservice.ac.uk/series/?sn=200001,https://beta.ukdataservice.ac.uk/datacatalogue/series/series?id=200001,https://beta.ukdataservice.ac.uk/datacatalogue/series/series?id=200001,beta.ukdataservice.ac.uk/datacatalogue/series/series?id=200001,TRUE,iter02: steve coded this correctly
a000814,phuong,2020-04-09,yes,NA,yes,NA,yes,NA,2,http://discover.ukdataservice.ac.uk/series/?sn=2000032,2,yes,NA,https://beta.ukdataservice.ac.uk/datacatalogue/series/series?id=2000032,yes,NA,UK Data Service,yes,NA,other,an account was required to access the data,2 links were for data of 2 studies,http://discover.ukdataservice.ac.uk/series/?sn=2000032,http://discover.ukdataservice.ac.uk/series/?sn=2000032,discover.ukdataservice.ac.uk/series/?sn=2000032,https://beta.ukdataservice.ac.uk/datacatalogue/series/series?id=2000032,https://beta.ukdataservice.ac.uk/datacatalogue/series/series?id=2000032,beta.ukdataservice.ac.uk/datacatalogue/series/series?id=2000032,FALSE,iter02: steve coded this correctly
a000814,steve,2020-11-24,yes,NA,yes,NA,yes,NA,2,http://discover.ukdataservice.ac.uk/series/?sn=2000032,2,yes,NA,https://beta.ukdataservice.ac.uk/datacatalogue/series/series?id=2000032,yes,NA,UK Data Service,other,An account is required for access,no,NA,Account required to access data,http://discover.ukdataservice.ac.uk/series/?sn=2000032,http://discover.ukdataservice.ac.uk/series/?sn=2000032,discover.ukdataservice.ac.uk/series/?sn=2000032,https://beta.ukdataservice.ac.uk/datacatalogue/series/series?id=2000032,https://beta.ukdataservice.ac.uk/datacatalogue/series/series?id=2000032,beta.ukdataservice.ac.uk/datacatalogue/series/series?id=2000032,TRUE,iter02: steve coded this correctly
a000848,evelyn,2020-04-16,yes,NA,yes,NA,yes,NA,1,http://doi.org/10.3886/E109001V5,1,yes,NA,https://www.openicpsr.org/openicpsr/project/109001/version/V5/view,yes,NA,Open ICPSR,other,Unable to download files without login,no,NA,Unable to download files without login,NA,http://doi.org/10.3886/E109001V5,doi.org/10.3886/E109001V5,NA,https://www.openicpsr.org/openicpsr/project/109001/version/V5/view,www.openicpsr.org/openicpsr/project/109001/version/V5/view,TRUE,
a000848,michelle,2020-04-24,yes,NA,yes,NA,yes,NA,1,http://doi.org/10.3886/E109001V5,1,yes,NA,https://www.openicpsr.org/openicpsr/project/109001/version/V5/view,yes,NA,ICPSR,yes,NA,other,Login is required to download data,"Login seems to be required to access data, but there was a supplementary data link: at https://doi.org/10.1016/j.jesp.2019.103869",NA,http://doi.org/10.3886/E109001V5,doi.org/10.3886/E109001V5,NA,https://www.openicpsr.org/openicpsr/project/109001/version/V5/view,www.openicpsr.org/openicpsr/project/109001/version/V5/view,FALSE,iter01: other coder has correctly coded this case of an account being required
a000848,steve,2020-11-24,yes,NA,no,NA,yes,NA,1,http://doi.org/10.3886/E109001V5,1,yes,NA,https://www.openicpsr.org/openicpsr/project/109001/version/V5/view,yes,NA,openICPSR,other,"Account required, may need to be from an approved institution",no,NA,"Apart from needing an account (but may not need approval), straightforward",NA,http://doi.org/10.3886/E109001V5,doi.org/10.3886/E109001V5,NA,https://www.openicpsr.org/openicpsr/project/109001/version/V5/view,www.openicpsr.org/openicpsr/project/109001/version/V5/view,TRUE,"iter02: steve recoded, confirmed ""other"" value"
a000920,michelle,2020-04-07,yes,NA,yes,NA,yes,NA,1,https://osf.io/zpjbg,1,yes,NA,https://osf.io/zpjbg,yes,NA,OSF,other,"On the link given in the article, the files have been removed because it contained data that couldn't be made public. However, a new link is provided: https://osf.io/q82nf, which has the data with the sensitive data removed",yes,NA,"No issues, but had to go through a new link to access data",NA,https://osf.io/zpjbg,osf.io/zpjbg,https://osf.io/q82nf,https://osf.io/q82nf,osf.io/q82nf,FALSE,"iter01: steve coded, issue with two-step link has been dealt with at link_work according to finalised coding"
a000920,oliver,2020-04-21,yes,NA,yes,NA,yes,NA,1,osf.io/zpjbg,1,other,"Link withdrawn - registration removed due to containing sensitive user info. Link redirected to landing page containing new link that lead to original dateset, but without the sensitive user info.",https://osf.io/q82nf/,yes,NA,OSF,yes,NA,yes,NA,NA,NA,osf.io/zpjbg,osf.io/zpjbg,https://osf.io/q82nf,https://osf.io/q82nf,osf.io/q82nf,TRUE,
a000920,steve,2020-11-04,yes,NA,yes,NA,yes,NA,1,https://osf.io/zpjbg/,1,other,the initial link lead to a page with a notice that the original repo had been retracted and replaced with a corrected version (to remove sensitive information). resolved_url has the destination of the second url with the corrected url (https://osf.io/q82nf/).,https://osf.io/q82nf,yes,NA,OSF Registries,yes,NA,yes,NA,link chain to data files was 2 steps,NA,https://osf.io/zpjbg/,osf.io/zpjbg,https://osf.io/q82nf,https://osf.io/q82nf,osf.io/q82nf,TRUE,
a000955,kongmanas,2020-04-06,yes,NA,yes,NA,yes,NA,1,http://www.icpsr.umich.edu/icpsrweb/ICPSR/series/203/studies?archive=ICPSR&sortBy=7.,1,yes,NA,https://www.icpsr.umich.edu/icpsrweb/ICPSR/series/203/studies?archive=ICPSR&sortBy=7.,yes,NA,ICPSR,no,NA,NA,NA,There is no available data file.,NA,http://www.icpsr.umich.edu/icpsrweb/ICPSR/series/203/studies?archive=ICPSR&sortBy=7.,www.icpsr.umich.edu/icpsrweb/ICPSR/series/203/studies?archive=ICPSR&sortBy=7,https://www.icpsr.umich.edu/web/ICPSR/series/203/studies?archive=ICPSR&sortBy=7,https://www.icpsr.umich.edu/web/ICPSR/series/203/studies?archive=ICPSR&sortBy=7,www.icpsr.umich.edu/web/ICPSR/series/203/studies?archive=ICPSR&sortBy=7,FALSE,"iter01: steve coded, I have the correct way to handle this case, where an account is required"
a000955,sophia,2020-04-24,yes,NA,yes,NA,yes,NA,1,https://www.icpsr.umich.edu/icpsrweb/ICPSR/series/203/studies?archive=ICPSR&sortBy=7,1,yes,NA,https://www.icpsr.umich.edu/icpsrweb/ICPSR/series/203/studies?archive=ICPSR&sortBy=7,yes,NA,ICPSR,yes,NA,other,"2 out of the 4 files were over 100MB, the other two gave different options for the type of file wanted (e.g. documentation only. Some file types such as SAS required a log in. I was able to download the 'documentation only' files for these two.",NA,NA,https://www.icpsr.umich.edu/icpsrweb/ICPSR/series/203/studies?archive=ICPSR&sortBy=7,www.icpsr.umich.edu/icpsrweb/ICPSR/series/203/studies?archive=ICPSR&sortBy=7,https://www.icpsr.umich.edu/web/ICPSR/series/203/studies?archive=ICPSR&sortBy=7,https://www.icpsr.umich.edu/web/ICPSR/series/203/studies?archive=ICPSR&sortBy=7,www.icpsr.umich.edu/web/ICPSR/series/203/studies?archive=ICPSR&sortBy=7,FALSE,"iter01: steve coded, I have the correct way to handle this case, where an account is required"
a000955,steve,2020-11-05,yes,NA,yes,NA,yes,NA,1,http://www.icpsr.umich.edu/icpsrweb/ICPSR/series/203/studies?archive=ICPSR&sortBy=7,1,yes,NA,https://www.icpsr.umich.edu/web/ICPSR/series/203/studies?archive=ICPSR&sortBy=7,yes,NA,ICPSR,other,"Account required, may need to be from an approved institution",no,NA,"link chain to data files was 2 steps, somewhat clear which of the available datasets were relevant, account/access needed to download files",NA,http://www.icpsr.umich.edu/icpsrweb/ICPSR/series/203/studies?archive=ICPSR&sortBy=7,www.icpsr.umich.edu/icpsrweb/ICPSR/series/203/studies?archive=ICPSR&sortBy=7,https://www.icpsr.umich.edu/web/ICPSR/series/203/studies?archive=ICPSR&sortBy=7,https://www.icpsr.umich.edu/web/ICPSR/series/203/studies?archive=ICPSR&sortBy=7,www.icpsr.umich.edu/web/ICPSR/series/203/studies?archive=ICPSR&sortBy=7,TRUE,
a001027,evelyn,2020-04-03,yes,NA,yes,NA,yes,NA,2,http://midus.colectica.org/,2,other,requires a login to access data/materials,https://midus.colectica.org/Account/Login,yes,NA,Midus,other,requires login to access files,other,requires login to access files,Login required to access and download files,http://midus.colectica.org/,http://midus.colectica.org/,midus.colectica.org,https://midus.colectica.org/Account/Login,https://midus.colectica.org/Account/Login,midus.colectica.org/Account/Login,FALSE,"iter01: steve coded, I have the correct way to handle this case, where an account is required"
a001027,matthew,2020-04-10,yes,NA,yes,NA,yes,NA,2,http://midus.colectica.org/,2,yes,NA,https://midus.colectica.org/Account/Login,no,NA,NA,other,Requires login,no,NA,Link required login,http://midus.colectica.org/,http://midus.colectica.org/,midus.colectica.org,https://midus.colectica.org/Account/Login,https://midus.colectica.org/Account/Login,midus.colectica.org/Account/Login,FALSE,"iter01: steve coded, I have the correct way to handle this case, where an account is required"
a001027,michelle,2020-04-02,yes,NA,yes,NA,yes,NA,2,http://midus.colectica.org/,2,other,"Works, but takes me to login screen",https://midus.colectica.org/Account/Login,other,Not 100% sure,MIDUS,other,Could not access files without login,other,Could not download without login,"I am not sure if the second link is related to Open Data, as the links were put together as data and materials available under the two links",http://midus.colectica.org/,http://midus.colectica.org/,midus.colectica.org,https://midus.colectica.org/Account/Login,https://midus.colectica.org/Account/Login,midus.colectica.org/Account/Login,FALSE,"iter01: steve coded, I have the correct way to handle this case, where an account is required"
a001027,nguyenlam,2020-04-04,yes,NA,yes,NA,yes,NA,2,http://midus.colectica.org/,1,yes,NA,https://midus.colectica.org/Account/Login,other,"The data for this study is from a national survey ( Midlife in the United States (MIDUS), not from auhtors' experiment. The data link is the official page of the survey.",NA,other,Need to create an account to be able to download but there is an error when register new account.,no,NA,"- The data for this study is from a national survey ( Midlife in the United States (MIDUS), not from auhtors' experiment.
- Notes in ''download_success"" and ""is_repository_other"" columns.",http://midus.colectica.org/,http://midus.colectica.org/,midus.colectica.org,https://midus.colectica.org/Account/Login,https://midus.colectica.org/Account/Login,midus.colectica.org/Account/Login,FALSE,"iter01: steve coded, I have the correct way to handle this case, where an account is required"
a001027,phuong,2020-04-06,yes,NA,yes,NA,yes,NA,2,https://midus.colectica.org/,2,yes,NA,https://midus.colectica.org/,other,I'm not sure if it is repository,MIDUS,yes,NA,other,files are larger than 100MB,NA,http://midus.colectica.org/,http://midus.colectica.org/,midus.colectica.org,https://midus.colectica.org/Account/Login,https://midus.colectica.org/Account/Login,midus.colectica.org/Account/Login,FALSE,"iter01: steve coded, I have the correct way to handle this case, where an account is required"
a001027,sophia,2020-04-02,yes,NA,yes,NA,yes,NA,2,http://midus.colectica.org/,2,yes,NA,https://midus.colectica.org/Account/Login,other,needed a login - don't know,NA,other,needed a login - don't know,no,NA,needed a login,http://midus.colectica.org/,http://midus.colectica.org/,midus.colectica.org,https://midus.colectica.org/Account/Login,https://midus.colectica.org/Account/Login,midus.colectica.org/Account/Login,FALSE,"iter01: steve coded, I have the correct way to handle this case, where an account is required"
a001027,steve,2020-11-05,yes,NA,yes,NA,yes,NA,2,http://midus.colectica.org/,2,yes,NA,https://midus.colectica.org/Account/Login,yes,NA,Colectica,other,"Login required, no indication of whether files available",no,NA,"Straight up login page, with no indication of what might be behind the login page (whether data, materials, other things).",http://midus.colectica.org/,http://midus.colectica.org/,midus.colectica.org,https://midus.colectica.org/Account/Login,https://midus.colectica.org/Account/Login,midus.colectica.org/Account/Login,TRUE,
a001027,adrian,2020-04-03,yes,NA,yes,NA,yes,NA,1,http://doi.org/10.3886/ICPSR04652.v6,1,yes,NA,https://www.icpsr.umich.edu/icpsrweb/NACDA/studies/4652/version/6,yes,NA,ICPSR,other,Data had been updated to V7. Link to updated data provided and downloaded.,yes,NA,"2 links were given, but one (http://midus.colectica.org/) required a login so was ignored. Downloaded data was for updated study (V7) done in 2017",http://doi.org/10.3886/ICPSR04652.v6,http://doi.org/10.3886/ICPSR04652.v6,doi.org/10.3886/ICPSR04652.v6,https://www.icpsr.umich.edu/web/NACDA/studies/4652/versions/V6,https://www.icpsr.umich.edu/web/NACDA/studies/4652/versions/V6,www.icpsr.umich.edu/web/NACDA/studies/4652/versions/V6,FALSE,"iter01: steve coded, I have the correct way to handle this case (superceded version of data no longer available)"
a001027,aniruddah,2020-04-08,yes,NA,yes,NA,yes,NA,1,http://doi.org/10.3886/ICPSR04652.v6,1,yes,NA,https://www.icpsr.umich.edu/web/NACDA/studies/4652/versions/V7,yes,NA,ICPSR (Inter-university Consortium for Political and Social Research,yes,NA,yes,NA,"Two links were provided in this article, but both lead to the same data repository - ICPSR - and hence only one link is chosen here.",http://doi.org/10.3886/ICPSR04652.v6,http://doi.org/10.3886/ICPSR04652.v6,doi.org/10.3886/ICPSR04652.v6,https://www.icpsr.umich.edu/web/NACDA/studies/4652/versions/V6,https://www.icpsr.umich.edu/web/NACDA/studies/4652/versions/V6,www.icpsr.umich.edu/web/NACDA/studies/4652/versions/V6,FALSE,"iter01: steve coded, I have the correct way to handle this case (superceded version of data no longer available)"
a001027,evelyn,2020-04-03,yes,NA,yes,NA,yes,NA,2,http://doi.org/10.3886/ICPSR04652.v6,1,yes,NA,https://www.icpsr.umich.edu/icpsrweb/NACDA/studies/4652/version/6,yes,NA,Interuniversity Consortium for Political and Social Research,other,"The following message appears: ""These data have been updated since their release as https://doi.org/10.3886/ICPSR04652.v6, which you used to locate the data. If you need access to a previous version of the data (e.g., to replicate results in an article or report), you can contact ICPSR User Support to find out if a prior version is available.""",other,"The following message appears: ""These data have been updated since their release as https://doi.org/10.3886/ICPSR04652.v6, which you used to locate the data. If you need access to a previous version of the data (e.g., to replicate results in an article or report), you can contact ICPSR User Support to find out if a prior version is available.""","The following message appears: ""These data have been updated since their release as https://doi.org/10.3886/ICPSR04652.v6, which you used to locate the data. If you need access to a previous version of the data (e.g., to replicate results in an article or report), you can contact ICPSR User Support to find out if a prior version is available.""",http://doi.org/10.3886/ICPSR04652.v6,http://doi.org/10.3886/ICPSR04652.v6,doi.org/10.3886/ICPSR04652.v6,https://www.icpsr.umich.edu/web/NACDA/studies/4652/versions/V6,https://www.icpsr.umich.edu/web/NACDA/studies/4652/versions/V6,www.icpsr.umich.edu/web/NACDA/studies/4652/versions/V6,FALSE,"iter01: steve coded, I have the correct way to handle this case (superceded version of data no longer available)"
a001027,kongmanas,2020-04-02,yes,NA,yes,NA,yes,NA,2,http://doi.org/10.3886/ICPSR04652.v6,1,yes,NA,https://www.icpsr.umich.edu/icpsrweb/NACDA/studies/4652/version/6,yes,NA,NACDA,yes,NA,other,Need to register to access to NACDA,The registration is needed to download the data file,http://doi.org/10.3886/ICPSR04652.v6,http://doi.org/10.3886/ICPSR04652.v6,doi.org/10.3886/ICPSR04652.v6,https://www.icpsr.umich.edu/web/NACDA/studies/4652/versions/V6,https://www.icpsr.umich.edu/web/NACDA/studies/4652/versions/V6,www.icpsr.umich.edu/web/NACDA/studies/4652/versions/V6,FALSE,"iter01: steve coded, I have the correct way to handle this case (superceded version of data no longer available)"
a001027,matthew,2020-04-10,yes,NA,yes,NA,yes,NA,2,http://doi.org/10.3886/ICPSR04652.v6,1,yes,NA,https://www.icpsr.umich.edu/web/NACDA/studies/4652/version/6,other,NACDA,NA,other,"Link gave me another link, saying data has been updated since the research, however, this link did not work",no,NA,Link did not lead to data,http://doi.org/10.3886/ICPSR04652.v6,http://doi.org/10.3886/ICPSR04652.v6,doi.org/10.3886/ICPSR04652.v6,https://www.icpsr.umich.edu/web/NACDA/studies/4652/versions/V6,https://www.icpsr.umich.edu/web/NACDA/studies/4652/versions/V6,www.icpsr.umich.edu/web/NACDA/studies/4652/versions/V6,FALSE,"iter01: steve coded, I have the correct way to handle this case (superceded version of data no longer available)"
a001027,michelle,2020-04-02,yes,NA,yes,NA,yes,NA,2,http://doi.org/10.3886/ ICPSR04652.v6,1,yes,NA,https://www.icpsr.umich.edu/icpsrweb/NACDA/studies/4652/version/6,yes,NA,NACDA,other,"Files exist, but the link in the article directs to the website stating the data (version 6) has now been updated (version 7)",partial,"Could download all 'Document only' data, when I tried to download the other ones such as 'SAS', 'SPSS' etc, it takes me into a login screen","I have put in the Document Only download in the data file, but other remaining ones could not be done",http://doi.org/10.3886/ICPSR04652.v6,http://doi.org/10.3886/ICPSR04652.v6,doi.org/10.3886/ICPSR04652.v6,https://www.icpsr.umich.edu/web/NACDA/studies/4652/versions/V6,https://www.icpsr.umich.edu/web/NACDA/studies/4652/versions/V6,www.icpsr.umich.edu/web/NACDA/studies/4652/versions/V6,FALSE,"iter01: steve coded, I have the correct way to handle this case (superceded version of data no longer available)"
a001027,nguyenlam,2020-04-04,yes,NA,yes,NA,yes,NA,2,http://doi.org/10.3886/ICPSR04652.v6,1,yes,NA,https://www.icpsr.umich.edu/icpsrweb/NACDA/studies/4652/version/6,yes,NA,Interuniversity Consortium for Political and Social Research,yes,NA,other,Need to create an account to be able to download buy I have created one and downloaded data successfully.,"- The data for this study is from a national survey ( Midlife in the United States (MIDUS), not from auhtors' experiment.
- Notes in ''download_success""",http://doi.org/10.3886/ICPSR04652.v6,http://doi.org/10.3886/ICPSR04652.v6,doi.org/10.3886/ICPSR04652.v6,https://www.icpsr.umich.edu/web/NACDA/studies/4652/versions/V6,https://www.icpsr.umich.edu/web/NACDA/studies/4652/versions/V6,www.icpsr.umich.edu/web/NACDA/studies/4652/versions/V6,FALSE,"iter01: steve coded, I have the correct way to handle this case (superceded version of data no longer available)"
a001027,oliver,2020-04-02,yes,NA,yes,NA,yes,NA,1,doi.org/10.3886/ICPSR04652.v6,1,other,"Outdated link. Redirects you to landing page where you click ""V7""",https://www.icpsr.umich.edu/icpsrweb/NACDA/studies/4652/versions/V7,other,"Seems to be repository - however, is specialised/obscure. UMich version of NACDA, which is tied to ICPSR. TBC",NACDA,yes,NA,other,Highly stratified files. Need NACDA membership to download.,NA,http://doi.org/10.3886/ICPSR04652.v6,http://doi.org/10.3886/ICPSR04652.v6,doi.org/10.3886/ICPSR04652.v6,https://www.icpsr.umich.edu/web/NACDA/studies/4652/versions/V6,https://www.icpsr.umich.edu/web/NACDA/studies/4652/versions/V6,www.icpsr.umich.edu/web/NACDA/studies/4652/versions/V6,FALSE,"iter01: steve coded, I have the correct way to handle this case (superceded version of data no longer available)"
a001027,phuong,2020-04-06,yes,NA,yes,NA,yes,NA,2,http://doi.org/10.3886/ICPSR04652.v6,1,yes,NA,https://www.icpsr.umich.edu/icpsrweb/NACDA/studies/4652/version/6,other,I'm not sure if it is repository,NACDA,yes,NA,other,files are larger than 100MB,NA,http://doi.org/10.3886/ICPSR04652.v6,http://doi.org/10.3886/ICPSR04652.v6,doi.org/10.3886/ICPSR04652.v6,https://www.icpsr.umich.edu/web/NACDA/studies/4652/versions/V6,https://www.icpsr.umich.edu/web/NACDA/studies/4652/versions/V6,www.icpsr.umich.edu/web/NACDA/studies/4652/versions/V6,FALSE,"iter01: steve coded, I have the correct way to handle this case (superceded version of data no longer available)"
a001027,sophia,2020-04-02,yes,NA,yes,NA,yes,NA,2,http://doi.org/10.3886/ICPSR04652.v6,1,yes,NA,https://www.icpsr.umich.edu/icpsrweb/NACDA/studies/4652/version/6,yes,NA,National Archive of Computerized Data on Aging,yes,NA,other,the website offered different types of file download - I selected 'documentation only' option,the data was updated in the archive since use within the article.,http://doi.org/10.3886/ICPSR04652.v6,http://doi.org/10.3886/ICPSR04652.v6,doi.org/10.3886/ICPSR04652.v6,https://www.icpsr.umich.edu/web/NACDA/studies/4652/versions/V6,https://www.icpsr.umich.edu/web/NACDA/studies/4652/versions/V6,www.icpsr.umich.edu/web/NACDA/studies/4652/versions/V6,FALSE,"iter01: steve coded, I have the correct way to handle this case (superceded version of data no longer available)"
a001027,steve,2020-11-05,yes,NA,yes,NA,yes,NA,2,http://doi.org/10.3886/ICPSR04652.v6,1,yes,NA,https://www.icpsr.umich.edu/web/NACDA/studies/4652/versions/V6,yes,NA,ICPSR,other,"The v6 of the files is no longer available, superceded by v7. v6 may be available upon request for replication purposes according to note on page.",no,NA,"There was a v7 of the data (behind a login), but v6 does not seem to be available, need to contact ICPSR)",http://doi.org/10.3886/ICPSR04652.v6,http://doi.org/10.3886/ICPSR04652.v6,doi.org/10.3886/ICPSR04652.v6,https://www.icpsr.umich.edu/web/NACDA/studies/4652/versions/V6,https://www.icpsr.umich.edu/web/NACDA/studies/4652/versions/V6,www.icpsr.umich.edu/web/NACDA/studies/4652/versions/V6,TRUE,
a001066,sophia,2020-04-24,yes,NA,yes,NA,yes,NA,1,http://reshare.ukdataservice.ac.uk/852127/,1,yes,NA,http://reshare.ukdataservice.ac.uk/852127/,yes,NA,UK Data Service,yes,NA,other,one out of the three files required log in access,I didn't have any problems with this article,http://reshare.ukdataservice.ac.uk/852127/,http://reshare.ukdataservice.ac.uk/852127/,reshare.ukdataservice.ac.uk/852127,NA,http://reshare.ukdataservice.ac.uk/852127/,reshare.ukdataservice.ac.uk/852127,FALSE,"iter01: steve coded, I have the correct way to handle this case - partial availability of files, partial permission required"
a001066,steve,2020-08-27,yes,NA,yes,NA,yes,NA,1,http://reshare.ukdataservice.ac.uk/852127/,1,yes,NA,https://reshare.ukdataservice.ac.uk/852127/,yes,NA,ReShare,other,"One file only available to registered users - ""safeguarded data""",partial,Was able to download some files which were labelled as open access,One file had protected access - also a note that data had been anonymised,http://reshare.ukdataservice.ac.uk/852127/,http://reshare.ukdataservice.ac.uk/852127/,reshare.ukdataservice.ac.uk/852127,NA,https://reshare.ukdataservice.ac.uk/852127/,reshare.ukdataservice.ac.uk/852127,TRUE,
a001113,michelle,2020-05-07,yes,NA,yes,NA,yes,NA,3,https://doi.org/10.5160/psychdata.zrce16dy99,1,yes,NA,https://www.psychdata.de/index.php?main=search&sub=browse&id=zrce16dy99&lang=ger&version=10002,yes,NA,PSYCHDATA,yes,NA,no,NA,Cannot download data from link without filling in form,https://doi.org/10.5160/psychdata.zrce16dy99,https://doi.org/10.5160/psychdata.zrce16dy99,doi.org/10.5160/psychdata.zrce16dy99,NA,https://www.psychdata.de/index.php?main=search&sub=browse&id=zrce16dy99&lang=ger&version=10002,www.psychdata.de/index.php?main=search&sub=browse&id=zrce16dy99&lang=ger&version=10002,FALSE,"iter01: steve coded, I have the correct way to handle this case, where approval is required"
a001113,steve,2020-08-27,yes,NA,yes,NA,yes,NA,2,https://doi.org/10.5160/psychdata.zrce16dy99,1,yes,NA,https://www.psychdata.de/index.php?main=search&sub=browse&id=zrce16dy99&lang=ger&version=10002,yes,NA,PsychData,other,"Agreement needs to be generated and signed, and then approval needs to be given to access data",no,NA,Link indicated that the original link to data had been superceded by a new version of the data. Also registration/request needed to access data,https://doi.org/10.5160/psychdata.zrce16dy99,https://doi.org/10.5160/psychdata.zrce16dy99,doi.org/10.5160/psychdata.zrce16dy99,NA,https://www.psychdata.de/index.php?main=search&sub=browse&id=zrce16dy99&lang=ger&version=10002,www.psychdata.de/index.php?main=search&sub=browse&id=zrce16dy99&lang=ger&version=10002,TRUE,
a001138,kongmanas,2020-04-16,yes,NA,yes,NA,yes,NA,3,https://osf.io/project/s3chz/files/osfstorage/58920befb83f6901f40f7ec4/,3,yes,NA,https://osf.io/u95vg/,yes,NA,OSF,yes,NA,yes,NA,"The three links in the article just connected to the same destination. So, there is one data file got upload to Google Drive.",NA,https://osf.io/project/s3chz/files/osfstorage/58920befb83f6901f40f7ec4/,osf.io/project/s3chz/files/osfstorage/58920befb83f6901f40f7ec4,NA,https://osf.io/u95vg/,osf.io/u95vg,FALSE,"iter01: steve coded, I have the correct way to handle this case (link to materials which was not apparent from article)"
a001138,sophia,2020-04-24,yes,NA,yes,NA,yes,NA,3,https://osf.io/project/s3chz/files/osfstorage/58920befb83f6901f40f7ec4/,3,yes,NA,https://osf.io/u95vg/,yes,NA,OSF,yes,NA,yes,NA,I didn't have any problems with this article,NA,https://osf.io/project/s3chz/files/osfstorage/58920befb83f6901f40f7ec4/,osf.io/project/s3chz/files/osfstorage/58920befb83f6901f40f7ec4,NA,https://osf.io/u95vg/,osf.io/u95vg,FALSE,"iter01: steve coded, I have the correct way to handle this case (link to materials which was not apparent from article)"
a001138,steve,2020-11-07,yes,NA,yes,NA,yes,NA,3,https://osf.io/project/s3chz/files/osfstorage/58920befb83f6901f40f7ec4/,3,yes,NA,https://osf.io/u95vg/,yes,NA,OSF,other,"This is explicitly a ""materials"" resource file which is not apparent from the article statement",yes,NA,"This was a link to a specific file: Pavani_17_Material1.docx - it is explicitly a ""materials"" resource",NA,https://osf.io/project/s3chz/files/osfstorage/58920befb83f6901f40f7ec4/,osf.io/project/s3chz/files/osfstorage/58920befb83f6901f40f7ec4,NA,https://osf.io/u95vg/,osf.io/u95vg,TRUE,
a001149,evelyn,2020-04-28,yes,NA,yes,NA,yes,NA,1,https://www.iris-database.org/iris/app/home/detail?id=york:934328,1,yes,NA,https://www.iris-database.org/iris/app/home/detail?id=york:934328,yes,NA,Iris database,yes,NA,yes,NA,I didn't have any problems with this article,https://www.irisdatabase.org/iris/app/home/detail?id=york:934328,https://www.irisdatabase.org/iris/app/home/detail?id=york:934328,www.irisdatabase.org/iris/app/home/detail?id=york:934328,NA,https://www.iris-database.org/iris/app/home/detail?id=york:934328,www.iris-database.org/iris/app/home/detail?id=york:934328,FALSE,"iter01: steve coded, I have the correct way to handle the registration form required"
a001149,steve,2020-09-02,yes,NA,yes,NA,other,Article contains both links and provides accession numbers to data resources without hyperlinks,2,https://www.irisdatabase.org/iris/app/home/detail?id=york:934328,1,other,Embedded url has an invalid character - it should be a hyphen. Fixing the hyphen makes the url behave as expected,https://www.iris-database.org/iris/app/home/detail?id=york:934328,yes,NA,IRIS,other,Registration form required before data can be downloaded,yes,NA,"The linked data seems to be for a completely different study (in the journal Language Learning), nothing to do with the article at all.",https://www.irisdatabase.org/iris/app/home/detail?id=york:934328,https://www.irisdatabase.org/iris/app/home/detail?id=york:934328,www.irisdatabase.org/iris/app/home/detail?id=york:934328,NA,https://www.iris-database.org/iris/app/home/detail?id=york:934328,www.iris-database.org/iris/app/home/detail?id=york:934328,TRUE,
a001285,adrian,2020-04-06,yes,NA,yes,NA,yes,NA,3,https://github.com/rnorouzian/i/blob/master/i.r,3,yes,NA,https://github.com/rnorouzian/i/blob/master/i.r,yes,NA,Github,no,NA,NA,NA,No file found. Page was long wall of text (Looks like an R program),https://github.com/rnorouzian/i/blob/master/i.r,https://github.com/rnorouzian/i/blob/master/i.r,github.com/rnorouzian/i/blob/master/i.r,NA,https://github.com/rnorouzian/i/blob/master/i.r,github.com/rnorouzian/i/blob/master/i.r,FALSE,"iter01: steve coded, this is code associated with reproducing results, so it counts"
a001285,evelyn,2020-05-18,yes,NA,yes,NA,yes,NA,3,https://github.com/rnorouzian/i/blob/master/i.r,3,yes,NA,https://github.com/rnorouzian/i/blob/master/i.r,yes,NA,Github,yes,NA,yes,NA,I didn't have any problems with this article,https://github.com/rnorouzian/i/blob/master/i.r,https://github.com/rnorouzian/i/blob/master/i.r,github.com/rnorouzian/i/blob/master/i.r,NA,https://github.com/rnorouzian/i/blob/master/i.r,github.com/rnorouzian/i/blob/master/i.r,TRUE,
a001285,michelle,2020-04-30,yes,NA,yes,NA,yes,NA,3,https://github.com/rnorouzian/i/blob/master/i.r,3,yes,NA,https://github.com/rnorouzian/i/blob/master/i.r,yes,NA,GITHUB,other,"Link directs to a page with coding. I believe this is the file but not 100% sure if so, and if it is, there doesn't seem to be a download button",no,NA,Cannot see how to download the coding from the website,https://github.com/rnorouzian/i/blob/master/i.r,https://github.com/rnorouzian/i/blob/master/i.r,github.com/rnorouzian/i/blob/master/i.r,NA,https://github.com/rnorouzian/i/blob/master/i.r,github.com/rnorouzian/i/blob/master/i.r,FALSE,"iter01: steve coded, this is code associated with reproducing results, so it counts"
a001285,steve,2020-09-02,yes,NA,yes,NA,yes,NA,3,https://github.com/rnorouzian/i/blob/master/i.r,3,yes,NA,https://github.com/rnorouzian/i/blob/master/i.r,yes,NA,Github,yes,NA,yes,NA,This link looks redundant - already linked to via IRIS link (although no way to see that ahead of time),https://github.com/rnorouzian/i/blob/master/i.r,https://github.com/rnorouzian/i/blob/master/i.r,github.com/rnorouzian/i/blob/master/i.r,NA,https://github.com/rnorouzian/i/blob/master/i.r,github.com/rnorouzian/i/blob/master/i.r,TRUE,
a001314,nguyenlam,2020-04-18,yes,NA,yes,NA,yes,NA,1,https://osf.io/vjacn/,1,yes,NA,https://osf.io/vjacn,yes,NA,OSF,other,"Although there isn't any file in osf repository, it contains a link to Github ""repsoitory"" which does contain data for replication. Since authors do not mention Github link directly in the article, I won't code Github link as a separate row for this article. 
- The Github Link: https://github.com/MandyZChen/Unifying-Space-Exp",yes,NA,"Note in ""files_exist"": There is no files in OSF repository, but it contains a link to Github which does contain data.",NA,https://osf.io/vjacn/,osf.io/vjacn,https://github.com/MandyZChen/Unifying-Space-Exp,https://github.com/MandyZChen/Unifying-Space-Exp,github.com/MandyZChen/Unifying-Space-Exp,FALSE,"iter01: others coded, need to recode - a two-step link situation"
a001314,steve,2020-11-24,yes,NA,yes,NA,yes,NA,1,https://osf.io/vjacn/,1,other,"the link works, but is merely a placeholder link to the actual data repo which is hosted on GitHub",https://github.com/MandyZChen/Unifying-Space-Exp,yes,NA,GitHub,yes,NA,yes,NA,"The link issue was a little unusual, but otherwise straightforward",NA,https://osf.io/vjacn/,osf.io/vjacn,https://github.com/MandyZChen/Unifying-Space-Exp,https://github.com/MandyZChen/Unifying-Space-Exp,github.com/MandyZChen/Unifying-Space-Exp,TRUE,iter02: steve coded this correctly
a001430,kongmanas,2020-04-20,yes,NA,yes,NA,yes,NA,2,https://data.mendeley.com/submissions/evise/edit/rh22h25sw7?submission_id=S0022-1031(17)30623-6&token=3639d213-5e0d-437d-af76-0023d5b2081a,1,yes,NA,https://data.mendeley.com/submissions/evise/edit/rh22h25sw7?submission_id=S0022-1031(17)30623-6&token=3639d213-5e0d-437d-af76-0023d5b2081a,yes,NA,Mendeley,yes,NA,no,NA,"Something went wrong and data files cannot be downloaded. The data files cannot be downloaded, but there is a link to ""supplementary data"" stated in the article",https://data.mendeley.com/submissions/evise/edit/rh22h25sw7?submission_id=S0022-1031(17)30623-6&token=3639d213-5e0d-437d-af76-0023d5b2081a,https://data.mendeley.com/submissions/evise/edit/rh22h25sw7?submission_id=S0022-1031(17)30623-6&token=3639d213-5e0d-437d-af76-0023d5b2081a,data.mendeley.com/submissions/evise/edit/rh22h25sw7?submission_id=S0022-1031(17)30623-6&token=3639d213-5e0d-437d-af76-0023d5b2081a,https://data.mendeley.com/submissions/evise/edit/rh22h25sw7?submission_id=S0022-1031(17)30623-6&token=3639d213-5e0d-437d-af76-0023d5b2081a,https://data.mendeley.com/submissions/evise/edit/rh22h25sw7?submission_id=S0022-1031(17)30623-6&token=3639d213-5e0d-437d-af76-0023d5b2081a,data.mendeley.com/submissions/evise/edit/rh22h25sw7?submission_id=S0022-1031(17)30623-6&token=3639d213-5e0d-437d-af76-0023d5b2081a,FALSE,"iter01: steve coded, this is a problematic case"
a001430,steve,2020-08-29,yes,NA,yes,NA,yes,NA,2,https://data.mendeley.com/submissions/evise/edit/rh22h25sw7?submission_id=S0022-1031(17)30623-6&token=3639d213-5e0d-437d-af76-0023d5b2081a,1,other,"Had to edit URL to remove non-alpha characters around the ""&"" in the string. Also, this is a link to the upload page for the authors - it is not for public use!!!",https://data.mendeley.com/submissions/evise/edit/rh22h25sw7?submission_id=S0022-1031(17)30623-6&token=3639d213-5e0d-437d-af76-0023d5b2081a,yes,NA,Mendeley,other,"There are files listed for upload, but they are not accessible",no,NA,This is a problematic error - it seems to allow any user to mess with the upload of data to the authors' repository???,https://data.mendeley.com/submissions/evise/edit/rh22h25sw7?submission_id=S0022-1031(17)30623-6&token=3639d213-5e0d-437d-af76-0023d5b2081a,https://data.mendeley.com/submissions/evise/edit/rh22h25sw7?submission_id=S0022-1031(17)30623-6&token=3639d213-5e0d-437d-af76-0023d5b2081a,data.mendeley.com/submissions/evise/edit/rh22h25sw7?submission_id=S0022-1031(17)30623-6&token=3639d213-5e0d-437d-af76-0023d5b2081a,https://data.mendeley.com/submissions/evise/edit/rh22h25sw7?submission_id=S0022-1031(17)30623-6&token=3639d213-5e0d-437d-af76-0023d5b2081a,https://data.mendeley.com/submissions/evise/edit/rh22h25sw7?submission_id=S0022-1031(17)30623-6&token=3639d213-5e0d-437d-af76-0023d5b2081a,data.mendeley.com/submissions/evise/edit/rh22h25sw7?submission_id=S0022-1031(17)30623-6&token=3639d213-5e0d-437d-af76-0023d5b2081a,TRUE,
a001471,evelyn,2020-04-16,yes,NA,yes,NA,yes,NA,1,https://osf.io/92vsw/?view_only=f2b4c79786d9406fa75e7b54bc298eb4,1,yes,NA,https://osf.io/92vsw/?view_only=f2b4c79786d9406fa75e7b54bc298eb4,yes,NA,OSF,yes,NA,other,Data files exceeded 100MB,I didn't have any problems with this article,NA,https://osf.io/92vsw/?view_only=f2b4c79786d9406fa75e7b54bc298eb4,osf.io/92vsw/?view_only=f2b4c79786d9406fa75e7b54bc298eb4,NA,https://osf.io/92vsw/?view_only=f2b4c79786d9406fa75e7b54bc298eb4,osf.io/92vsw/?view_only=f2b4c79786d9406fa75e7b54bc298eb4,TRUE,
a001471,sophia,2020-04-24,yes,NA,yes,NA,yes,NA,1,https://osf.io/92vsw/?view_only=f2b4c79786d9406fa75e7b54bc298eb4,1,yes,NA,https://osf.io/92vsw/?view_only=f2b4c79786d9406fa75e7b54bc298eb4,yes,NA,OSF,other,leads to a general homepage of 'Health and Retirement Studies Documentation',no,NA,NA,NA,https://osf.io/92vsw/?view_only=f2b4c79786d9406fa75e7b54bc298eb4,osf.io/92vsw/?view_only=f2b4c79786d9406fa75e7b54bc298eb4,NA,https://osf.io/92vsw/?view_only=f2b4c79786d9406fa75e7b54bc298eb4,osf.io/92vsw/?view_only=f2b4c79786d9406fa75e7b54bc298eb4,FALSE,"iter01: others coded, comment by this coder indicates something went wrong for them"
a001471,steve,2020-11-24,yes,NA,yes,NA,yes,NA,1,https://osf.io/92vsw/?view_only=f2b4c79786d9406fa75e7b54bc298eb4,1,yes,NA,https://osf.io/92vsw/?view_only=f2b4c79786d9406fa75e7b54bc298eb4,yes,NA,OSF,yes,NA,yes,NA,"Data repo was very large (8+ GB), so downloaded but did not save in Google Drive. Left a meta file explaining",NA,https://osf.io/92vsw/?view_only=f2b4c79786d9406fa75e7b54bc298eb4,osf.io/92vsw/?view_only=f2b4c79786d9406fa75e7b54bc298eb4,NA,https://osf.io/92vsw/?view_only=f2b4c79786d9406fa75e7b54bc298eb4,osf.io/92vsw/?view_only=f2b4c79786d9406fa75e7b54bc298eb4,TRUE,"iter02: steve recoded, confirmed ""yes"" value"
a001472,phuong,2020-04-17,yes,NA,yes,NA,yes,NA,2,https://openneuro.org/datasets/ds001838/versions/1.0.0,1,yes,NA,https://openneuro.org/datasets/ds001838/versions/1.0.0,yes,NA,Open Neuro,yes,NA,other,files are larger than 100MB,NA,https://openneuro.org/datasets/ds001838/versions/1.0.0,https://openneuro.org/datasets/ds001838/versions/1.0.0,openneuro.org/datasets/ds001838/versions/1.0.0,NA,https://openneuro.org/datasets/ds001838/versions/1.0.0,openneuro.org/datasets/ds001838/versions/1.0.0,FALSE,"iter01: steve coded, my coding better captures the situation"
a001472,steve,2020-08-29,yes,NA,yes,NA,yes,NA,2,https://openneuro.org/datasets/ds001838/versions/1.0.0,2,yes,NA,https://openneuro.org/datasets/ds001838/versions/1.0.0,yes,NA,Openneuro,other,"The link was to version 1.0.0, but there was a revised version (1.0.1) that added a DOI - no other changes it seemed. Looked at the updated version.",partial,Total download size is over 27G - only some small metadata files were downloaded to check,Data version was technically updated (not substantially though) and was a very large dataset (fMRI study),https://openneuro.org/datasets/ds001838/versions/1.0.0,https://openneuro.org/datasets/ds001838/versions/1.0.0,openneuro.org/datasets/ds001838/versions/1.0.0,NA,https://openneuro.org/datasets/ds001838/versions/1.0.0,openneuro.org/datasets/ds001838/versions/1.0.0,TRUE,
a001476,sophia,2020-04-05,yes,NA,yes,NA,yes,NA,2,http://www.worldvaluessurvey.org/,1,yes,NA,http://www.worldvaluessurvey.org/wvs.jsp,yes,NA,World Values Survey,no,NA,NA,NA,links to the general homepage for the repository,http://www.worldvaluessurvey.org/,http://www.worldvaluessurvey.org/,www.worldvaluessurvey.org,NA,http://www.worldvaluessurvey.org/wvs.jsp,www.worldvaluessurvey.org/wvs.jsp,FALSE,"iter01: steve coded, my coding better captures the situation"
a001476,steve,2020-08-29,yes,NA,yes,NA,yes,NA,3,http://www.worldvaluessurvey.org/,1,yes,NA,http://www.worldvaluessurvey.org/wvs.jsp,no,NA,NA,other,"The link is the project homepage, had to follow links to find some files to access (and it is not clear which files are relevant). Also, need to agree with terms of use before downloading (but no registration/approval required per se).",partial,"Many files across different pages, just downloaded codebook for Wave 7 to check","It looks like data is quite easily potentially available, with only a small amount of gatekeeping",http://www.worldvaluessurvey.org/,http://www.worldvaluessurvey.org/,www.worldvaluessurvey.org,NA,http://www.worldvaluessurvey.org/wvs.jsp,www.worldvaluessurvey.org/wvs.jsp,TRUE,
a001493,michelle,2020-04-22,yes,NA,yes,NA,yes,NA,3,http://hrsonline.isr.umich.edu/index.php?p=avail&_ga=2.193912365.1038497410.1542961645-2121603621.1539110961,1,yes,NA,http://hrsonline.isr.umich.edu/index.php?p=avail&_ga=2.193912365.1038497410.1542961645-2121603621.1539110961,yes,NA,HRS,yes,NA,other,Need to be registered user to access data,Registered user required for data,http://hrsonline.isr.umich.edu/index.php?p=avail&_ga=2.193912365.1038497410.1542961645-2121603621.1539110961,http://hrsonline.isr.umich.edu/index.php?p=avail&_ga=2.193912365.1038497410.1542961645-2121603621.1539110961,hrsonline.isr.umich.edu/index.php?p=avail&_ga=2.193912365.1038497410.1542961645-2121603621.1539110961,NA,http://hrsonline.isr.umich.edu/index.php?p=avail&_ga=2.193912365.1038497410.1542961645-2121603621.1539110961,hrsonline.isr.umich.edu/index.php?p=avail&_ga=2.193912365.1038497410.1542961645-2121603621.1539110961,FALSE,"iter01: steve coded, I have the correct way to handle this case, where registration is required"
a001493,sophia,2020-04-24,yes,NA,yes,NA,yes,NA,2,http://hrsonline.isr.umich.edu/index.php?p=avail&_ga=2.193912365.1038497410.1542961645-2121603621.1539110961,1,yes,NA,http://hrsonline.isr.umich.edu/index.php?p=avail&_ga=2.193912365.1038497410.1542961645-2121603621.1539110961,yes,NA,University of Michigan library,yes,NA,other,files are all over 100MB,I didn't have any problems with this article,http://hrsonline.isr.umich.edu/index.php?p=avail&_ga=2.193912365.1038497410.1542961645-2121603621.1539110961,http://hrsonline.isr.umich.edu/index.php?p=avail&_ga=2.193912365.1038497410.1542961645-2121603621.1539110961,hrsonline.isr.umich.edu/index.php?p=avail&_ga=2.193912365.1038497410.1542961645-2121603621.1539110961,NA,http://hrsonline.isr.umich.edu/index.php?p=avail&_ga=2.193912365.1038497410.1542961645-2121603621.1539110961,hrsonline.isr.umich.edu/index.php?p=avail&_ga=2.193912365.1038497410.1542961645-2121603621.1539110961,FALSE,"iter01: steve coded, I have the correct way to handle this case, where registration is required"
a001493,steve,2020-08-29,yes,NA,yes,NA,yes,NA,3,http://hrsonline.isr.umich.edu/index.php?p=avail&_ga=2.193912365.1038497410.1542961645-2121603621.1539110961,1,yes,NA,http://hrsonline.isr.umich.edu/index.php?p=avail&_ga=2.193912365.1038497410.1542961645-2121603621.1539110961,other,"It is a dedicated project website, so kind of",NA,other,Registration is required to access files,no,NA,Registration is required to access data files,http://hrsonline.isr.umich.edu/index.php?p=avail&_ga=2.193912365.1038497410.1542961645-2121603621.1539110961,http://hrsonline.isr.umich.edu/index.php?p=avail&_ga=2.193912365.1038497410.1542961645-2121603621.1539110961,hrsonline.isr.umich.edu/index.php?p=avail&_ga=2.193912365.1038497410.1542961645-2121603621.1539110961,NA,http://hrsonline.isr.umich.edu/index.php?p=avail&_ga=2.193912365.1038497410.1542961645-2121603621.1539110961,hrsonline.isr.umich.edu/index.php?p=avail&_ga=2.193912365.1038497410.1542961645-2121603621.1539110961,TRUE,
a001634,evelyn,2020-05-08,yes,NA,yes,NA,yes,NA,2,http://hrsonline.isr.umich.edu/,2,yes,NA,http://hrsonline.isr.umich.edu/,yes,NA,Health and Study Requirement,no,NA,NA,NA,Requires login to download and access files,http://hrsonline.isr.umich.edu/,http://hrsonline.isr.umich.edu/,hrsonline.isr.umich.edu,NA,http://hrsonline.isr.umich.edu/,hrsonline.isr.umich.edu,FALSE,"iter01: others coded, I should recode to better explain situation"
a001634,sophia,2020-04-16,yes,NA,yes,NA,yes,NA,2,http://hrsonline.isr.umich.edu/,2,yes,NA,http://hrsonline.isr.umich.edu/,other,"Seems to be a website just for the data from the ""Health and Retirement Study"" by the University of Michigan",NA,other,the link leads to a general homepage for the health and retirement study,no,NA,NA,http://hrsonline.isr.umich.edu/,http://hrsonline.isr.umich.edu/,hrsonline.isr.umich.edu,NA,http://hrsonline.isr.umich.edu/,hrsonline.isr.umich.edu,TRUE,"iter02: steve recoded, confirmed ""other"" value"
a001634,steve,2020-11-24,yes,NA,yes,NA,yes,NA,2,http://hrsonline.isr.umich.edu/,2,yes,NA,https://hrsonline.isr.umich.edu/,other,"It is a dedicated project website, so kind of",NA,other,Registration is required to access files,no,NA,Login required,http://hrsonline.isr.umich.edu/,http://hrsonline.isr.umich.edu/,hrsonline.isr.umich.edu,NA,https://hrsonline.isr.umich.edu/,hrsonline.isr.umich.edu,TRUE,"iter02: steve recoded, confirmed ""other"" value"
a001634,evelyn,2020-05-08,yes,NA,yes,NA,yes,NA,2,https://midus.colectica.org/Account/Login,1,yes,NA,https://midus.colectica.org/Account/Login,yes,NA,Midus,no,NA,NA,NA,Requires login to download and access files,http://midus.colectica.org,http://midus.colectica.org,midus.colectica.org,NA,https://midus.colectica.org/Account/Login,midus.colectica.org/Account/Login,FALSE,"iter01: others coded, I should recode to better explain situation"
a001634,sophia,2020-04-16,yes,NA,yes,NA,yes,NA,2,http://midus.colectica.org,1,yes,NA,https://midus.colectica.org/Account/Login,yes,NA,Colectica,other,requires a log in,no,NA,NA,http://midus.colectica.org,http://midus.colectica.org,midus.colectica.org,NA,https://midus.colectica.org/Account/Login,midus.colectica.org/Account/Login,TRUE,"iter02: steve recoded, confirmed ""other"" value"
a001634,steve,2020-11-24,yes,NA,yes,NA,yes,NA,2,http://midus.colectica.org,1,yes,NA,https://midus.colectica.org/Account/Login,yes,NA,Colectica,other,"Login required, no indication of whether files available",no,NA,Login required,http://midus.colectica.org,http://midus.colectica.org,midus.colectica.org,NA,https://midus.colectica.org/Account/Login,midus.colectica.org/Account/Login,TRUE,"iter02: steve recoded, confirmed ""other"" value"