study_id,coder,date_coded,has_data_badge,has_data_badge_other,data_availability_statement,data_availability_statement_other,article_has_links,article_has_links_other,number_of_links,link_number,link_url,link_work,link_work_noother,resolved_url,is_repository,is_repository_other,repository_name,files_exist,files_exist_other,download_success,download_success_other,notes,corrected_link_url,link_url_for_cleaning,link_url_cleaned,corrected_resolved_url,resolved_url_for_cleaning,resolved_url_cleaned,review_coding,review_note
a000011,michelle,2020-04-03,yes,NA,yes,NA,yes,NA,2,1,http://www.ukbiobank.ac.uk/.,other,"Yes, but this link does not seem to specifically pertain to the data and materials used in this paper, but rather the homepage",https://www.ukbiobank.ac.uk/,yes,NA,BIOBANK,other,"Most likely, but need to log in to access",no,NA,Need log in to access files,https://www.ukbiobank.ac.uk/,https://www.ukbiobank.ac.uk/,www.ukbiobank.ac.uk,NA,https://www.ukbiobank.ac.uk/,www.ukbiobank.ac.uk,NA,NA
a000011,sophia,2020-04-24,yes,NA,yes,NA,yes,NA,1,1,https://www.ukbiobank.ac.uk/,yes,NA,https://www.ukbiobank.ac.uk/,yes,NA,UK BioBank,other,leads to the repository home page,no,NA,"There was another link to ""data scripts"" but this led to an OSF page with the code used to process the data, and was excluded.",http://www.ukbiobank.ac.uk/,http://www.ukbiobank.ac.uk/,www.ukbiobank.ac.uk,NA,https://www.ukbiobank.ac.uk/,www.ukbiobank.ac.uk,NA,NA
a000011,steve,2020-08-26,yes,NA,yes,NA,yes,NA,2,1,http://www.ukbiobank.ac.uk/,other,"link works, but is to the generic homepage. More detail needed in order to find the actual data used.",https://www.ukbiobank.ac.uk/,yes,NA,UK Biobank,other,Registration and approval is required to access any data files,no,NA,Data is locked behind a registration and approval process,http://www.ukbiobank.ac.uk/,http://www.ukbiobank.ac.uk/,www.ukbiobank.ac.uk,NA,https://www.ukbiobank.ac.uk/,www.ukbiobank.ac.uk,NA,NA
a000031,evelyn,2020-05-22,yes,NA,yes,NA,yes,NA,2,2,http://five.dartmouth.edu/datasets,yes,NA,http://five.dartmouth.edu/datasets,yes,NA,Fives project,other,require to search for projects using the link,no,NA,require to search for projects using the link,http://five.dartmouth.edu/datasets,http://five.dartmouth.edu/datasets,five.dartmouth.edu/datasets,http://five.dartmouth.edu/view/7?,http://five.dartmouth.edu/view/7?,five.dartmouth.edu/view/7?,NA,NA
a000031,sophia,2020-04-17,yes,NA,yes,NA,yes,NA,2,1,http://five.dartmouth.edu/datasets,yes,NA,http://five.dartmouth.edu/datasets,yes,NA,FIVES Project,other,requires a log in,no,NA,NA,http://five.dartmouth.edu/datasets,http://five.dartmouth.edu/datasets,five.dartmouth.edu/datasets,http://five.dartmouth.edu/view/7?,http://five.dartmouth.edu/view/7?,five.dartmouth.edu/view/7?,NA,NA
a000031,steve,2020-11-22,yes,NA,yes,NA,yes,NA,2,1,http://five.dartmouth.edu/datasets,other,The link is to the repo home page; further searching on website (and acceptance of conditions of use) required to locate the specific dataset,http://five.dartmouth.edu/view/7?,yes,NA,FIVES,other,Need to be logged in to the FIVES site to view/download data files,no,NA,"The links to data are in a section at the end called ""Resources"" - this counts as a data avail. statement",http://five.dartmouth.edu/datasets,http://five.dartmouth.edu/datasets,five.dartmouth.edu/datasets,http://five.dartmouth.edu/view/7?,http://five.dartmouth.edu/view/7?,five.dartmouth.edu/view/7?,NA,NA
a000039,evelyn,2020-04-04,yes,NA,yes,NA,yes,NA,1,1,https://doi.org/10.7910/DVN/7EWDRF,yes,NA,https://dataverse.harvard.edu/dataset.xhtml?persistentId=doi:10.7910/DVN/7EWDRF,yes,NA,Harvard Dataverse,yes,NA,other,The total data file size was greater than 100MB,The total data file size was greater than 100MB,NA,https://doi.org/10.7910/DVN/7EWDRF,doi.org/10.7910/DVN/7EWDRF,NA,https://dataverse.harvard.edu/dataset.xhtml?persistentId=doi:10.7910/DVN/7EWDRF,dataverse.harvard.edu/dataset.xhtml?persistentId=doi:10.7910/DVN/7EWDRF,NA,NA
a000039,michelle,2020-04-28,yes,NA,yes,NA,yes,NA,1,1,https://doi.org/10.7910/DVN/7EWDRF,yes,NA,https://dataverse.harvard.edu/dataset.xhtml?persistentId=doi:10.7910/DVN/7EWDRF,yes,NA,HAVARD DATAVERSE,yes,NA,other,File size exceeds 100MB,File now downloaded as size > 100MB,NA,https://doi.org/10.7910/DVN/7EWDRF,doi.org/10.7910/DVN/7EWDRF,NA,https://dataverse.harvard.edu/dataset.xhtml?persistentId=doi:10.7910/DVN/7EWDRF,dataverse.harvard.edu/dataset.xhtml?persistentId=doi:10.7910/DVN/7EWDRF,NA,NA
a000046,michelle,2020-04-03,yes,NA,yes,NA,yes,NA,1,1,http://osf.io/dkqfn,yes,NA,https://osf.io/dkqfn/,yes,NA,OSF,yes,NA,other,File size exceed 100MB,Data not downloaded as file was too big,NA,http://osf.io/dkqfn,osf.io/dkqfn,NA,https://osf.io/dkqfn/,osf.io/dkqfn,NA,NA
a000046,phuong,2020-04-20,yes,NA,yes,NA,yes,NA,1,1,https://osf.io/dkqfn/,yes,NA,https://osf.io/dkqfn/,yes,NA,OSF,yes,NA,other,files are larger than 100MB,NA,NA,https://osf.io/dkqfn/,osf.io/dkqfn,NA,https://osf.io/dkqfn/,osf.io/dkqfn,NA,NA
a000072,oliver,2020-04-23,yes,NA,yes,NA,yes,NA,1,1,osf.io/56yz7/,yes,NA,https://osf.io/56yz7/,yes,NA,OSF,yes,NA,other,File > 100MB,NA,NA,osf.io/56yz7/,osf.io/56yz7,https://osf.io/56yz7/,https://osf.io/56yz7/,osf.io/56yz7,NA,NA
a000072,phuong,2020-04-15,yes,NA,yes,NA,yes,NA,1,1,https://osf.io/56yz7,yes,NA,https://osf.io/56yz7.,yes,NA,OSF,yes,NA,other,files are larger than 100MB,NA,NA,https://osf.io/56yz7,osf.io/56yz7,https://osf.io/56yz7/,https://osf.io/56yz7/,osf.io/56yz7,NA,NA
a000132,steve,2020-11-22,yes,NA,yes,NA,yes,NA,2,1,http://www.pairfam.de/en/data/data-access/,other,the url as given automatically redirects to the home page (due to lack of https). Links need to be followed from the main page in order to get to the intended page,https://www.pairfam.de/en/data/data-access/,yes,NA,pairfam,other,application and approval and possibly payment is required before access to files is possible,no,NA,"There was an issue with automatic redirection with the url, but the url was fundamentally correct",NA,http://www.pairfam.de/en/data/data-access/,www.pairfam.de/en/data/data-access,https://www.pairfam.de/en/data/data-access/,https://www.pairfam.de/en/data/data-access/,www.pairfam.de/en/data/data-access,NA,NA
a000147,michelle,2020-04-20,yes,NA,yes,NA,yes,NA,1,1,osf.io/cwenz,yes,NA,https://osf.io/cwenz/,yes,NA,OSF,yes,NA,other,1 of the zip files (Github zip file) > 100MB,Did not download one of the zip files due to size,NA,osf.io/cwenz,osf.io/cwenz,NA,https://osf.io/cwenz/,osf.io/cwenz,NA,NA
a000147,sophia,2020-04-26,yes,NA,yes,NA,yes,NA,1,1,https://osf.io/cwenz/,yes,NA,https://osf.io/cwenz/,yes,NA,OSF,yes,NA,other,1 out of the 4 files was 100MB,I didn't have any problems with this article,NA,https://osf.io/cwenz/,osf.io/cwenz,NA,https://osf.io/cwenz/,osf.io/cwenz,NA,NA
a000164,oliver,2020-04-29,yes,NA,yes,NA,yes,NA,1,1,osf.io/28gxz/,yes,NA,https://osf.io/28gxz/files/,yes,NA,OSF,yes,NA,other,File >100 MB,NA,NA,osf.io/28gxz/,osf.io/28gxz,https://osf.io/28gxz/,https://osf.io/28gxz/,osf.io/28gxz,NA,NA
a000164,sophia,2020-04-17,yes,NA,yes,NA,yes,NA,1,1,osf.io/28gxz,yes,NA,https://osf.io/28gxz/,yes,NA,OSF,yes,NA,other,"one of the files was able to be downloaded, but the other was over 100MB",NA,NA,osf.io/28gxz,osf.io/28gxz,https://osf.io/28gxz/,https://osf.io/28gxz/,osf.io/28gxz,NA,NA
a000168,steve,2020-11-24,yes,NA,yes,NA,yes,NA,1,1,http://doi.org/10.3886/ICPSR21600.v17,yes,NA,https://www.icpsr.umich.edu/web/DSDR/studies/21600/versions/V17,yes,NA,ICPSR,other,"The v17 of the files is no longer available, superceded by v18-v21. v17 may be available upon request for replication purposes according to note on page.",no,NA,"There was a v21 of the data (possibly not behind a login), but v17 does not seem to be available, need to contact ICPSR",NA,http://doi.org/10.3886/ICPSR21600.v17,doi.org/10.3886/ICPSR21600.v17,https://www.icpsr.umich.edu/web/DSDR/studies/21600/versions/V17,https://www.icpsr.umich.edu/web/DSDR/studies/21600/versions/V17,www.icpsr.umich.edu/web/DSDR/studies/21600/versions/V17,NA,NA
a000171,andy,2020-08-04,yes,NA,yes,NA,yes,NA,8,2,https://doi.org/10.6092/SNAP.10b2260a0617627002d437ea6a3df022,yes,NA,https://snap.ogs.trieste.it/cache/index.jsp?doi=10.6092/SNAP.10b2260a0617627002d437ea6a3df022,yes,NA,SNAP,yes,NA,partial,"Over 30 files, downloaded first",NA,NA,https://doi.org/10.6092/SNAP.10b2260a0617627002d437ea6a3df022,doi.org/10.6092/SNAP.10b2260a0617627002d437ea6a3df022,NA,https://snap.ogs.trieste.it/cache/index.jsp?doi=10.6092/SNAP.10b2260a0617627002d437ea6a3df022,snap.ogs.trieste.it/cache/index.jsp?doi=10.6092/SNAP.10b2260a0617627002d437ea6a3df022,NA,NA
a000171,steve,2020-07-06,yes,NA,yes,NA,yes,NA,8,2,https://doi.org/10.6092/SNAP.10b2260a0617627002d437ea6a3df022,yes,NA,https://snap.ogs.trieste.it/cache/index.jsp?doi=10.6092/SNAP.10b2260a0617627002d437ea6a3df022,yes,NA,SNAP,yes,NA,partial,"Link contains over 30 separate XML files to download, just downloaded the first one","Auto logged in as guest, had to agree to restrictive conditions before viewing files, landing page required an extra click to actually view files",NA,https://doi.org/10.6092/SNAP.10b2260a0617627002d437ea6a3df022,doi.org/10.6092/SNAP.10b2260a0617627002d437ea6a3df022,NA,https://snap.ogs.trieste.it/cache/index.jsp?doi=10.6092/SNAP.10b2260a0617627002d437ea6a3df022,snap.ogs.trieste.it/cache/index.jsp?doi=10.6092/SNAP.10b2260a0617627002d437ea6a3df022,NA,NA
a000171,andy,2020-08-04,yes,NA,yes,NA,yes,NA,8,7,https://doi.org/10.6092/SNAP.4a66da6e800423b1a51babcd917805c1,yes,NA,https://snap.ogs.trieste.it/cache/index.jsp?doi=10.6092/SNAP.4a66da6e800423b1a51babcd917805c1,yes,NA,SNAP,yes,NA,partial,"Over 30 files, downloaded first",NA,NA,https://doi.org/10.6092/SNAP.4a66da6e800423b1a51babcd917805c1,doi.org/10.6092/SNAP.4a66da6e800423b1a51babcd917805c1,NA,https://snap.ogs.trieste.it/cache/index.jsp?doi=10.6092/SNAP.4a66da6e800423b1a51babcd917805c1,snap.ogs.trieste.it/cache/index.jsp?doi=10.6092/SNAP.4a66da6e800423b1a51babcd917805c1,NA,NA
a000171,steve,2020-07-06,yes,NA,yes,NA,yes,NA,8,7,https://doi.org/10.6092/SNAP.4a66da6e800423b1a51babcd917805c1,yes,NA,https://snap.ogs.trieste.it/cache/index.jsp?doi=10.6092/SNAP.4a66da6e800423b1a51babcd917805c1,yes,NA,SNAP,yes,NA,partial,"Link contains over 30 separate XML files to download, just downloaded the first one","Auto logged in as guest, had to agree to restrictive conditions before viewing files, landing page required an extra click to actually view files",NA,https://doi.org/10.6092/SNAP.4a66da6e800423b1a51babcd917805c1,doi.org/10.6092/SNAP.4a66da6e800423b1a51babcd917805c1,NA,https://snap.ogs.trieste.it/cache/index.jsp?doi=10.6092/SNAP.4a66da6e800423b1a51babcd917805c1,snap.ogs.trieste.it/cache/index.jsp?doi=10.6092/SNAP.4a66da6e800423b1a51babcd917805c1,NA,NA
a000171,andy,2020-08-04,yes,NA,yes,NA,yes,NA,8,4,https://doi.org/10.6092/SNAP.580bf950a46873e44295a7e29d66f077,yes,NA,https://snap.ogs.trieste.it/cache/index.jsp?doi=10.6092/SNAP.580bf950a46873e44295a7e29d66f077,yes,NA,SNAP,yes,NA,partial,"Over 30 files, downloaded first",NA,NA,https://doi.org/10.6092/SNAP.580bf950a46873e44295a7e29d66f077,doi.org/10.6092/SNAP.580bf950a46873e44295a7e29d66f077,NA,https://snap.ogs.trieste.it/cache/index.jsp?doi=10.6092/SNAP.580bf950a46873e44295a7e29d66f077,snap.ogs.trieste.it/cache/index.jsp?doi=10.6092/SNAP.580bf950a46873e44295a7e29d66f077,NA,NA
a000171,steve,2020-07-06,yes,NA,yes,NA,yes,NA,8,4,https://doi.org/10.6092/SNAP.580bf950a46873e44295a7e29d66f077,yes,NA,https://snap.ogs.trieste.it/cache/index.jsp?doi=10.6092/SNAP.580bf950a46873e44295a7e29d66f077,yes,NA,SNAP,yes,NA,partial,"Link contains over 30 separate XML files to download, just downloaded the first one","Auto logged in as guest, had to agree to restrictive conditions before viewing files, landing page required an extra click to actually view files",NA,https://doi.org/10.6092/SNAP.580bf950a46873e44295a7e29d66f077,doi.org/10.6092/SNAP.580bf950a46873e44295a7e29d66f077,NA,https://snap.ogs.trieste.it/cache/index.jsp?doi=10.6092/SNAP.580bf950a46873e44295a7e29d66f077,snap.ogs.trieste.it/cache/index.jsp?doi=10.6092/SNAP.580bf950a46873e44295a7e29d66f077,NA,NA
a000171,andy,2020-08-04,yes,NA,yes,NA,yes,NA,8,5,https://doi.org/10.6092/SNAP.6bbca96b0a7b0a5c3b0be4b4312f837c,yes,NA,https://snap.ogs.trieste.it/cache/index.jsp?doi=10.6092/SNAP.6bbca96b0a7b0a5c3b0be4b4312f837c,yes,NA,SNAP,yes,NA,partial,"Over 30 files, downloaded first",NA,NA,https://doi.org/10.6092/SNAP.6bbca96b0a7b0a5c3b0be4b4312f837c,doi.org/10.6092/SNAP.6bbca96b0a7b0a5c3b0be4b4312f837c,NA,https://snap.ogs.trieste.it/cache/index.jsp?doi=10.6092/SNAP.6bbca96b0a7b0a5c3b0be4b4312f837c,snap.ogs.trieste.it/cache/index.jsp?doi=10.6092/SNAP.6bbca96b0a7b0a5c3b0be4b4312f837c,NA,NA
a000171,steve,2020-07-06,yes,NA,yes,NA,yes,NA,8,5,https://doi.org/10.6092/SNAP.6bbca96b0a7b0a5c3b0be4b4312f837c,yes,NA,https://snap.ogs.trieste.it/cache/index.jsp?doi=10.6092/SNAP.6bbca96b0a7b0a5c3b0be4b4312f837c,yes,NA,SNAP,yes,NA,partial,"Link contains over 30 separate XML files to download, just downloaded the first one","Auto logged in as guest, had to agree to restrictive conditions before viewing files, landing page required an extra click to actually view files",NA,https://doi.org/10.6092/SNAP.6bbca96b0a7b0a5c3b0be4b4312f837c,doi.org/10.6092/SNAP.6bbca96b0a7b0a5c3b0be4b4312f837c,NA,https://snap.ogs.trieste.it/cache/index.jsp?doi=10.6092/SNAP.6bbca96b0a7b0a5c3b0be4b4312f837c,snap.ogs.trieste.it/cache/index.jsp?doi=10.6092/SNAP.6bbca96b0a7b0a5c3b0be4b4312f837c,NA,NA
a000171,andy,2020-08-04,yes,NA,yes,NA,yes,NA,8,6,https://doi.org/10.6092/SNAP.93d8a7ad5841c7380c9656779ae3425d,yes,NA,https://snap.ogs.trieste.it/cache/index.jsp?doi=10.6092/SNAP.93d8a7ad5841c7380c9656779ae3425d,yes,NA,SNAP,yes,NA,partial,"Over 30 files, downloaded first",NA,NA,https://doi.org/10.6092/SNAP.93d8a7ad5841c7380c9656779ae3425d,doi.org/10.6092/SNAP.93d8a7ad5841c7380c9656779ae3425d,NA,https://snap.ogs.trieste.it/cache/index.jsp?doi=10.6092/SNAP.93d8a7ad5841c7380c9656779ae3425d,snap.ogs.trieste.it/cache/index.jsp?doi=10.6092/SNAP.93d8a7ad5841c7380c9656779ae3425d,NA,NA
a000171,steve,2020-07-06,yes,NA,yes,NA,yes,NA,8,6,https://doi.org/10.6092/SNAP.93d8a7ad5841c7380c9656779ae3425d,yes,NA,https://snap.ogs.trieste.it/cache/index.jsp?doi=10.6092/SNAP.93d8a7ad5841c7380c9656779ae3425d,yes,NA,SNAP,yes,NA,partial,"Link contains over 30 separate XML files to download, just downloaded the first one","Auto logged in as guest, had to agree to restrictive conditions before viewing files, landing page required an extra click to actually view files",NA,https://doi.org/10.6092/SNAP.93d8a7ad5841c7380c9656779ae3425d,doi.org/10.6092/SNAP.93d8a7ad5841c7380c9656779ae3425d,NA,https://snap.ogs.trieste.it/cache/index.jsp?doi=10.6092/SNAP.93d8a7ad5841c7380c9656779ae3425d,snap.ogs.trieste.it/cache/index.jsp?doi=10.6092/SNAP.93d8a7ad5841c7380c9656779ae3425d,NA,NA
a000171,andy,2020-08-04,yes,NA,yes,NA,yes,NA,8,8,https://doi.org/10.6092/SNAP.b2f9e5768dcc2aa0922f24967920d9ab,yes,NA,https://snap.ogs.trieste.it/cache/index.jsp?doi=10.6092/SNAP.b2f9e5768dcc2aa0922f24967920d9ab,yes,NA,SNAP,yes,NA,partial,"Over 30 files, downloaded first",NA,NA,https://doi.org/10.6092/SNAP.b2f9e5768dcc2aa0922f24967920d9ab,doi.org/10.6092/SNAP.b2f9e5768dcc2aa0922f24967920d9ab,NA,https://snap.ogs.trieste.it/cache/index.jsp?doi=10.6092/SNAP.b2f9e5768dcc2aa0922f24967920d9ab,snap.ogs.trieste.it/cache/index.jsp?doi=10.6092/SNAP.b2f9e5768dcc2aa0922f24967920d9ab,NA,NA
a000171,steve,2020-07-06,yes,NA,yes,NA,yes,NA,8,8,https://doi.org/10.6092/SNAP.b2f9e5768dcc2aa0922f24967920d9ab,yes,NA,https://snap.ogs.trieste.it/cache/index.jsp?doi=10.6092/SNAP.b2f9e5768dcc2aa0922f24967920d9ab,yes,NA,SNAP,yes,NA,partial,"Link contains over 30 separate XML files to download, just downloaded the first one","Auto logged in as guest, had to agree to restrictive conditions before viewing files, landing page required an extra click to actually view files",NA,https://doi.org/10.6092/SNAP.b2f9e5768dcc2aa0922f24967920d9ab,doi.org/10.6092/SNAP.b2f9e5768dcc2aa0922f24967920d9ab,NA,https://snap.ogs.trieste.it/cache/index.jsp?doi=10.6092/SNAP.b2f9e5768dcc2aa0922f24967920d9ab,snap.ogs.trieste.it/cache/index.jsp?doi=10.6092/SNAP.b2f9e5768dcc2aa0922f24967920d9ab,NA,NA
a000171,andy,2020-08-04,yes,NA,yes,NA,yes,NA,8,1,https://doi.org/10.6092/SNAP.cbbba251c17b55c737836768c8737589,yes,NA,https://snap.ogs.trieste.it/cache/index.jsp?doi=10.6092/SNAP.cbbba251c17b55c737836768c8737589,yes,NA,SNAP,yes,NA,partial,"Over 30 files, downloaded first",NA,NA,https://doi.org/10.6092/SNAP.cbbba251c17b55c737836768c8737589,doi.org/10.6092/SNAP.cbbba251c17b55c737836768c8737589,NA,https://snap.ogs.trieste.it/cache/index.jsp?doi=10.6092/SNAP.cbbba251c17b55c737836768c8737589,snap.ogs.trieste.it/cache/index.jsp?doi=10.6092/SNAP.cbbba251c17b55c737836768c8737589,NA,NA
a000171,steve,2020-07-06,yes,NA,yes,NA,yes,NA,8,1,https://doi.org/10.6092/SNAP.cbbba251c17b55c737836768c8737589,yes,NA,https://snap.ogs.trieste.it/cache/index.jsp?doi=10.6092/SNAP.cbbba251c17b55c737836768c8737589,yes,NA,SNAP,yes,NA,partial,"Link contains 31 separate XML files to download, just downloaded the first one","Auto logged in as guest, had to agree to restrictive conditions before viewing files, landing page required an extra click to actually view files",NA,https://doi.org/10.6092/SNAP.cbbba251c17b55c737836768c8737589,doi.org/10.6092/SNAP.cbbba251c17b55c737836768c8737589,NA,https://snap.ogs.trieste.it/cache/index.jsp?doi=10.6092/SNAP.cbbba251c17b55c737836768c8737589,snap.ogs.trieste.it/cache/index.jsp?doi=10.6092/SNAP.cbbba251c17b55c737836768c8737589,NA,NA
a000171,andy,2020-08-04,yes,NA,yes,NA,yes,NA,8,3,https://doi.org/10.6092/SNAP.f56b827cffb9f0e99603c6ef4074de73,yes,NA,https://snap.ogs.trieste.it/cache/index.jsp?doi=10.6092/SNAP.f56b827cffb9f0e99603c6ef4074de73,yes,NA,SNAP,yes,NA,partial,"Over 30 files, downloaded first",NA,NA,https://doi.org/10.6092/SNAP.f56b827cffb9f0e99603c6ef4074de73,doi.org/10.6092/SNAP.f56b827cffb9f0e99603c6ef4074de73,NA,https://snap.ogs.trieste.it/cache/index.jsp?doi=10.6092/SNAP.f56b827cffb9f0e99603c6ef4074de73,snap.ogs.trieste.it/cache/index.jsp?doi=10.6092/SNAP.f56b827cffb9f0e99603c6ef4074de73,NA,NA
a000171,steve,2020-07-06,yes,NA,yes,NA,yes,NA,8,3,https://doi.org/10.6092/SNAP.f56b827cffb9f0e99603c6ef4074de73,yes,NA,https://snap.ogs.trieste.it/cache/index.jsp?doi=10.6092/SNAP.f56b827cffb9f0e99603c6ef4074de73,yes,NA,SNAP,yes,NA,partial,"Link contains over 30 separate XML files to download, just downloaded the first one","Auto logged in as guest, had to agree to restrictive conditions before viewing files, landing page required an extra click to actually view files",NA,https://doi.org/10.6092/SNAP.f56b827cffb9f0e99603c6ef4074de73,doi.org/10.6092/SNAP.f56b827cffb9f0e99603c6ef4074de73,NA,https://snap.ogs.trieste.it/cache/index.jsp?doi=10.6092/SNAP.f56b827cffb9f0e99603c6ef4074de73,snap.ogs.trieste.it/cache/index.jsp?doi=10.6092/SNAP.f56b827cffb9f0e99603c6ef4074de73,NA,NA
a000221,oliver,2020-04-27,yes,NA,yes,NA,yes,NA,1,1,osf.io/syjhd/,yes,NA,https://osf.io/syjhd/,yes,NA,OSF,yes,NA,other,Files >100 MB,NA,NA,osf.io/syjhd/,osf.io/syjhd,NA,https://osf.io/syjhd/,osf.io/syjhd,NA,NA
a000221,sophia,2020-04-16,yes,NA,yes,NA,yes,NA,1,1,https://osf.io/syjhd/,yes,NA,https://osf.io/syjhd/,yes,NA,OSF,yes,NA,other,data file over 100MB,I didn't have any problems with this article,NA,https://osf.io/syjhd/,osf.io/syjhd,NA,https://osf.io/syjhd/,osf.io/syjhd,NA,NA
a000231,michelle,2020-04-15,yes,NA,yes,NA,yes,NA,1,1,https://doi.org/10.7910/DVN/9SF3TI,yes,NA,https://dataverse.harvard.edu/dataset.xhtml?persistentId=doi:10.7910/DVN/9SF3TI,yes,NA,HAVARD DATAVERSE,yes,NA,other,Files were not downloading even after > 15 minutes so did not continue,Did not download files,NA,https://doi.org/10.7910/DVN/9SF3TI,doi.org/10.7910/DVN/9SF3TI,NA,https://dataverse.harvard.edu/dataset.xhtml?persistentId=doi:10.7910/DVN/9SF3TI,dataverse.harvard.edu/dataset.xhtml?persistentId=doi:10.7910/DVN/9SF3TI,NA,NA
a000231,oliver,2020-04-23,yes,NA,yes,NA,yes,NA,1,1,doi.org/10.7910/DVN/9SF3TI,yes,NA,https://dataverse.harvard.edu/dataset.xhtml?persistentId=doi:10.7910/DVN/9SF3TI,yes,NA,Harvard version of Dataverse,yes,NA,other,File > 100MB,NA,NA,doi.org/10.7910/DVN/9SF3TI,doi.org/10.7910/DVN/9SF3TI,NA,https://dataverse.harvard.edu/dataset.xhtml?persistentId=doi:10.7910/DVN/9SF3TI,dataverse.harvard.edu/dataset.xhtml?persistentId=doi:10.7910/DVN/9SF3TI,NA,NA
a000260,michelle,2020-04-09,yes,NA,yes,NA,yes,NA,1,1,http://fcon_1000.projects.nitrc.org/indi/enhanced/access.html,yes,NA,http://fcon_1000.projects.nitrc.org/indi/enhanced/access.html,yes,NA,INDI,other,Need to request access to retrieve data using a request access form,no,NA,"Could not download data, due to having to request for data",NA,http://fcon_1000.projects.nitrc.org/indi/enhanced/access.html,fcon_1000.projects.nitrc.org/indi/enhanced/access.html,NA,http://fcon_1000.projects.nitrc.org/indi/enhanced/access.html,fcon_1000.projects.nitrc.org/indi/enhanced/access.html,NA,NA
a000260,oliver,2020-04-25,yes,NA,yes,NA,yes,NA,1,1,fcon_1000.projects.nitrc.org/indi/enhanced/access.html,yes,NA,http://fcon_1000.projects.nitrc.org/indi/enhanced/access.html,no,NA,NA,other,"Article claims data is accessible in given link, but I could not see any clear links to download data. Hyperlinks that could lead to such data has a paywall - beyond remit of UoM student account.",no,NA,NA,NA,fcon_1000.projects.nitrc.org/indi/enhanced/access.html,fcon_1000.projects.nitrc.org/indi/enhanced/access.html,NA,http://fcon_1000.projects.nitrc.org/indi/enhanced/access.html,fcon_1000.projects.nitrc.org/indi/enhanced/access.html,NA,NA
a000260,steve,2020-11-24,yes,NA,yes,NA,yes,NA,1,1,http://fcon_1000.projects.nitrc.org/indi/enhanced/access.html,other,"The link is to a page with instructions on how to arrange access to the data, not a link to the data per se",http://fcon_1000.projects.nitrc.org/indi/enhanced/access.html,no,NA,NA,other,"The full phenotypic release of the data is required, and the site requires a data usage agreement to be approved before allowing access",no,NA,An approval process is in place due to confidentiality concerns - fair enough - there is a lot of detail provided about the process too,NA,http://fcon_1000.projects.nitrc.org/indi/enhanced/access.html,fcon_1000.projects.nitrc.org/indi/enhanced/access.html,NA,http://fcon_1000.projects.nitrc.org/indi/enhanced/access.html,fcon_1000.projects.nitrc.org/indi/enhanced/access.html,NA,NA
a000280,steve,2020-11-04,yes,NA,yes,NA,yes,NA,1,1,https://www.icpsr.umich.edu/icpsrweb/ICPSR/series/203,other,"the link is to the overall project page, which in turn links to many datasets","https://www.icpsr.umich.edu/web/ICPSR/studies/4652, https://www.icpsr.umich.edu/web/ICPSR/studies/36346",yes,NA,ICPSR,other,"Account required, may need to be from an approved institution",no,NA,"link chain to data files was 2 steps, somewhat clear which of the available datasets were relevant, account/access needed to download files",https://www.icpsr.umich.edu/icpsrweb/ICPSR/series/203,https://www.icpsr.umich.edu/icpsrweb/ICPSR/series/203,www.icpsr.umich.edu/icpsrweb/ICPSR/series/203,"https://www.icpsr.umich.edu/web/ICPSR/studies/4652, https://www.icpsr.umich.edu/web/ICPSR/studies/36346","https://www.icpsr.umich.edu/web/ICPSR/studies/4652, https://www.icpsr.umich.edu/web/ICPSR/studies/36346","www.icpsr.umich.edu/web/ICPSR/studies/4652, https://www.icpsr.umich.edu/web/ICPSR/studies/36346",NA,NA
a000293,michelle,2020-04-09,yes,NA,yes,NA,yes,NA,1,1,https://osf.io/rt6w2/,yes,NA,https://osf.io/rt6w2/,yes,NA,OSF,yes,NA,other,File size exceeds 100MB,Did not download the file as file size was too big,NA,https://osf.io/rt6w2/,osf.io/rt6w2,NA,https://osf.io/rt6w2/,osf.io/rt6w2,NA,NA
a000293,phuong,2020-04-20,yes,NA,yes,NA,yes,NA,1,1,https://osf.io/rt6w2/,yes,NA,https://osf.io/rt6w2/,yes,NA,OSF,yes,NA,other,files are larger than 100MB,Hyperlink wasn't included,NA,https://osf.io/rt6w2/,osf.io/rt6w2,NA,https://osf.io/rt6w2/,osf.io/rt6w2,NA,NA
a000311,michelle,2020-04-03,yes,NA,yes,NA,yes,NA,1,1,https://osf.io/du5jc/,yes,NA,https://osf.io/du5jc/,yes,NA,OSF,yes,NA,other,1/2 of the files exceed 100MB,One file not downloaded as file size was too big,NA,https://osf.io/du5jc/,osf.io/du5jc,NA,https://osf.io/du5jc/,osf.io/du5jc,NA,NA
a000311,sophia,2020-04-07,yes,NA,yes,NA,yes,NA,1,1,https://osf.io/du5jc/,yes,NA,https://osf.io/du5jc/,yes,NA,OSF,yes,NA,other,files over 100MB,"There was link to ""supplementary data"" at the journal's website - this link was ignored, as there was an explicit link to the open data",NA,https://osf.io/du5jc/,osf.io/du5jc,NA,https://osf.io/du5jc/,osf.io/du5jc,NA,NA
a000318,evelyn,2020-04-16,yes,NA,yes,NA,yes,NA,1,1,https://github.com/langcog/KTE,yes,NA,https://github.com/langcog/KTE,yes,NA,Github,yes,NA,other,Data files exceeded 100MB,I didn't have any problems with this article,NA,https://github.com/langcog/KTE,github.com/langcog/KTE,NA,https://github.com/langcog/KTE,github.com/langcog/KTE,NA,NA
a000318,sophia,2020-04-26,yes,NA,yes,NA,yes,NA,1,1,https://github.com/langcog/KTE,yes,NA,https://github.com/langcog/KTE,yes,NA,Github,yes,NA,other,file over 100MB,I didn't have any problems with this article,NA,https://github.com/langcog/KTE,github.com/langcog/KTE,NA,https://github.com/langcog/KTE,github.com/langcog/KTE,NA,NA
a000340,evelyn,2020-04-08,yes,NA,yes,NA,yes,NA,1,1,https://osf.io/7a9tt/,yes,NA,https://osf.io/7a9tt/,yes,NA,OSF,yes,NA,other,files size exceeded 100MB,I didn't have any problems with this article,NA,https://osf.io/7a9tt/,osf.io/7a9tt,NA,https://osf.io/7a9tt/,osf.io/7a9tt,NA,NA
a000340,michelle,2020-05-01,yes,NA,yes,NA,yes,NA,1,1,https://osf.io/7a9tt/,yes,NA,https://osf.io/7a9tt/,yes,NA,OSF,yes,NA,other,File size > 100 MB,Did not download files as they were greater than 100MB,NA,https://osf.io/7a9tt/,osf.io/7a9tt,NA,https://osf.io/7a9tt/,osf.io/7a9tt,NA,NA
a000345,evelyn,2020-04-28,yes,NA,yes,NA,yes,NA,2,1,https://osf.io/rf3ys/,yes,NA,https://osf.io/rf3ys/,yes,NA,OSF,yes,NA,other,Data files exceeded 100MB,Data files exceeded 100MB,https://osf.io/rf3ys/,https://osf.io/rf3ys/,osf.io/rf3ys,NA,https://osf.io/rf3ys/,osf.io/rf3ys,NA,NA
a000345,sophia,2020-04-10,yes,NA,yes,NA,yes,NA,1,1,https://osf.io/rf3ys/,yes,NA,https://osf.io/rf3ys/,yes,NA,OSF,yes,NA,other,was able to download one zip file but the second was over 100MB,I didn't have any problems with this article,https://osf.io/rf3ys/,https://osf.io/rf3ys/,osf.io/rf3ys,NA,https://osf.io/rf3ys/,osf.io/rf3ys,NA,NA
a000359,andy,2020-08-05,yes,NA,yes,NA,yes,NA,1,1,https://doi.org/10.5284/1011888,yes,NA,https://archaeologydataservice.ac.uk/archives/view/t5_framework_2011/,yes,NA,Archaeology Data Service,yes,NA,partial,"Hundreds of files organised into seven sections, downloaded one file from each section",NA,NA,https://doi.org/10.5284/1011888,doi.org/10.5284/1011888,NA,https://archaeologydataservice.ac.uk/archives/view/t5_framework_2011/,archaeologydataservice.ac.uk/archives/view/t5_framework_2011,NA,NA
a000359,steve,2020-07-06,yes,NA,yes,NA,yes,NA,1,1,https://doi.org/10.5284/1011888,yes,NA,https://archaeologydataservice.ac.uk/archives/view/t5_framework_2011/,yes,NA,Archaeology Data Service,yes,NA,partial,Repository contained hundreds of files organised into seven sections (folder). Downloaded at least one file from each section to check,"Straightforward, no issues",NA,https://doi.org/10.5284/1011888,doi.org/10.5284/1011888,NA,https://archaeologydataservice.ac.uk/archives/view/t5_framework_2011/,archaeologydataservice.ac.uk/archives/view/t5_framework_2011,NA,NA
a000391,steve,2020-09-02,yes,NA,yes,NA,other,Article contains both links and provides accession numbers to data resources without hyperlinks,4,3,European Bioinformations Institute Accession No. PRJEB11414,other,Needed to navigate to European Bioinformatics Institute website and search by accession number,https://www.ebi.ac.uk/ena/browser/view/PRJEB11414,yes,NA,European Nucleotide Archive,yes,NA,partial,Files exceed 100MB - single file plus metadata downloaded,Large genetic dataset many GB,European Bioinformations Institute Accession No. PRJEB11414,European Bioinformations Institute Accession No. PRJEB11414,European Bioinformations Institute Accession No. PRJEB11414,NA,https://www.ebi.ac.uk/ena/browser/view/PRJEB11414,www.ebi.ac.uk/ena/browser/view/PRJEB11414,NA,NA
a000392,evelyn,2020-05-08,yes,NA,yes,NA,yes,NA,1,1,http://dx.doi.org/10.7910/DVN/RJAUNW,yes,NA,https://dataverse.harvard.edu/dataset.xhtml?persistentId=doi:10.7910/DVN/RJAUNW,yes,NA,Harvard Dataverse Network,yes,NA,other,Data files exceed 100MB,Data files exceed 100MB,NA,http://dx.doi.org/10.7910/DVN/RJAUNW,dx.doi.org/10.7910/DVN/RJAUNW,NA,https://dataverse.harvard.edu/dataset.xhtml?persistentId=doi:10.7910/DVN/RJAUNW,dataverse.harvard.edu/dataset.xhtml?persistentId=doi:10.7910/DVN/RJAUNW,NA,NA
a000392,sophia,2020-04-10,yes,NA,yes,NA,yes,NA,1,1,http://dx.doi.org/10.7910/DVN/RJAUNW,yes,NA,https://dataverse.harvard.edu/dataset.xhtml?persistentId=doi:10.7910/DVN/RJAUNW,yes,NA,Harvard Dataverse Network,yes,NA,other,over 100MB file,I didn't have any problems with this article,NA,http://dx.doi.org/10.7910/DVN/RJAUNW,dx.doi.org/10.7910/DVN/RJAUNW,NA,https://dataverse.harvard.edu/dataset.xhtml?persistentId=doi:10.7910/DVN/RJAUNW,dataverse.harvard.edu/dataset.xhtml?persistentId=doi:10.7910/DVN/RJAUNW,NA,NA
a000407,evelyn,2020-04-04,yes,NA,yes,NA,yes,NA,1,1,http://hdl.handle.net/10871/24754.,yes,NA,https://ore.exeter.ac.uk/repository/handle/10871/24754,yes,NA,ORE: Open Research Exeter,yes,NA,other,Total data file size is 5.188GB,Total data file size is 5.188GB and was therefore not downloaded,NA,http://hdl.handle.net/10871/24754.,hdl.handle.net/10871/24754,NA,https://ore.exeter.ac.uk/repository/handle/10871/24754,ore.exeter.ac.uk/repository/handle/10871/24754,NA,NA
a000407,kongmanas,2020-04-21,yes,NA,yes,NA,yes,NA,1,1,http://hdl.handle.net/10871/24754,yes,NA,https://ore.exeter.ac.uk/repository/handle/10871/24754,yes,NA,The University of exeter repositary,yes,NA,other,It took more than 15 minutes to download The data files,It took more than 15 minutes to download The data files,NA,http://hdl.handle.net/10871/24754,hdl.handle.net/10871/24754,NA,https://ore.exeter.ac.uk/repository/handle/10871/24754,ore.exeter.ac.uk/repository/handle/10871/24754,NA,NA
a000409,adrian,2020-04-17,yes,NA,yes,NA,yes,NA,1,1,https://doi.org/10.6084/m9.figshare.4742935.v2,yes,NA,https://figshare.com/articles/Materials_for_Pupillary_Responses_to_Words_That_Convey_a_Sense_of_Brightness_or_Darkness/4742935/2,yes,NA,Figshare,yes,NA,other,File >100MB,File 375MB. Did not upload to Drive,https://doi.org/10.6084/m9.figshare.4742935.v2,https://doi.org/10.6084/m9.figshare.4742935.v2,doi.org/10.6084/m9.figshare.4742935.v2,NA,https://figshare.com/articles/Materials_for_Pupillary_Responses_to_Words_That_Convey_a_Sense_of_Brightness_or_Darkness/4742935/2,figshare.com/articles/Materials_for_Pupillary_Responses_to_Words_That_Convey_a_Sense_of_Brightness_or_Darkness/4742935/2,NA,NA
a000409,evelyn,2020-05-30,yes,NA,yes,NA,yes,NA,1,1,https://doi.org/10.6084/m9.figshare.4742935.v2,yes,NA,https://figshare.com/articles/Materials_for_Pupillary_Responses_to_Words_That_Convey_a_Sense_of_Brightness_or_Darkness/4742935/2,yes,NA,Figshare,yes,NA,other,Data files exceeded 100MB,Data files exceeded 100MB,https://doi.org/10.6084/m9.figshare.4742935.v2,https://doi.org/10.6084/m9.figshare.4742935.v2,doi.org/10.6084/m9.figshare.4742935.v2,NA,https://figshare.com/articles/Materials_for_Pupillary_Responses_to_Words_That_Convey_a_Sense_of_Brightness_or_Darkness/4742935/2,figshare.com/articles/Materials_for_Pupillary_Responses_to_Words_That_Convey_a_Sense_of_Brightness_or_Darkness/4742935/2,NA,NA
a000426,andy,2020-08-07,yes,NA,yes,NA,yes,NA,1,1,http://catalogue.ceda.ac.uk/uuid/4dc84 50d88 9a491 ebb20 e724d ebe2dfb,yes,NA,https://catalogue.ceda.ac.uk/uuid/4dc8450d889a491ebb20e724debe2dfb,yes,NA,The CEDA Archive,yes,NA,other,Account required for access,NA,http://catalogue.ceda.ac.uk/uuid/4dc8450d889a491ebb20e724debe2dfb,http://catalogue.ceda.ac.uk/uuid/4dc8450d889a491ebb20e724debe2dfb,catalogue.ceda.ac.uk/uuid/4dc8450d889a491ebb20e724debe2dfb,NA,https://catalogue.ceda.ac.uk/uuid/4dc8450d889a491ebb20e724debe2dfb,catalogue.ceda.ac.uk/uuid/4dc8450d889a491ebb20e724debe2dfb,NA,NA
a000426,steve,2020-07-08,yes,NA,yes,NA,yes,NA,1,1,http://catalogue.ceda.ac.uk/uuid/4dc8450d889a491ebb20e724debe2dfb,yes,NA,https://catalogue.ceda.ac.uk/uuid/4dc8450d889a491ebb20e724debe2dfb,yes,NA,The CEDA Archive,yes,NA,other,Account required to access data,Account required to access data,http://catalogue.ceda.ac.uk/uuid/4dc8450d889a491ebb20e724debe2dfb,http://catalogue.ceda.ac.uk/uuid/4dc8450d889a491ebb20e724debe2dfb,catalogue.ceda.ac.uk/uuid/4dc8450d889a491ebb20e724debe2dfb,NA,https://catalogue.ceda.ac.uk/uuid/4dc8450d889a491ebb20e724debe2dfb,catalogue.ceda.ac.uk/uuid/4dc8450d889a491ebb20e724debe2dfb,NA,NA
a000429,evelyn,2020-04-23,yes,NA,yes,NA,yes,NA,2,1,http://reshare.ukdataservice.ac.uk/852716/,yes,NA,http://reshare.ukdataservice.ac.uk/852716/,yes,NA,UK Data Service,yes,NA,no,NA,Unable to download files without login/appropriate access,NA,http://reshare.ukdataservice.ac.uk/852716/,reshare.ukdataservice.ac.uk/852716,NA,http://reshare.ukdataservice.ac.uk/852716/,reshare.ukdataservice.ac.uk/852716,NA,NA
a000429,sophia,2020-04-07,yes,NA,yes,NA,yes,NA,2,1,http://reshare.ukdataservice.ac.uk/852716/,yes,NA,http://reshare.ukdataservice.ac.uk/852716/,yes,NA,UK Data Service,yes,NA,no,NA,required a sign in,NA,http://reshare.ukdataservice.ac.uk/852716/,reshare.ukdataservice.ac.uk/852716,NA,http://reshare.ukdataservice.ac.uk/852716/,reshare.ukdataservice.ac.uk/852716,NA,NA
a000443,andy,2020-08-07,yes,NA,yes,NA,yes,NA,1,1,https://dx.doi.org/10.7289/V5QJ7F8R,yes,NA,https://data.nodc.noaa.gov/cgi-bin/iso?id=gov.noaa.nodc:COAPS-SAMOS,yes,NA,NCEI (NOAA),yes,NA,partial,"Ongoing project with hundreds of files, downloaded a sample to check",NA,NA,https://dx.doi.org/10.7289/V5QJ7F8R,dx.doi.org/10.7289/V5QJ7F8R,NA,https://data.nodc.noaa.gov/cgi-bin/iso?id=gov.noaa.nodc:COAPS-SAMOS,data.nodc.noaa.gov/cgi-bin/iso?id=gov.noaa.nodc:COAPS-SAMOS,NA,NA
a000443,steve,2020-07-08,yes,NA,yes,NA,yes,NA,1,1,http://dx.doi.org/10.7289/V5QJ7F8R,yes,NA,https://data.nodc.noaa.gov/cgi-bin/iso?id=gov.noaa.nodc:COAPS-SAMOS,yes,NA,NCEI,yes,NA,partial,"Ongoing project, hundreds of files across dozens of folders. A sample downloaded to check only","Straightforward, no issues",NA,http://dx.doi.org/10.7289/V5QJ7F8R,dx.doi.org/10.7289/V5QJ7F8R,NA,https://data.nodc.noaa.gov/cgi-bin/iso?id=gov.noaa.nodc:COAPS-SAMOS,data.nodc.noaa.gov/cgi-bin/iso?id=gov.noaa.nodc:COAPS-SAMOS,NA,NA
a000446,aniruddah,2020-05-11,yes,NA,yes,NA,yes,NA,1,1,https://osf.io/k3fj6/,yes,NA,https://osf.io/k3fj6/,yes,NA,OSF,yes,NA,other,Download size exceeded 100MB,Download size exceeded 100MB.,NA,https://osf.io/k3fj6/,osf.io/k3fj6,NA,https://osf.io/k3fj6/,osf.io/k3fj6,NA,NA
a000446,nguyenlam,2020-04-08,yes,NA,yes,NA,yes,NA,1,1,https://osf.io/k3fj6/,yes,NA,https://osf.io/k3fj6/,yes,NA,OSF,yes,NA,other,"Extremely large file (approx 5GB). It can be donwloaded within 15 miniutes but it takes hours to upload to Drive, so I do not upload it yet.","- Note in ""download_success_other"": the file's size is too large to upload to Drive;
- Along with the hyberlink to data, the link can also be accessed directly by clicking to the badge in 1st page;
- There was link to ""supplementary data"" at the journal's website - this link was ignored, as there was an explicit link to the open data.",NA,https://osf.io/k3fj6/,osf.io/k3fj6,NA,https://osf.io/k3fj6/,osf.io/k3fj6,NA,NA
a000475,evelyn,2020-05-08,yes,NA,yes,NA,yes,NA,1,1,https://osf.io/qknug/,yes,NA,https://osf.io/qknug/,yes,NA,OSF,yes,NA,other,Data files exceed 100MB,Data files exceed 100MB,NA,https://osf.io/qknug/,osf.io/qknug,NA,https://osf.io/qknug/,osf.io/qknug,NA,NA
a000475,michelle,2020-04-09,yes,NA,yes,NA,yes,NA,1,1,www.osf.io/qknug,yes,NA,https://osf.io/qknug,yes,NA,OSF,yes,NA,other,All file sizes exceeded 100MB,Did not download the files as the file sizes were too big,NA,www.osf.io/qknug,osf.io/qknug,NA,https://osf.io/qknug,osf.io/qknug,NA,NA
a000493,steve,2020-09-02,yes,NA,yes,NA,other,Article has a link (which is almost certainly incorrect) but also a separate accession number for the raw data with no hyperlink,2,2,BioProject Accession No. PRJNA574440,other,Needed to navigate to BioProject website and search by accession number,https://www.ncbi.nlm.nih.gov/bioproject/?term=PRJNA574440,yes,NA,BioProject,yes,NA,partial,repo has 31 data files to download - just downloaded the first file in list,No hyperlink to data - just accession number and name of repo,BioProject Accession No. PRJNA574440,BioProject Accession No. PRJNA574440,BioProject Accession No. PRJNA574440,NA,https://www.ncbi.nlm.nih.gov/bioproject/?term=PRJNA574440,www.ncbi.nlm.nih.gov/bioproject/?term=PRJNA574440,NA,NA
a000527,andy,2020-08-07,yes,NA,yes,NA,yes,NA,1,1,https://doi.org/10.5285/7925d ed722 d743f a8259 a93ac c7073f2,yes,NA,https://catalogue.ceda.ac.uk/uuid/7925ded722d743fa8259a93acc7073f2,yes,NA,The CEDA Archive,yes,NA,other,Some files timed out,NA,https://doi.org/10.5285/7925ded722d743fa8259a93acc7073f2,https://doi.org/10.5285/7925ded722d743fa8259a93acc7073f2,doi.org/10.5285/7925ded722d743fa8259a93acc7073f2,NA,https://catalogue.ceda.ac.uk/uuid/7925ded722d743fa8259a93acc7073f2,catalogue.ceda.ac.uk/uuid/7925ded722d743fa8259a93acc7073f2,NA,NA
a000527,steve,2020-07-08,yes,NA,yes,NA,yes,NA,1,1,https://doi.org/10.5285/7925ded722d743fa8259a93acc7073f2,yes,NA,https://catalogue.ceda.ac.uk/uuid/7925ded722d743fa8259a93acc7073f2,yes,NA,The CEDA Archive,yes,NA,other,Downloads for some files kept timing out,Note that dataset has been superceded; downloads for some files kept timing out,https://doi.org/10.5285/7925ded722d743fa8259a93acc7073f2,https://doi.org/10.5285/7925ded722d743fa8259a93acc7073f2,doi.org/10.5285/7925ded722d743fa8259a93acc7073f2,NA,https://catalogue.ceda.ac.uk/uuid/7925ded722d743fa8259a93acc7073f2,catalogue.ceda.ac.uk/uuid/7925ded722d743fa8259a93acc7073f2,NA,NA
a000539,michelle,2020-04-09,yes,NA,yes,NA,yes,NA,1,1,https://osf.io/px8h3/,yes,NA,https://osf.io/px8h3/,yes,NA,OSF,yes,NA,other,File size exceeds 100MB,Did not download the file as file size was too big,NA,https://osf.io/px8h3/,osf.io/px8h3,NA,https://osf.io/px8h3/,osf.io/px8h3,NA,NA
a000539,oliver,2020-04-29,yes,NA,yes,NA,yes,NA,1,1,osf.io/px8h3/,yes,NA,https://osf.io/px8h3/,yes,NA,OSF,yes,NA,other,File >100 MB,NA,NA,osf.io/px8h3/,osf.io/px8h3,NA,https://osf.io/px8h3/,osf.io/px8h3,NA,NA
a000562,steve,2020-07-24,yes,NA,yes,NA,yes,NA,3,2,https://10.6084/m9.figshare.9225476,other,"This URL is malformed; the doi.org/ part is missing, it worked once corrected",https://figshare.com/articles/EEG_data_from_Subject_1_to_Subject_15/9225476,yes,NA,figshare,yes,NA,other,Total download size exceeded 100MB,Very large data set (2.62GB),https://10.6084/m9.figshare.9225476,https://10.6084/m9.figshare.9225476,10.6084/m9.figshare.9225476,NA,https://figshare.com/articles/EEG_data_from_Subject_1_to_Subject_15/9225476,figshare.com/articles/EEG_data_from_Subject_1_to_Subject_15/9225476,NA,NA
a000562,steve,2020-07-24,yes,NA,yes,NA,yes,NA,3,3,https://10.6084/m9.figshare.9227495,other,"This URL is malformed; the doi.org/ part is missing, it worked once corrected",https://figshare.com/articles/EEG_data_from_Subject_16_to_Subject_30_read_me/9227495,yes,NA,figshare,yes,NA,other,Total download size exceeded 100MB,Very large data set (2.89GB),https://10.6084/m9.figshare.9227495,https://10.6084/m9.figshare.9227495,10.6084/m9.figshare.9227495,NA,https://figshare.com/articles/EEG_data_from_Subject_16_to_Subject_30_read_me/9227495,figshare.com/articles/EEG_data_from_Subject_16_to_Subject_30_read_me/9227495,NA,NA
a000581,steve,2020-11-04,yes,NA,yes,NA,yes,NA,2,2,https://osf.io/n8v3c/,yes,NA,https://osf.io/n8v3c/,yes,NA,OSF,other,OSF account with access required,no,NA,"This OSF project not made public. Coding updated to clarify the resolved_url (use url when logged in, which returns the permission needed message, rather than the login redirection url).",https://osf.io/n8v3c/,https://osf.io/n8v3c/,osf.io/n8v3c,https://osf.io/n8v3c/,https://osf.io/n8v3c/,osf.io/n8v3c,NA,NA
a000583,adrian,2020-04-06,yes,NA,yes,NA,yes,NA,1,1,https://osf.io/u8sdh/,yes,NA,https://osf.io/u8sdh/,yes,NA,OSF,yes,NA,other,File >100MB,File was very large (>100MB) so not uploaded to Drive,NA,https://osf.io/u8sdh/,osf.io/u8sdh,NA,https://osf.io/u8sdh/,osf.io/u8sdh,NA,NA
a000583,oliver,2020-04-22,yes,NA,yes,NA,yes,NA,1,1,osf.io/u8sdh/,yes,NA,https://osf.io/u8sdh/,yes,NA,OSF,yes,NA,other,File >100MB,NA,NA,osf.io/u8sdh/,osf.io/u8sdh,NA,https://osf.io/u8sdh/,osf.io/u8sdh,NA,NA
a000601,steve,2020-11-24,yes,NA,yes,NA,yes,NA,1,1,https://osf.io/4bwq3/,other,"link works, but links to an OSF Registries page which does not include any data files. But, if one visits the project that the linked project is a frozen registration of, one can find files. Additionally, the second project contains a link to analysis scripts on GitHub that is not provided in the article","https://osf.io/fc463/, https://github.com/arotto/lottery",yes,NA,"OSF, Github",other,"Could get data files from OSF, code files from Github, but Github also mentions that the user needs a US Census API key to access US Census data - this was not mentioned at any point before, and counts as data requiring registration/permission",partial,"Downloaded OSF data, Github code, but not US Census data",This is a complex case - look at notes,NA,https://osf.io/4bwq3/,osf.io/4bwq3,"https://osf.io/fc463/, https://github.com/arotto/lottery","https://osf.io/fc463/, https://github.com/arotto/lottery","osf.io/fc463/, https://github.com/arotto/lottery",NA,NA
a000618,andy,2020-08-07,yes,NA,yes,NA,yes,NA,1,1,http://dx.doi.org/10.6084/m9.figshare.1275172,yes,NA,https://figshare.com/articles/UAV_Aerial_Survey_Blackquarries_Hill_Long_Barrow_ST77509320_/1275172,yes,NA,figshare,yes,NA,partial,Over 100MB of data files,NA,NA,http://dx.doi.org/10.6084/m9.figshare.1275172,dx.doi.org/10.6084/m9.figshare.1275172,NA,https://figshare.com/articles/UAV_Aerial_Survey_Blackquarries_Hill_Long_Barrow_ST77509320_/1275172,figshare.com/articles/UAV_Aerial_Survey_Blackquarries_Hill_Long_Barrow_ST77509320_/1275172,NA,NA
a000618,steve,2020-07-08,yes,NA,yes,NA,yes,NA,1,1,http://dx.doi.org/10.6084/m9.figshare.1275172,yes,NA,https://figshare.com/articles/UAV_Aerial_Survey_Blackquarries_Hill_Long_Barrow_ST77509320_/1275172,yes,NA,figshare,yes,NA,partial,Total download size exceeded 100MB,"Straightforward, no issues",NA,http://dx.doi.org/10.6084/m9.figshare.1275172,dx.doi.org/10.6084/m9.figshare.1275172,NA,https://figshare.com/articles/UAV_Aerial_Survey_Blackquarries_Hill_Long_Barrow_ST77509320_/1275172,figshare.com/articles/UAV_Aerial_Survey_Blackquarries_Hill_Long_Barrow_ST77509320_/1275172,NA,NA
a000651,evelyn,2020-04-23,yes,NA,yes,NA,yes,NA,1,1,https://osf.io/sqp6z/,yes,NA,https://osf.io/sqp6z/,yes,NA,OSF,yes,NA,other,Data files exceeded 100MB,Data files exceeded 100MB,NA,https://osf.io/sqp6z/,osf.io/sqp6z,NA,https://osf.io/sqp6z/,osf.io/sqp6z,NA,NA
a000651,phuong,2020-04-17,yes,NA,yes,NA,yes,NA,1,1,osf.io/sqp6z/,yes,NA,https://osf.io/sqp6z/,yes,NA,OSF,yes,NA,other,files are larger than 100MB,NA,NA,osf.io/sqp6z/,osf.io/sqp6z,NA,https://osf.io/sqp6z/,osf.io/sqp6z,NA,NA
a000655,adrian,2020-04-14,yes,NA,yes,NA,yes,NA,1,1,https://db.humanconnectome.org/,yes,NA,https://db.humanconnectome.org/app/template/Login.vm,yes,NA,Connectome db,other,Require login,no,NA,Could not access as login needed,NA,https://db.humanconnectome.org/,db.humanconnectome.org,NA,https://db.humanconnectome.org/app/template/Login.vm,db.humanconnectome.org/app/template/Login.vm,NA,NA
a000655,michelle,2020-04-23,yes,NA,yes,NA,yes,NA,1,1,https://db.humanconnectome.org,yes,NA,https://db.humanconnectome.org/app/template/Login.vm,yes,NA,CONNECT TO ME DB,other,Link directs to log in screen - seems as if login is required to access data,no,NA,"Login seems to be required to access data, but there was a supplementary data link: https://doi.org/10.1016/j.cortex.2019.04.015.",NA,https://db.humanconnectome.org,db.humanconnectome.org,NA,https://db.humanconnectome.org/app/template/Login.vm,db.humanconnectome.org/app/template/Login.vm,NA,NA
a000673,michelle,2020-04-29,yes,NA,yes,NA,yes,NA,1,1,https://doi.org/10.7910/DVN/HI1X4O,yes,NA,https://dataverse.harvard.edu/dataset.xhtml?persistentId=doi:10.7910/DVN/HI1X4O,yes,NA,HAVARD DATAVERSE,yes,NA,other,File size > 100MB,Did not download files as they were greater than 100MB,NA,https://doi.org/10.7910/DVN/HI1X4O,doi.org/10.7910/DVN/HI1X4O,NA,https://dataverse.harvard.edu/dataset.xhtml?persistentId=doi:10.7910/DVN/HI1X4O,dataverse.harvard.edu/dataset.xhtml?persistentId=doi:10.7910/DVN/HI1X4O,NA,NA
a000673,sophia,2020-04-20,yes,NA,yes,NA,yes,NA,1,1,https://doi.org/10.7910/DVN/HI1X4O,yes,NA,https://dataverse.harvard.edu/dataset.xhtml?persistentId=doi:10.7910/DVN/HI1X4O,yes,NA,Harvard Dataverse Network,yes,NA,other,zip file was over 100MB,I didn't have any problems with this article,NA,https://doi.org/10.7910/DVN/HI1X4O,doi.org/10.7910/DVN/HI1X4O,NA,https://dataverse.harvard.edu/dataset.xhtml?persistentId=doi:10.7910/DVN/HI1X4O,dataverse.harvard.edu/dataset.xhtml?persistentId=doi:10.7910/DVN/HI1X4O,NA,NA
a000681,andy,2020-08-07,yes,NA,yes,NA,yes,NA,1,1,https://doi.org/10.5281/zenodo.3371710,yes,NA,https://zenodo.org/record/3371710#.Xy1cjGovPUo,yes,NA,Zenodo,yes,NA,partial,Over 100MB of data files,NA,NA,https://doi.org/10.5281/zenodo.3371710,doi.org/10.5281/zenodo.3371710,https://zenodo.org/record/3371710,https://zenodo.org/record/3371710,zenodo.org/record/3371710,NA,NA
a000681,steve,2020-07-09,yes,NA,yes,NA,yes,NA,1,1,https://doi.org/10.5281/zenodo.3371710,yes,NA,https://zenodo.org/record/3371710,yes,NA,Zenodo,yes,NA,partial,Total download size exceeded 100MB,"Straightforward, no issues",NA,https://doi.org/10.5281/zenodo.3371710,doi.org/10.5281/zenodo.3371710,https://zenodo.org/record/3371710,https://zenodo.org/record/3371710,zenodo.org/record/3371710,NA,NA
a000683,andy,2020-08-25,yes,NA,yes,NA,yes,NA,1,1,http://archaeologydataservice.ac.uk/archives/view/urubici_na_2015/,yes,NA,https://archaeologydataservice.ac.uk/archives/view/urubici_na_2015/,yes,NA,Archaeology Data Service,yes,NA,partial,Over 100MB of data files,No issues,NA,http://archaeologydataservice.ac.uk/archives/view/urubici_na_2015/,archaeologydataservice.ac.uk/archives/view/urubici_na_2015,NA,https://archaeologydataservice.ac.uk/archives/view/urubici_na_2015/,archaeologydataservice.ac.uk/archives/view/urubici_na_2015,NA,NA
a000683,steve,2020-07-09,yes,NA,yes,NA,yes,NA,1,1,http://archaeologydataservice.ac.uk/archives/view/urubici_na_2015/,yes,NA,https://archaeologydataservice.ac.uk/archives/view/urubici_na_2015/,yes,NA,Archaeology Data Service,yes,NA,partial,Total download size exceeded 100MB,"Straightforward, no issues",NA,http://archaeologydataservice.ac.uk/archives/view/urubici_na_2015/,archaeologydataservice.ac.uk/archives/view/urubici_na_2015,NA,https://archaeologydataservice.ac.uk/archives/view/urubici_na_2015/,archaeologydataservice.ac.uk/archives/view/urubici_na_2015,NA,NA
a000717,andy,2020-08-31,yes,NA,yes,NA,yes,NA,1,1,https://doi.org/10.18113/D3W375,yes,NA,http://www.datacommons.psu.edu/commonswizard/MetadataDisplay.aspx?Dataset=6171,yes,NA,datacommons@psu,yes,NA,partial,Over 100MB of data files,No issues,NA,https://doi.org/10.18113/D3W375,doi.org/10.18113/D3W375,NA,http://www.datacommons.psu.edu/commonswizard/MetadataDisplay.aspx?Dataset=6171,www.datacommons.psu.edu/commonswizard/MetadataDisplay.aspx?Dataset=6171,NA,NA
a000717,steve,2020-07-09,yes,NA,yes,NA,yes,NA,1,1,https://doi.org/10.18113/D3W375,yes,NA,http://www.datacommons.psu.edu/commonswizard/MetadataDisplay.aspx?Dataset=6171,yes,NA,datacommons@psu,yes,NA,partial,Total download size exceeded 100MB,"Straightforward, no issues",NA,https://doi.org/10.18113/D3W375,doi.org/10.18113/D3W375,NA,http://www.datacommons.psu.edu/commonswizard/MetadataDisplay.aspx?Dataset=6171,www.datacommons.psu.edu/commonswizard/MetadataDisplay.aspx?Dataset=6171,NA,NA
a000792,andy,2020-08-31,yes,NA,yes,NA,yes,NA,6,3,10.5285/0ceb4f85-0bbf-49f0-ab70-cfc137ab7d4d,yes,NA,https://catalogue.ceh.ac.uk/documents/0ceb4f85-0bbf-49f0-ab70-cfc137ab7d4d,yes,NA,UK Centre for Ecology & Hydrology,yes,NA,other,Account required to access data,"DOIs only, not URLs; account required to access data",NA,10.5285/0ceb4f85-0bbf-49f0-ab70-cfc137ab7d4d,10.5285/0ceb4f85-0bbf-49f0-ab70-cfc137ab7d4d,NA,https://catalogue.ceh.ac.uk/documents/0ceb4f85-0bbf-49f0-ab70-cfc137ab7d4d,catalogue.ceh.ac.uk/documents/0ceb4f85-0bbf-49f0-ab70-cfc137ab7d4d,NA,NA
a000792,steve,2020-07-09,yes,NA,yes,NA,yes,NA,6,3,10.5285/0ceb4f85-0bbf-49f0-ab70-cfc137ab7d4d,yes,NA,https://catalogue.ceh.ac.uk/documents/0ceb4f85-0bbf-49f0-ab70-cfc137ab7d4d,yes,NA,NERC Environmental Information Data Centre,yes,NA,other,Account required to access data; could download metadata and documentation,"DOIs only, rather than URLs. Account required to access data; could download metadata and documentation",NA,10.5285/0ceb4f85-0bbf-49f0-ab70-cfc137ab7d4d,10.5285/0ceb4f85-0bbf-49f0-ab70-cfc137ab7d4d,NA,https://catalogue.ceh.ac.uk/documents/0ceb4f85-0bbf-49f0-ab70-cfc137ab7d4d,catalogue.ceh.ac.uk/documents/0ceb4f85-0bbf-49f0-ab70-cfc137ab7d4d,NA,NA
a000792,andy,2020-08-31,yes,NA,yes,NA,yes,NA,6,6,10.5285/3b90962e-6fc8-4251-853e-b9683e37f790,yes,NA,https://catalogue.ceh.ac.uk/documents/3b90962e-6fc8-4251-853e-b9683e37f790,yes,NA,UK Centre for Ecology & Hydrology,yes,NA,other,Account required to access data,"DOIs only, not URLs; account required to access data",NA,10.5285/3b90962e-6fc8-4251-853e-b9683e37f790,10.5285/3b90962e-6fc8-4251-853e-b9683e37f790,NA,https://catalogue.ceh.ac.uk/documents/3b90962e-6fc8-4251-853e-b9683e37f790,catalogue.ceh.ac.uk/documents/3b90962e-6fc8-4251-853e-b9683e37f790,NA,NA
a000792,steve,2020-07-09,yes,NA,yes,NA,yes,NA,6,6,10.5285/3b90962e-6fc8-4251-853e-b9683e37f790,yes,NA,https://catalogue.ceh.ac.uk/documents/3b90962e-6fc8-4251-853e-b9683e37f790,yes,NA,NERC Environmental Information Data Centre,yes,NA,other,Account required to access data; could download metadata and documentation,"DOIs only, rather than URLs. Account required to access data; could download metadata and documentation",NA,10.5285/3b90962e-6fc8-4251-853e-b9683e37f790,10.5285/3b90962e-6fc8-4251-853e-b9683e37f790,NA,https://catalogue.ceh.ac.uk/documents/3b90962e-6fc8-4251-853e-b9683e37f790,catalogue.ceh.ac.uk/documents/3b90962e-6fc8-4251-853e-b9683e37f790,NA,NA
a000792,andy,2020-08-31,yes,NA,yes,NA,yes,NA,6,1,10.5285/5f3c1a02-d5c4-4faa-9353-e8b68ce2ace2,yes,NA,https://catalogue.ceh.ac.uk/documents/5f3c1a02-d5c4-4faa-9353-e8b68ce2ace2,yes,NA,UK Centre for Ecology & Hydrology,yes,NA,other,Account required to access data,"DOIs only, not URLs; account required to access data",NA,10.5285/5f3c1a02-d5c4-4faa-9353-e8b68ce2ace2,10.5285/5f3c1a02-d5c4-4faa-9353-e8b68ce2ace2,NA,https://catalogue.ceh.ac.uk/documents/5f3c1a02-d5c4-4faa-9353-e8b68ce2ace2,catalogue.ceh.ac.uk/documents/5f3c1a02-d5c4-4faa-9353-e8b68ce2ace2,NA,NA
a000792,steve,2020-07-09,yes,NA,yes,NA,yes,NA,6,1,10.5285/5f3c1a02-d5c4-4faa-9353-e8b68ce2ace2,yes,NA,https://catalogue.ceh.ac.uk/documents/5f3c1a02-d5c4-4faa-9353-e8b68ce2ace2,yes,NA,NERC Environmental Information Data Centre,yes,NA,other,Account required to access data; could download metadata and documentation,"DOIs only, rather than URLs. Account required to access data; could download metadata and documentation",NA,10.5285/5f3c1a02-d5c4-4faa-9353-e8b68ce2ace2,10.5285/5f3c1a02-d5c4-4faa-9353-e8b68ce2ace2,NA,https://catalogue.ceh.ac.uk/documents/5f3c1a02-d5c4-4faa-9353-e8b68ce2ace2,catalogue.ceh.ac.uk/documents/5f3c1a02-d5c4-4faa-9353-e8b68ce2ace2,NA,NA
a000792,andy,2020-08-31,yes,NA,yes,NA,yes,NA,6,2,10.5285/e911196a-b371-47b1-968c-661eb600d83b,yes,NA,https://catalogue.ceh.ac.uk/documents/e911196a-b371-47b1-968c-661eb600d83b,yes,NA,UK Centre for Ecology & Hydrology,yes,NA,other,Account required to access data,"DOIs only, not URLs; account required to access data",NA,10.5285/e911196a-b371-47b1-968c-661eb600d83b,10.5285/e911196a-b371-47b1-968c-661eb600d83b,NA,https://catalogue.ceh.ac.uk/documents/e911196a-b371-47b1-968c-661eb600d83b,catalogue.ceh.ac.uk/documents/e911196a-b371-47b1-968c-661eb600d83b,NA,NA
a000792,steve,2020-07-09,yes,NA,yes,NA,yes,NA,6,2,10.5285/e911196a-b371-47b1-968c-661eb600d83b,yes,NA,https://catalogue.ceh.ac.uk/documents/e911196a-b371-47b1-968c-661eb600d83b,yes,NA,NERC Environmental Information Data Centre,yes,NA,other,Account required to access data; could download metadata and documentation,"DOIs only, rather than URLs. Account required to access data; could download metadata and documentation",NA,10.5285/e911196a-b371-47b1-968c-661eb600d83b,10.5285/e911196a-b371-47b1-968c-661eb600d83b,NA,https://catalogue.ceh.ac.uk/documents/e911196a-b371-47b1-968c-661eb600d83b,catalogue.ceh.ac.uk/documents/e911196a-b371-47b1-968c-661eb600d83b,NA,NA
a000792,andy,2020-08-31,yes,NA,yes,NA,yes,NA,6,4,10.5285/f52f012d9f2e42ccb6289cdea4fa3ba0,yes,NA,https://catalogue.ceh.ac.uk/documents/f52f012d-9f2e-42cc-b628-9cdea4fa3ba0,yes,NA,UK Centre for Ecology & Hydrology,yes,NA,other,Account required to access data,"DOIs only, not URLs; account required to access data",NA,10.5285/f52f012d9f2e42ccb6289cdea4fa3ba0,10.5285/f52f012d9f2e42ccb6289cdea4fa3ba0,NA,https://catalogue.ceh.ac.uk/documents/f52f012d-9f2e-42cc-b628-9cdea4fa3ba0,catalogue.ceh.ac.uk/documents/f52f012d-9f2e-42cc-b628-9cdea4fa3ba0,NA,NA
a000792,steve,2020-07-09,yes,NA,yes,NA,yes,NA,6,4,10.5285/f52f012d9f2e42ccb6289cdea4fa3ba0,other,Encoding issue with hyphens/dashes when copied and pasted directly from PDF,https://catalogue.ceh.ac.uk/documents/f52f012d-9f2e-42cc-b628-9cdea4fa3ba0,yes,NA,NERC Environmental Information Data Centre,yes,NA,other,Account required to access data; could download metadata and documentation,"DOIs only, rather than URLs. Account required to access data; could download metadata and documentation",NA,10.5285/f52f012d9f2e42ccb6289cdea4fa3ba0,10.5285/f52f012d9f2e42ccb6289cdea4fa3ba0,NA,https://catalogue.ceh.ac.uk/documents/f52f012d-9f2e-42cc-b628-9cdea4fa3ba0,catalogue.ceh.ac.uk/documents/f52f012d-9f2e-42cc-b628-9cdea4fa3ba0,NA,NA
a000792,andy,2020-08-31,yes,NA,yes,NA,yes,NA,6,5,10.5285/f6cac471-7d92-4e6d-be8a-9f7887143058,yes,NA,https://catalogue.ceh.ac.uk/documents/f6cac471-7d92-4e6d-be8a-9f7887143058,yes,NA,UK Centre for Ecology & Hydrology,yes,NA,other,Account required to access data,"DOIs only, not URLs; account required to access data",NA,10.5285/f6cac471-7d92-4e6d-be8a-9f7887143058,10.5285/f6cac471-7d92-4e6d-be8a-9f7887143058,NA,https://catalogue.ceh.ac.uk/documents/f6cac471-7d92-4e6d-be8a-9f7887143058,catalogue.ceh.ac.uk/documents/f6cac471-7d92-4e6d-be8a-9f7887143058,NA,NA
a000792,steve,2020-07-09,yes,NA,yes,NA,yes,NA,6,5,10.5285/f6cac471-7d92-4e6d-be8a-9f7887143058,yes,NA,https://catalogue.ceh.ac.uk/documents/f6cac471-7d92-4e6d-be8a-9f7887143058,yes,NA,NERC Environmental Information Data Centre,yes,NA,other,Account required to access data; could download metadata and documentation,"DOIs only, rather than URLs. Account required to access data; could download metadata and documentation",NA,10.5285/f6cac471-7d92-4e6d-be8a-9f7887143058,10.5285/f6cac471-7d92-4e6d-be8a-9f7887143058,NA,https://catalogue.ceh.ac.uk/documents/f6cac471-7d92-4e6d-be8a-9f7887143058,catalogue.ceh.ac.uk/documents/f6cac471-7d92-4e6d-be8a-9f7887143058,NA,NA
a000857,evelyn,2020-05-18,yes,NA,yes,NA,yes,NA,1,1,http://doi.org/10.7910/DVN/CPVIOF,yes,NA,https://dataverse.harvard.edu/dataset.xhtml?persistentId=doi:10.7910/DVN/CPVIOF,yes,NA,Harvard Dataverse Network,yes,NA,other,Data files exceed 100MB,Data files exceed 100MB,NA,http://doi.org/10.7910/DVN/CPVIOF,doi.org/10.7910/DVN/CPVIOF,https://dataverse.harvard.edu/dataset.xhtml?persistentId=doi:10.7910/DVN/CPVIOF,https://dataverse.harvard.edu/dataset.xhtml?persistentId=doi:10.7910/DVN/CPVIOF,dataverse.harvard.edu/dataset.xhtml?persistentId=doi:10.7910/DVN/CPVIOF,NA,NA
a000857,phuong,2020-04-17,yes,NA,no,NA,yes,NA,1,1,http://doi.org/10.7910/DVN/CPVIOF.,yes,NA,https://dataverse.harvard.edu/dataset.xhtml?persistentId=doi:10.7910/DVN/CPVIOF,yes,NA,OSF,yes,NA,other,files are larger than 100MB,The data badge was in black and white,NA,http://doi.org/10.7910/DVN/CPVIOF.,doi.org/10.7910/DVN/CPVIOF,https://dataverse.harvard.edu/dataset.xhtml?persistentId=doi:10.7910/DVN/CPVIOF,https://dataverse.harvard.edu/dataset.xhtml?persistentId=doi:10.7910/DVN/CPVIOF,dataverse.harvard.edu/dataset.xhtml?persistentId=doi:10.7910/DVN/CPVIOF,NA,NA
a000857,sophia,2020-04-24,yes,NA,yes,NA,yes,NA,1,1,http://doi.org/10.7910/DVN/CPVIOF,yes,NA,http://doi.org/10.7910/DVN/CPVIOF.,yes,NA,Harvard Dataverse Network,yes,NA,other,xip file was over 100MB,I didn't have any problems with this article,NA,http://doi.org/10.7910/DVN/CPVIOF,doi.org/10.7910/DVN/CPVIOF,https://dataverse.harvard.edu/dataset.xhtml?persistentId=doi:10.7910/DVN/CPVIOF,https://dataverse.harvard.edu/dataset.xhtml?persistentId=doi:10.7910/DVN/CPVIOF,dataverse.harvard.edu/dataset.xhtml?persistentId=doi:10.7910/DVN/CPVIOF,NA,NA
a000901,michelle,2020-05-08,yes,NA,yes,NA,yes,NA,1,1,http://dx.doi.org/10.7910/DVN/GZA3GY,yes,NA,https://dataverse.harvard.edu/dataset.xhtml?persistentId=doi:10.7910/DVN/GZA3GY,yes,NA,HAVARD DATAVERSE,yes,NA,other,File size > 100 MB,Did not download files as they were greater than 100MB,NA,http://dx.doi.org/10.7910/DVN/GZA3GY,dx.doi.org/10.7910/DVN/GZA3GY,NA,https://dataverse.harvard.edu/dataset.xhtml?persistentId=doi:10.7910/DVN/GZA3GY,dataverse.harvard.edu/dataset.xhtml?persistentId=doi:10.7910/DVN/GZA3GY,NA,NA
a000901,sophia,2020-04-16,yes,NA,yes,NA,yes,NA,1,1,http://dx.doi.org/10.7910/DVN/GZA3GY,yes,NA,https://dataverse.harvard.edu/dataset.xhtml?persistentId=doi:10.7910/DVN/GZA3GY,yes,NA,Harvard Dataverse Network,yes,NA,other,files over 100MB,I didn't have any problems with this article,NA,http://dx.doi.org/10.7910/DVN/GZA3GY,dx.doi.org/10.7910/DVN/GZA3GY,NA,https://dataverse.harvard.edu/dataset.xhtml?persistentId=doi:10.7910/DVN/GZA3GY,dataverse.harvard.edu/dataset.xhtml?persistentId=doi:10.7910/DVN/GZA3GY,NA,NA
a000904,evelyn,2020-05-25,yes,NA,yes,NA,yes,NA,1,1,http://dataverse.nl/dvn/dv/chemosignaling,yes,NA,http://dataverse.nl/dvn/dv/chemosignaling,yes,NA,Dutch Dataverse Network,yes,NA,other,Some files were unable to be downloaded without appropriate login recess and tiles exceedeed 100MB,Some files were unable to be downloaded without appropriate login recess and tiles exceedeed 100MB,http://dataverse.nl/dvn/dv/chemosignaling,http://dataverse.nl/dvn/dv/chemosignaling,dataverse.nl/dvn/dv/chemosignaling,https://dataverse.nl/dataverse/chemosignaling,https://dataverse.nl/dataverse/chemosignaling,dataverse.nl/dataverse/chemosignaling,NA,NA
a000904,sophia,2020-04-04,yes,NA,yes,NA,yes,NA,1,1,https://dataverse.nl/dataverse/chemosignaling,yes,NA,https://dataverse.nl/dataverse/chemosignaling,yes,NA,Dutch Dataverse Network,yes,NA,other,File was over 100MB and three of the files were not able to be accessed without permission.,NA,http://dataverse.nl/dvn/dv/chemosignaling,http://dataverse.nl/dvn/dv/chemosignaling,dataverse.nl/dvn/dv/chemosignaling,https://dataverse.nl/dataverse/chemosignaling,https://dataverse.nl/dataverse/chemosignaling,dataverse.nl/dataverse/chemosignaling,NA,NA
a000933,andy,2020-08-31,yes,NA,yes,NA,yes,NA,1,1,https://doi.org/10.5683/SP/OQDRJG,yes,NA,https://dataverse.scholarsportal.info/dataset.xhtml?persistentId=doi:10.5683/SP/OQDRJG,yes,NA,Scholars Portal Dataverse,yes,NA,other,Account required to access data,Account required to access data,NA,https://doi.org/10.5683/SP/OQDRJG,doi.org/10.5683/SP/OQDRJG,NA,https://dataverse.scholarsportal.info/dataset.xhtml?persistentId=doi:10.5683/SP/OQDRJG,dataverse.scholarsportal.info/dataset.xhtml?persistentId=doi:10.5683/SP/OQDRJG,NA,NA
a000933,steve,2020-07-10,yes,NA,yes,NA,yes,NA,1,1,https://doi.org/10.5683/SP/OQDRJG,yes,NA,https://dataverse.scholarsportal.info/dataset.xhtml?persistentId=doi:10.5683/SP/OQDRJG,yes,NA,Scholars Portal Dataverse,yes,NA,other,Account required to access data,Account required to access data,NA,https://doi.org/10.5683/SP/OQDRJG,doi.org/10.5683/SP/OQDRJG,NA,https://dataverse.scholarsportal.info/dataset.xhtml?persistentId=doi:10.5683/SP/OQDRJG,dataverse.scholarsportal.info/dataset.xhtml?persistentId=doi:10.5683/SP/OQDRJG,NA,NA
a000935,adrian,2020-04-14,yes,NA,yes,NA,yes,NA,1,1,http://osf.io/pg9ca,yes,NA,https://accounts.osf.io/login?service=https://osf.io/pg9ca/,yes,NA,OSF,yes,NA,other,Login required,Could not access as login needed,NA,http://osf.io/pg9ca,osf.io/pg9ca,NA,https://accounts.osf.io/login?service=https://osf.io/pg9ca/,accounts.osf.io/login?service=https://osf.io/pg9ca,NA,NA
a000935,phuong,2020-04-22,yes,NA,yes,NA,yes,NA,1,1,osf.io/pg9ca,yes,NA,https://accounts.osf.io/login?service=https://osf.io/pg9ca/,yes,NA,OSF,yes,NA,other,an account was required to download,NA,NA,osf.io/pg9ca,osf.io/pg9ca,NA,https://accounts.osf.io/login?service=https://osf.io/pg9ca/,accounts.osf.io/login?service=https://osf.io/pg9ca,NA,NA
a000940,evelyn,2020-04-28,yes,NA,yes,NA,yes,NA,1,1,https://osf.io/ea99d/,yes,NA,https://osf.io/ea99d/,yes,NA,OSF,yes,NA,other,Data files exceed 100MB,Data files exceed 100MB,NA,https://osf.io/ea99d/,osf.io/ea99d,NA,https://osf.io/ea99d/,osf.io/ea99d,NA,NA
a000940,michelle,2020-05-12,yes,NA,yes,NA,yes,NA,1,1,https://osf.io/ea99d/,yes,NA,https://osf.io/ea99d/,yes,NA,OSF,yes,NA,other,One of the zip files > 100MB,"One zip file not downloaded as size was too big. There was a supplementary data link (but ignored because there was an open data link), supplementary data link: https://doi.org/10.1016/j.cortex.2018.12.024",NA,https://osf.io/ea99d/,osf.io/ea99d,NA,https://osf.io/ea99d/,osf.io/ea99d,NA,NA
a000940,sophia,2020-04-20,yes,NA,yes,NA,yes,NA,1,1,https://osf.io/ea99d/,yes,NA,https://osf.io/ea99d/,yes,NA,OSF,yes,NA,other,one of the files was over 100MB so only one file was put into the data folder,I didn't have any problems with this article,NA,https://osf.io/ea99d/,osf.io/ea99d,NA,https://osf.io/ea99d/,osf.io/ea99d,NA,NA
a000948,steve,2020-09-02,yes,NA,yes,NA,yes,NA,1,1,https://osf.io/677jr/,other,"Link leads to a list of different OSF projects for the first author, need to select the relevant OSF project for the article",https://osf.io/37g64/,yes,NA,OSF,other,"Repo only contains a PDF of the article, no auxiliary data files",no,NA,"Links to a list of projects, not specific project, and then closest match only had a preprint document no data",NA,https://osf.io/677jr/,osf.io/677jr,https://osf.io/37g64/,https://osf.io/37g64/,osf.io/37g64,NA,NA
a000965,sophia,2020-04-11,yes,NA,yes,NA,yes,NA,1,1,https://osf.io/b6n8t/,yes,NA,https://accounts.osf.io/login?service=https://osf.io/b6n8t/,yes,NA,OSF,other,requres an OSF sign in account,no,NA,required an account,https://osf.io/b6n8t/,https://osf.io/b6n8t/,osf.io/b6n8t,https://osf.io/b6n8t/,https://osf.io/b6n8t/,osf.io/b6n8t,NA,NA
a000965,steve,2020-07-25,yes,NA,yes,NA,yes,NA,6,1,https://osf.io/b6n8t/,yes,NA,https://osf.io/b6n8t/,yes,NA,OSF,other,OSF account and permission needed to view project,no,NA,OSF account and permission needed to view project,https://osf.io/b6n8t/,https://osf.io/b6n8t/,osf.io/b6n8t,https://osf.io/b6n8t/,https://osf.io/b6n8t/,osf.io/b6n8t,NA,NA
a000965,steve,2020-07-25,yes,NA,yes,NA,yes,NA,6,6,https://osf.io/fs67k/,yes,NA,https://osf.io/fs67k/,yes,NA,OSF,other,OSF account and permission needed to view project,no,NA,OSF account and permission needed to view project,https://osf.io/fs67k/,https://osf.io/fs67k/,osf.io/fs67k,NA,https://osf.io/fs67k/,osf.io/fs67k,NA,NA
a000997,oliver,2020-04-07,yes,NA,yes,NA,yes,NA,1,1,osf.io/xmnyq,yes,NA,https://osf.io/xmnyq,yes,NA,OSF,yes,NA,other,File >100MB,NA,NA,osf.io/xmnyq,osf.io/xmnyq,NA,https://osf.io/xmnyq,osf.io/xmnyq,NA,NA
a000997,phuong,2020-04-09,yes,NA,yes,NA,yes,NA,1,1,https://osf.io/xmnyq,yes,NA,https://osf.io/xmnyq,yes,NA,OSF,yes,NA,other,files are larger than 100MB,The link didn't point directly to page containing data files,NA,https://osf.io/xmnyq,osf.io/xmnyq,NA,https://osf.io/xmnyq,osf.io/xmnyq,NA,NA
a001007,evelyn,2020-05-18,yes,NA,yes,NA,yes,NA,1,1,https://osf.io/m64ue/,yes,NA,https://osf.io/m64ue/,yes,NA,OSF,yes,NA,other,Data files exceed 100MB,Data files exceed 100MB,NA,https://osf.io/m64ue/,osf.io/m64ue,https://osf.io/m64ue/,https://osf.io/m64ue/,osf.io/m64ue,NA,NA
a001007,oliver,2020-04-26,yes,NA,yes,NA,yes,NA,1,1,osf.io/m64ue,yes,NA,https://osf.io/m64ue/files/,yes,NA,OSF,yes,NA,other,"Downloaded successfully, but zip file could not be extracted - operation not permitted",NA,NA,osf.io/m64ue,osf.io/m64ue,https://osf.io/m64ue/,https://osf.io/m64ue/,osf.io/m64ue,NA,NA
a001007,sophia,2020-04-20,yes,NA,yes,NA,yes,NA,1,1,https://osf.io/m64ue/,yes,NA,https://osf.io/m64ue/,yes,NA,OSF,yes,NA,other,both of the files were over 100MB,I didn't have any problems with this article,NA,https://osf.io/m64ue/,osf.io/m64ue,https://osf.io/m64ue/,https://osf.io/m64ue/,osf.io/m64ue,NA,NA
a001073,andy,2020-08-31,yes,NA,yes,NA,yes,NA,1,1,https://doi.org/10.17882/56796,yes,NA,https://www.seanoe.org/data/00456/56796/,yes,NA,SEANOE,yes,NA,partial,Over 100MB of data files,No issues,NA,https://doi.org/10.17882/56796,doi.org/10.17882/56796,NA,https://www.seanoe.org/data/00456/56796/,www.seanoe.org/data/00456/56796,NA,NA
a001073,steve,2020-07-10,yes,NA,yes,NA,yes,NA,1,1,https://doi.org/10.17882/56796,yes,NA,https://www.seanoe.org/data/00456/56796/,yes,NA,SEANOE,yes,NA,partial,Total download size exceeded 100MB,"Straightforward, no issues",NA,https://doi.org/10.17882/56796,doi.org/10.17882/56796,NA,https://www.seanoe.org/data/00456/56796/,www.seanoe.org/data/00456/56796,NA,NA
a001083,michelle,2020-04-06,yes,NA,yes,NA,yes,NA,2,2,https://doi.org/10.3886/ICPSR36346.v7,yes,NA,https://www.icpsr.umich.edu/icpsrweb/NACDA/studies/36346/versions/V7,yes,NA,NACDA,yes,NA,other,"Could download all 'Document only' data, when I tried to download the other ones such as 'SAS', 'SPSS' etc, it takes me into a login screen","I have put in the Document Only download in the data file, but other remaining ones could not be done",NA,https://doi.org/10.3886/ICPSR36346.v7,doi.org/10.3886/ICPSR36346.v7,https://www.icpsr.umich.edu/web/NACDA/studies/36346/versions/V7,https://www.icpsr.umich.edu/web/NACDA/studies/36346/versions/V7,www.icpsr.umich.edu/web/NACDA/studies/36346/versions/V7,NA,NA
a001083,phuong,2020-04-22,yes,NA,yes,NA,yes,NA,2,2,https://doi.org/10.3886/ICPSR36346.v7,yes,NA,https://www.icpsr.umich.edu/web/NACDA/studies/36346/versions/V7,other,I'm not sure if NACDA is repository,NACDA,yes,NA,other,an account was required to download,NA,NA,https://doi.org/10.3886/ICPSR36346.v7,doi.org/10.3886/ICPSR36346.v7,https://www.icpsr.umich.edu/web/NACDA/studies/36346/versions/V7,https://www.icpsr.umich.edu/web/NACDA/studies/36346/versions/V7,www.icpsr.umich.edu/web/NACDA/studies/36346/versions/V7,NA,NA
a001113,michelle,2020-05-07,yes,NA,yes,NA,yes,NA,3,1,https://doi.org/10.5160/psychdata.zrce16dy99,yes,NA,https://www.psychdata.de/index.php?main=search&sub=browse&id=zrce16dy99&lang=ger&version=10002,yes,NA,PSYCHDATA,yes,NA,no,NA,Cannot download data from link without filling in form,https://doi.org/10.5160/psychdata.zrce16dy99,https://doi.org/10.5160/psychdata.zrce16dy99,doi.org/10.5160/psychdata.zrce16dy99,NA,https://www.psychdata.de/index.php?main=search&sub=browse&id=zrce16dy99&lang=ger&version=10002,www.psychdata.de/index.php?main=search&sub=browse&id=zrce16dy99&lang=ger&version=10002,NA,NA
a001113,steve,2020-08-27,yes,NA,yes,NA,yes,NA,2,1,https://doi.org/10.5160/psychdata.zrce16dy99,yes,NA,https://www.psychdata.de/index.php?main=search&sub=browse&id=zrce16dy99&lang=ger&version=10002,yes,NA,PsychData,other,"Agreement needs to be generated and signed, and then approval needs to be given to access data",no,NA,Link indicated that the original link to data had been superceded by a new version of the data. Also registration/request needed to access data,https://doi.org/10.5160/psychdata.zrce16dy99,https://doi.org/10.5160/psychdata.zrce16dy99,doi.org/10.5160/psychdata.zrce16dy99,NA,https://www.psychdata.de/index.php?main=search&sub=browse&id=zrce16dy99&lang=ger&version=10002,www.psychdata.de/index.php?main=search&sub=browse&id=zrce16dy99&lang=ger&version=10002,NA,NA
a001127,nguyenlam,2020-04-09,yes,NA,yes,NA,yes,NA,1,1,https://osf.io/pxk8z/,yes,NA,https://osf.io/pxk8z/,yes,NA,OSF,yes,NA,other,"Large file (approx 1GB). It can be donwloaded within 15 miniutes but it takes hours to upload to Drive, so I did not upload it yet.","Note in ""download_success_other"": the file is too large to upload to Drive.",NA,https://osf.io/pxk8z/,osf.io/pxk8z,NA,https://osf.io/pxk8z/,osf.io/pxk8z,NA,NA
a001127,oliver,2020-04-28,yes,NA,yes,NA,yes,NA,1,1,osf.io/pxk8z/,yes,NA,https://osf.io/pxk8z/,yes,NA,OSF,yes,NA,other,File >100MB,NA,NA,osf.io/pxk8z/,osf.io/pxk8z,NA,https://osf.io/pxk8z/,osf.io/pxk8z,NA,NA
a001132,evelyn,2020-05-25,yes,NA,yes,NA,yes,NA,1,1,https://osf.io/9z3nw/,yes,NA,https://osf.io/9z3nw/,yes,NA,OSF,yes,NA,other,Data files exceeded 100MB,Data files exceeded 100MB,NA,https://osf.io/9z3nw/,osf.io/9z3nw,NA,https://osf.io/9z3nw/,osf.io/9z3nw,NA,NA
a001132,kongmanas,2020-04-06,yes,NA,yes,NA,yes,NA,1,1,https://osf.io/9z3nw/,yes,NA,https://osf.io/9z3nw/,yes,NA,OSF,yes,NA,other,It took more than 15 minutes to download The data files,It took more than 15 minutes to download The data files,NA,https://osf.io/9z3nw/,osf.io/9z3nw,NA,https://osf.io/9z3nw/,osf.io/9z3nw,NA,NA
a001139,andy,2020-08-31,yes,NA,yes,NA,yes,NA,1,1,https://doi.org/10.5281/zenodo.1186639,yes,NA,https://zenodo.org/record/1186639#.X00OMdMvPOQ,yes,NA,Zenodo,yes,NA,partial,Over 100MB of data files,No issues,NA,https://doi.org/10.5281/zenodo.1186639,doi.org/10.5281/zenodo.1186639,https://zenodo.org/record/1186639,https://zenodo.org/record/1186639,zenodo.org/record/1186639,NA,NA
a001139,steve,2020-07-10,yes,NA,yes,NA,yes,NA,1,1,https://doi.org/10.5281/zenodo.1186639,yes,NA,https://zenodo.org/record/1186639,yes,NA,Zenodo,yes,NA,partial,Total download size exceeded 100MB,"Straightforward, no issues",NA,https://doi.org/10.5281/zenodo.1186639,doi.org/10.5281/zenodo.1186639,https://zenodo.org/record/1186639,https://zenodo.org/record/1186639,zenodo.org/record/1186639,NA,NA
a001149,steve,2020-09-02,yes,NA,yes,NA,other,Article contains both links and provides accession numbers to data resources without hyperlinks,2,2,DDBJ database accession no. DRP005397,other,Needed to navigate to Bioinformation and DDBJ Center website and search by accession number,https://ddbj.nig.ac.jp/DRASearch/study?acc=DRP005397,yes,NA,DDBJ,yes,NA,partial,"Total download size exceeded 100MB, downloaded metadata and two data files","The data availability statement reads ""The data have been deposited in the DDBJ database with accession number DRP005397."" but there is no hyperlink in article",DDBJ database accession no. DRP005397,DDBJ database accession no. DRP005397,DDBJ database accession no. DRP005397,NA,https://ddbj.nig.ac.jp/DRASearch/study?acc=DRP005397,ddbj.nig.ac.jp/DRASearch/study?acc=DRP005397,NA,NA
a001163,andy,2020-08-31,yes,NA,yes,NA,yes,NA,1,1,http://dx.doi.org/10.5284/1021668,yes,NA,https://archaeologydataservice.ac.uk/archives/view/elmsfarm_eh_2013/,yes,NA,Archaeology Data Service,yes,NA,partial,Over 100MB of data files,No issues,NA,http://dx.doi.org/10.5284/1021668,dx.doi.org/10.5284/1021668,NA,https://archaeologydataservice.ac.uk/archives/view/elmsfarm_eh_2013/,archaeologydataservice.ac.uk/archives/view/elmsfarm_eh_2013,NA,NA
a001163,steve,2020-07-10,yes,NA,yes,NA,yes,NA,1,1,http://dx.doi.org/10.5284/1021668,yes,NA,https://archaeologydataservice.ac.uk/archives/view/elmsfarm_eh_2013/,yes,NA,Archaeology Data Service,yes,NA,partial,Total download size exceeded 100MB,"Straightforward, no issues",NA,http://dx.doi.org/10.5284/1021668,dx.doi.org/10.5284/1021668,NA,https://archaeologydataservice.ac.uk/archives/view/elmsfarm_eh_2013/,archaeologydataservice.ac.uk/archives/view/elmsfarm_eh_2013,NA,NA
a001176,kongmanas,2020-04-17,yes,NA,yes,NA,yes,NA,1,1,https://dataverse.harvard.edu/dataverse/AgreementIndiff,yes,NA,https://dataverse.harvard.edu/dataverse/AgreementIndiff,yes,NA,Harvard Dataverse,yes,NA,other,Need to register to before access to download,The registration is needed to download the data file,NA,https://dataverse.harvard.edu/dataverse/AgreementIndiff,dataverse.harvard.edu/dataverse/AgreementIndiff,NA,https://dataverse.harvard.edu/dataverse/AgreementIndiff,dataverse.harvard.edu/dataverse/AgreementIndiff,NA,NA
a001176,michelle,2020-05-04,yes,NA,yes,NA,yes,NA,1,1,https://dataverse.harvard.edu/dataverse/AgreementIndiff,yes,NA,https://dataverse.harvard.edu/dataverse/AgreementIndiff,yes,NA,HAVARD DATAVERSE,yes,NA,other,Need to fill in a form to download the data,"The link also refers to 6 items, in which data can be downloaded for the separate 6 items. Data not downloaded as a form must be filled out.",NA,https://dataverse.harvard.edu/dataverse/AgreementIndiff,dataverse.harvard.edu/dataverse/AgreementIndiff,NA,https://dataverse.harvard.edu/dataverse/AgreementIndiff,dataverse.harvard.edu/dataverse/AgreementIndiff,NA,NA
a001181,adrian,2020-04-17,yes,NA,yes,NA,yes,NA,1,1,https://osf.io/zpm9t/,yes,NA,https://osf.io/zpm9t/,yes,NA,OSF,yes,NA,other,File >100MB,Not uploaded to Drive,NA,https://osf.io/zpm9t/,osf.io/zpm9t,NA,https://osf.io/zpm9t/,osf.io/zpm9t,NA,NA
a001181,oliver,2020-04-24,yes,NA,yes,NA,yes,NA,1,1,osf.io/zpm9t/,yes,NA,https://osf.io/zpm9t/,yes,NA,OSF,yes,NA,other,File > 100MB,NA,NA,osf.io/zpm9t/,osf.io/zpm9t,NA,https://osf.io/zpm9t/,osf.io/zpm9t,NA,NA
a001185,evelyn,2020-04-28,yes,NA,yes,NA,yes,NA,1,1,https://osf.io/g59s2/,yes,NA,https://osf.io/g59s2/,yes,NA,OSF,yes,NA,other,Data files exceed 100MB,Data files exceed 100MB,NA,https://osf.io/g59s2/,osf.io/g59s2,NA,https://osf.io/g59s2/,osf.io/g59s2,NA,NA
a001185,phuong,2020-04-10,yes,NA,yes,NA,yes,NA,1,1,https://osf.io/g59s2,yes,NA,https://osf.io/g59s2,yes,NA,OSF,yes,NA,other,files are larger than 100MB,The link didn't point directly to page containing data files,NA,https://osf.io/g59s2,osf.io/g59s2,NA,https://osf.io/g59s2,osf.io/g59s2,NA,NA
a001186,adrian,2020-04-06,yes,NA,yes,NA,yes,NA,1,1,http://midus.colectica.org,yes,NA,https://midus.colectica.org/Account/Login,other,Subscription based repository,Midus,other,Needed login,no,NA,Link led to login page which required login. Could not access any files.,NA,http://midus.colectica.org,midus.colectica.org,NA,https://midus.colectica.org/Account/Login,midus.colectica.org/Account/Login,NA,NA
a001186,steve,2020-11-07,yes,NA,yes,NA,yes,NA,1,1,http://midus.colectica.org,yes,NA,https://midus.colectica.org/Account/Login,yes,NA,Colectica,other,"Login required, no indication of whether files available",no,NA,"Straight up login page, with no indication of what might be behind the login page (whether data, materials, other things).",NA,http://midus.colectica.org,midus.colectica.org,NA,https://midus.colectica.org/Account/Login,midus.colectica.org/Account/Login,NA,NA
a001228,phuong,2020-04-17,yes,NA,yes,NA,yes,NA,1,1,https://osf.io/6htsx/,yes,NA,https://osf.io/6htsx/,yes,NA,OSF,yes,NA,other,files are larger than 100MB,NA,NA,https://osf.io/6htsx/,osf.io/6htsx,NA,https://osf.io/6htsx/,osf.io/6htsx,NA,NA
a001228,sophia,2020-04-24,yes,NA,yes,NA,yes,NA,1,1,https://osf.io/6htsx/,yes,NA,https://osf.io/6htsx/,yes,NA,OSF,yes,NA,other,file was over 100MB,I didn't have any problems with this article,NA,https://osf.io/6htsx/,osf.io/6htsx,NA,https://osf.io/6htsx/,osf.io/6htsx,NA,NA
a001239,michelle,2020-04-13,yes,NA,yes,NA,yes,NA,2,2,https://osf.io/dux3n,yes,NA,https://osf.io/dux3n/,yes,NA,OSF,yes,NA,other,File size exceeds 100MB,"I believe this link is the exact same as the first link, but one of them is a 'view only' version. FIle size exceeded 100MB on this link as well (same files) - supplementary data link (was ignored as there was a link to open data): https://doi.org/10.1016/j.cortex.2019.09.012.",https://osf.io/dux3n,https://osf.io/dux3n,osf.io/dux3n,NA,https://osf.io/dux3n/,osf.io/dux3n,NA,NA
a001239,phuong,2020-04-23,yes,NA,yes,NA,yes,NA,1,1,https://osf.io/dux3n/,yes,NA,https://osf.io/dux3n/,yes,NA,OSF,yes,NA,other,files are larger than 100MB,NA,https://osf.io/dux3n,https://osf.io/dux3n,osf.io/dux3n,NA,https://osf.io/dux3n/,osf.io/dux3n,NA,NA
a001239,evelyn,2020-05-22,yes,NA,yes,NA,yes,NA,1,1,https://osf.io/dux3n/?view_only=452552239590486e8793e573f6e8911a,yes,NA,https://osf.io/dux3n/?view_only=452552239590486e8793e573f6e8911a,yes,NA,OSF,yes,NA,other,Data files exceeded 100MB,Data files exceeded 100MB,https://osf.io/dux3n/?view_only=452552239590486e8793e573f6e8911a,https://osf.io/dux3n/?view_only=452552239590486e8793e573f6e8911a,osf.io/dux3n/?view_only=452552239590486e8793e573f6e8911a,NA,https://osf.io/dux3n/?view_only=452552239590486e8793e573f6e8911a,osf.io/dux3n/?view_only=452552239590486e8793e573f6e8911a,NA,NA
a001239,michelle,2020-04-13,yes,NA,yes,NA,yes,NA,2,1,https://osf.io/dux3n/?view_only14452552239590486e8793e573f6e8911a,yes,NA,https://osf.io/dux3n/?view_only=452552239590486e8793e573f6e8911a,yes,NA,OSF,yes,NA,other,File size exceeds 100MB,Did not download the file as file size was too big,https://osf.io/dux3n/?view_only=452552239590486e8793e573f6e8911a,https://osf.io/dux3n/?view_only=452552239590486e8793e573f6e8911a,osf.io/dux3n/?view_only=452552239590486e8793e573f6e8911a,NA,https://osf.io/dux3n/?view_only=452552239590486e8793e573f6e8911a,osf.io/dux3n/?view_only=452552239590486e8793e573f6e8911a,NA,NA
a001250,steve,2020-09-02,yes,NA,yes,NA,yes,NA,2,1,https://dbk.gesis.org/DBKSearch/SDesc2.asp?no=6701,other,"As presented, link does not work, but searching from the gesis home page does locate the correct dataset",https://search.gesis.org/research_data/ZA6701,yes,NA,GESIS,other,Application required to access data,other,Was able to download metadata documents but no actual data,"Original link did not work but dataset locateable, need to apply to access data set",https://dbk.gesis.org/DBKSearch/SDesc2.asp?no=6701,https://dbk.gesis.org/DBKSearch/SDesc2.asp?no=6701,dbk.gesis.org/DBKSearch/SDesc2.asp?no=6701,NA,https://search.gesis.org/research_data/ZA6701,search.gesis.org/research_data/ZA6701,NA,NA
a001263,michelle,2020-04-13,yes,NA,yes,NA,yes,NA,1,1,https://osf.io/tfwum/?view_only140cc13036c196453d940a4dafc35b715c,yes,NA,https://osf.io/tfwum/?view_only1%E2%81%8440cc13036c196453d940a4dafc35b715c,yes,NA,OSF,yes,NA,other,File size exceeds 100MB,Did not download the file as file size was too big - supplementary data link (but ignored as open data link was provided): https://doi.org/10.1016/j.cortex.2019.06.004.,https://osf.io/tfwum/?view_only=0cc13036c196453d940a4dafc35b715c,https://osf.io/tfwum/?view_only=0cc13036c196453d940a4dafc35b715c,osf.io/tfwum/?view_only=0cc13036c196453d940a4dafc35b715c,https://osf.io/tfwum/?view_only=0cc13036c196453d940a4dafc35b715c,https://osf.io/tfwum/?view_only=0cc13036c196453d940a4dafc35b715c,osf.io/tfwum/?view_only=0cc13036c196453d940a4dafc35b715c,NA,NA
a001263,oliver,2020-04-26,yes,NA,other,"Yes there is a data availability statement, but it says permission is limited due to privacy reasons as it involves photos of participants, hence files are limited",yes,NA,1,1,osf.io/tfwum/,yes,NA,osf.io/tfwum/? view_only0cc13036c196453d940a4dafc35b715c,yes,NA,OSF,yes,NA,other,Files >100 MB,NA,https://osf.io/tfwum/?view_only=0cc13036c196453d940a4dafc35b715c,https://osf.io/tfwum/?view_only=0cc13036c196453d940a4dafc35b715c,osf.io/tfwum/?view_only=0cc13036c196453d940a4dafc35b715c,https://osf.io/tfwum/?view_only=0cc13036c196453d940a4dafc35b715c,https://osf.io/tfwum/?view_only=0cc13036c196453d940a4dafc35b715c,osf.io/tfwum/?view_only=0cc13036c196453d940a4dafc35b715c,NA,NA
a001326,evelyn,2020-05-18,yes,NA,yes,NA,yes,NA,1,1,https://osf.io/5tus8/,yes,NA,https://osf.io/5tus8/,yes,NA,OSF,yes,NA,other,Data files exceed 100MB,Data files exceed 100MB,NA,https://osf.io/5tus8/,osf.io/5tus8,https://osf.io/5tus8/,https://osf.io/5tus8/,osf.io/5tus8,NA,NA
a001326,oliver,2020-04-26,yes,NA,yes,NA,yes,NA,1,1,osf.io/5tus8/,yes,NA,https://osf.io/5tus8/files/,yes,NA,OSF,yes,NA,other,Files >100 MB,NA,NA,osf.io/5tus8/,osf.io/5tus8,https://osf.io/5tus8/,https://osf.io/5tus8/,osf.io/5tus8,NA,NA
a001326,sophia,2020-04-08,yes,NA,yes,NA,yes,NA,1,1,https://osf.io/5tus8/,yes,NA,https://osf.io/5tus8/,yes,NA,OSF,yes,NA,other,files were much over 100MB,I didn't have any problems with this article,NA,https://osf.io/5tus8/,osf.io/5tus8,https://osf.io/5tus8/,https://osf.io/5tus8/,osf.io/5tus8,NA,NA
a001336,michelle,2020-04-22,yes,NA,yes,NA,yes,NA,1,1,https://osf.io/m6p82/,yes,NA,https://osf.io/m6p82/,yes,NA,OSF,yes,NA,other,File size exceeds 100 MB,Did not download the file as file size was too big,NA,https://osf.io/m6p82/,osf.io/m6p82,NA,https://osf.io/m6p82/,osf.io/m6p82,NA,NA
a001336,oliver,2020-04-27,yes,NA,yes,NA,yes,NA,1,1,osf.io/m6p82/,yes,NA,https://osf.io/m6p82/,yes,NA,OSF,yes,NA,other,Files >100 MB,NA,NA,osf.io/m6p82/,osf.io/m6p82,NA,https://osf.io/m6p82/,osf.io/m6p82,NA,NA
a001352,adrian,2020-04-06,yes,NA,yes,NA,yes,NA,1,1,https://osf.io/kwvu6/,yes,NA,https://osf.io/kwvu6/,yes,NA,OSF,yes,NA,other,File >100MB,File was very large (>100MB) so not uploaded to Drive,NA,https://osf.io/kwvu6/,osf.io/kwvu6,NA,https://osf.io/kwvu6/,osf.io/kwvu6,NA,NA
a001352,oliver,2020-04-07,yes,NA,yes,NA,yes,NA,1,1,osf.io/kwvu6,yes,NA,https://osf.io/kwvu6,yes,NA,OSF,yes,NA,other,File >100MB,NA,NA,osf.io/kwvu6,osf.io/kwvu6,NA,https://osf.io/kwvu6,osf.io/kwvu6,NA,NA
a001358,evelyn,2020-05-25,yes,NA,yes,NA,yes,NA,1,1,https://osf.io/62wn9/,yes,NA,https://osf.io/62wn9/,yes,NA,OSF,yes,NA,other,Data files exceeded 100MB,Data files exceeded 100MB,NA,https://osf.io/62wn9/,osf.io/62wn9,NA,https://osf.io/62wn9/,osf.io/62wn9,NA,NA
a001358,nguyenlam,2020-04-18,yes,NA,yes,NA,yes,NA,1,1,https://osf.io/62wn9/,yes,NA,https://osf.io/62wn9,yes,NA,OSF,yes,NA,other,"Very large files (>2GB), so I cannot upload it on Google Drive","- Note in ""download_success"": very large files, so I cannot upload it on Google Drive
- There was a different link to Preregistered Plans, but this link is ignored since it does not relate to data in the article.",NA,https://osf.io/62wn9/,osf.io/62wn9,NA,https://osf.io/62wn9,osf.io/62wn9,NA,NA
a001361,aniruddah,2020-05-15,yes,NA,yes,NA,yes,NA,1,1,https://osf.io/efjd6/,yes,NA,https://osf.io/efjd6/,yes,NA,OSF,yes,NA,other,Download size exceeded 100MB,Download size bigger then 100MB.,NA,https://osf.io/efjd6/,osf.io/efjd6,NA,https://osf.io/efjd6/,osf.io/efjd6,NA,NA
a001361,evelyn,2020-04-24,yes,NA,yes,NA,yes,NA,1,1,https://osf.io/efjd6/,yes,NA,https://osf.io/efjd6/,yes,NA,OSF,yes,NA,other,Data files exceeded 100MB,I didn't have any problems with this article,NA,https://osf.io/efjd6/,osf.io/efjd6,NA,https://osf.io/efjd6/,osf.io/efjd6,NA,NA
a001361,sophia,2020-04-22,yes,NA,yes,NA,yes,NA,1,1,https://osf.io/efjd6/,yes,NA,https://osf.io/efjd6/,yes,NA,OSF,yes,NA,other,file over 100MB,I didn't have any problems with this article,NA,https://osf.io/efjd6/,osf.io/efjd6,NA,https://osf.io/efjd6/,osf.io/efjd6,NA,NA
a001426,andy,2020-10-22,yes,NA,yes,NA,yes,NA,1,1,https://dx.doi.org/10.5285/2503df629a8a485e8582e5150876b210,yes,NA,https://catalogue.ceda.ac.uk/uuid/2503df629a8a485e8582e5150876b210,yes,NA,The CEDA Archive,yes,NA,other,Account required to access data,Account required to access data,NA,https://dx.doi.org/10.5285/2503df629a8a485e8582e5150876b210,dx.doi.org/10.5285/2503df629a8a485e8582e5150876b210,NA,https://catalogue.ceda.ac.uk/uuid/2503df629a8a485e8582e5150876b210,catalogue.ceda.ac.uk/uuid/2503df629a8a485e8582e5150876b210,NA,NA
a001426,steve,2020-07-10,yes,NA,yes,NA,yes,NA,1,1,http://dx.doi.org/10.5285/2503df629a8a485e8582e5150876b210,yes,NA,https://catalogue.ceda.ac.uk/uuid/2503df629a8a485e8582e5150876b210,yes,NA,The CEDA Archive,yes,NA,other,Account required to access data,Account required to access data,NA,http://dx.doi.org/10.5285/2503df629a8a485e8582e5150876b210,dx.doi.org/10.5285/2503df629a8a485e8582e5150876b210,NA,https://catalogue.ceda.ac.uk/uuid/2503df629a8a485e8582e5150876b210,catalogue.ceda.ac.uk/uuid/2503df629a8a485e8582e5150876b210,NA,NA
a001430,kongmanas,2020-04-20,yes,NA,yes,NA,yes,NA,2,1,https://data.mendeley.com/submissions/evise/edit/rh22h25sw7?submission_id=S0022-1031(17)30623-6&token=3639d213-5e0d-437d-af76-0023d5b2081a,yes,NA,https://data.mendeley.com/submissions/evise/edit/rh22h25sw7?submission_id=S0022-1031(17)30623-6&token=3639d213-5e0d-437d-af76-0023d5b2081a,yes,NA,Mendeley,yes,NA,no,NA,"Something went wrong and data files cannot be downloaded. The data files cannot be downloaded, but there is a link to ""supplementary data"" stated in the article",https://data.mendeley.com/submissions/evise/edit/rh22h25sw7?submission_id=S0022-1031(17)30623-6&token=3639d213-5e0d-437d-af76-0023d5b2081a,https://data.mendeley.com/submissions/evise/edit/rh22h25sw7?submission_id=S0022-1031(17)30623-6&token=3639d213-5e0d-437d-af76-0023d5b2081a,data.mendeley.com/submissions/evise/edit/rh22h25sw7?submission_id=S0022-1031(17)30623-6&token=3639d213-5e0d-437d-af76-0023d5b2081a,https://data.mendeley.com/submissions/evise/edit/rh22h25sw7?submission_id=S0022-1031(17)30623-6&token=3639d213-5e0d-437d-af76-0023d5b2081a,https://data.mendeley.com/submissions/evise/edit/rh22h25sw7?submission_id=S0022-1031(17)30623-6&token=3639d213-5e0d-437d-af76-0023d5b2081a,data.mendeley.com/submissions/evise/edit/rh22h25sw7?submission_id=S0022-1031(17)30623-6&token=3639d213-5e0d-437d-af76-0023d5b2081a,NA,NA
a001430,steve,2020-08-29,yes,NA,yes,NA,yes,NA,2,1,https://data.mendeley.com/submissions/evise/edit/rh22h25sw7?submission_id=S0022-1031(17)30623-6&token=3639d213-5e0d-437d-af76-0023d5b2081a,other,"Had to edit URL to remove non-alpha characters around the ""&"" in the string. Also, this is a link to the upload page for the authors - it is not for public use!!!",https://data.mendeley.com/submissions/evise/edit/rh22h25sw7?submission_id=S0022-1031(17)30623-6&token=3639d213-5e0d-437d-af76-0023d5b2081a,yes,NA,Mendeley,other,"There are files listed for upload, but they are not accessible",no,NA,This is a problematic error - it seems to allow any user to mess with the upload of data to the authors' repository???,https://data.mendeley.com/submissions/evise/edit/rh22h25sw7?submission_id=S0022-1031(17)30623-6&token=3639d213-5e0d-437d-af76-0023d5b2081a,https://data.mendeley.com/submissions/evise/edit/rh22h25sw7?submission_id=S0022-1031(17)30623-6&token=3639d213-5e0d-437d-af76-0023d5b2081a,data.mendeley.com/submissions/evise/edit/rh22h25sw7?submission_id=S0022-1031(17)30623-6&token=3639d213-5e0d-437d-af76-0023d5b2081a,https://data.mendeley.com/submissions/evise/edit/rh22h25sw7?submission_id=S0022-1031(17)30623-6&token=3639d213-5e0d-437d-af76-0023d5b2081a,https://data.mendeley.com/submissions/evise/edit/rh22h25sw7?submission_id=S0022-1031(17)30623-6&token=3639d213-5e0d-437d-af76-0023d5b2081a,data.mendeley.com/submissions/evise/edit/rh22h25sw7?submission_id=S0022-1031(17)30623-6&token=3639d213-5e0d-437d-af76-0023d5b2081a,NA,NA
a001476,steve,2020-08-29,yes,NA,yes,NA,yes,NA,3,2,http://forscenter.ch/en/our-surveys/swiss-household-panel/,other,"Link as provided results in a 404 error, but the links on the website make it very easy to find the updated location of the data (link via https://forscenter.ch/projects/swiss-household-panel/)",https://forsbase.unil.ch/project/study-public-overview/16970/0/,yes,NA,FORSbase,other,Files require an account login to access,no,NA,Access to data controlled by the FORSbase staff (see https://forsbase.unil.ch/base/faqs/#1.2 - not guaranteed that data can be accessed),http://forscenter.ch/en/our-surveys/swiss-household-panel/,http://forscenter.ch/en/our-surveys/swiss-household-panel/,forscenter.ch/en/our-surveys/swiss-household-panel,NA,https://forsbase.unil.ch/project/study-public-overview/16970/0/,forsbase.unil.ch/project/study-public-overview/16970/0,NA,NA
a001476,steve,2020-08-29,yes,NA,yes,NA,yes,NA,3,1,http://www.worldvaluessurvey.org/,yes,NA,http://www.worldvaluessurvey.org/wvs.jsp,no,NA,NA,other,"The link is the project homepage, had to follow links to find some files to access (and it is not clear which files are relevant). Also, need to agree with terms of use before downloading (but no registration/approval required per se).",partial,"Many files across different pages, just downloaded codebook for Wave 7 to check","It looks like data is quite easily potentially available, with only a small amount of gatekeeping",http://www.worldvaluessurvey.org/,http://www.worldvaluessurvey.org/,www.worldvaluessurvey.org,NA,http://www.worldvaluessurvey.org/wvs.jsp,www.worldvaluessurvey.org/wvs.jsp,NA,NA
a001522,evelyn,2020-04-28,yes,NA,yes,NA,yes,NA,1,1,https://osf.io/ws3j9/,yes,NA,https://osf.io/ws3j9/,yes,NA,OSF,yes,NA,other,Data files exceed 100MB,Data files exceed 100MB,NA,https://osf.io/ws3j9/,osf.io/ws3j9,NA,https://osf.io/ws3j9/,osf.io/ws3j9,NA,NA
a001522,sophia,2020-04-22,yes,NA,yes,NA,yes,NA,1,1,https://osf.io/ws3j9/,yes,NA,https://osf.io/ws3j9/,yes,NA,OSF,yes,NA,other,all experiment files were over 100MB,I didn't have any problems with this article,NA,https://osf.io/ws3j9/,osf.io/ws3j9,NA,https://osf.io/ws3j9/,osf.io/ws3j9,NA,NA
a001545,steve,2020-07-27,yes,NA,yes,NA,yes,NA,3,2,https://nces.ed.gov/ecls/dataproducts.asp,yes,NA,https://nces.ed.gov/ecls/dataproducts.asp,yes,NA,NCES,yes,NA,partial,Total download size exceeded 100MB,"Site has many large files for download, but all seem publicly available",https://nces.ed.gov/ecls/dataproducts.asp,https://nces.ed.gov/ecls/dataproducts.asp,nces.ed.gov/ecls/dataproducts.asp,NA,https://nces.ed.gov/ecls/dataproducts.asp,nces.ed.gov/ecls/dataproducts.asp,NA,NA
a001545,michelle,2020-04-16,yes,NA,yes,NA,yes,NA,2,1,https://www.icpsr.umich.edu/icpsrweb/ICPSR/series/00233,yes,NA,https://www.icpsr.umich.edu/icpsrweb/ICPSR/series/00233,yes,NA,ICPSR,other,"Text in the article mentions: Our data-use agreement prevented us from posting these data online, but the data set is available on request from the ICPSR website - so cannot seem to access open data",no,NA,Cannot seem to access open data as need to request it from ICPSR,https://www.icpsr.umich.edu/icpsrweb/ICPSR/series/00233,https://www.icpsr.umich.edu/icpsrweb/ICPSR/series/00233,www.icpsr.umich.edu/icpsrweb/ICPSR/series/00233,https://www.icpsr.umich.edu/web/ICPSR/series/00233,https://www.icpsr.umich.edu/web/ICPSR/series/00233,www.icpsr.umich.edu/web/ICPSR/series/00233,NA,NA
a001545,steve,2020-07-27,yes,NA,yes,NA,yes,NA,3,1,https://www.icpsr.umich.edu/icpsrweb/ICPSR/series/00233,yes,NA,https://www.icpsr.umich.edu/web/ICPSR/series/00233,yes,NA,ICPSR,other,Permission required to access data files,no,NA,Permission required to access data files,https://www.icpsr.umich.edu/icpsrweb/ICPSR/series/00233,https://www.icpsr.umich.edu/icpsrweb/ICPSR/series/00233,www.icpsr.umich.edu/icpsrweb/ICPSR/series/00233,https://www.icpsr.umich.edu/web/ICPSR/series/00233,https://www.icpsr.umich.edu/web/ICPSR/series/00233,www.icpsr.umich.edu/web/ICPSR/series/00233,NA,NA
a001577,matthew,2020-04-17,yes,NA,yes,NA,yes,NA,2,2,https://github.com/martinjpratt/ZoomAntarctica,yes,NA,https://github.com/martinjpratt/ZoomAntarctica,yes,NA,Github,yes,NA,other,file exceeds 500mb and took longer than 15 minutes,"Download took too long, however, there were diagrams and descriptions of the data below the file which was interesting.",NA,https://github.com/martinjpratt/ZoomAntarctica,github.com/martinjpratt/ZoomAntarctica,NA,https://github.com/martinjpratt/ZoomAntarctica,github.com/martinjpratt/ZoomAntarctica,NA,NA
a001577,sophia,2020-04-26,yes,NA,yes,NA,yes,NA,2,2,https://github.com/martinjpratt/ZoomAntarctica,yes,NA,https://github.com/martinjpratt/ZoomAntarctica,yes,NA,Github,yes,NA,other,zip file over 100MB,I didn't have any problems with this article,NA,https://github.com/martinjpratt/ZoomAntarctica,github.com/martinjpratt/ZoomAntarctica,NA,https://github.com/martinjpratt/ZoomAntarctica,github.com/martinjpratt/ZoomAntarctica,NA,NA
a001577,matthew,2020-04-17,yes,NA,yes,NA,yes,NA,2,1,https://www.usap-dc.org/view/project/p0010035,yes,NA,https://www.usap-dc.org/view/project/p0010035,no,NA,NA,yes,NA,other,file exceeds 500mb,"The process to download all data is complicated, with files seperates over 4 pages (leading from this page) and some data required a request to the website for download",NA,https://www.usap-dc.org/view/project/p0010035,www.usap-dc.org/view/project/p0010035,NA,https://www.usap-dc.org/view/project/p0010035,www.usap-dc.org/view/project/p0010035,NA,NA
a001577,sophia,2020-04-26,yes,NA,yes,NA,yes,NA,2,1,https://www.usap-dc.org/view/project/p0010035,yes,NA,https://www.usap-dc.org/view/project/p0010035,yes,NA,U.S Antarctic Program Data Centre,yes,NA,other,"some of the files were only available to be downloaded on request, and some of the files were over 100MB, so I downloaded the ones I could :)",I didn't have any problems with this article,NA,https://www.usap-dc.org/view/project/p0010035,www.usap-dc.org/view/project/p0010035,NA,https://www.usap-dc.org/view/project/p0010035,www.usap-dc.org/view/project/p0010035,NA,NA
a001585,michelle,2020-04-24,yes,NA,yes,NA,yes,NA,1,1,https://osf.io/3z8xa/,yes,NA,https://osf.io/3z8xa/,yes,NA,OSF,yes,NA,other,File size exceeds 100MB,File now downloaded as size > 100MB,NA,https://osf.io/3z8xa/,osf.io/3z8xa,NA,https://osf.io/3z8xa/,osf.io/3z8xa,NA,NA
a001585,sophia,2020-04-11,yes,NA,yes,NA,yes,NA,1,1,https://osf.io/3z8xa/,yes,NA,https://osf.io/3z8xa/,yes,NA,OSF,yes,NA,other,data was over 100MB,I didn't have any problems with this article,NA,https://osf.io/3z8xa/,osf.io/3z8xa,NA,https://osf.io/3z8xa/,osf.io/3z8xa,NA,NA
a001594,oliver,2020-04-25,yes,NA,yes,NA,yes,NA,1,1,osf.io/nkgza,yes,NA,https://osf.io/nkgza/files/,yes,NA,OSF,yes,NA,other,File >100MB,NA,NA,osf.io/nkgza,osf.io/nkgza,https://osf.io/nkgza/,https://osf.io/nkgza/,osf.io/nkgza,NA,NA
a001594,phuong,2020-04-17,yes,NA,yes,NA,yes,NA,1,1,https://osf.io/nkgza/,yes,NA,https://osf.io/nkgza/,yes,NA,OSF,yes,NA,other,files are larger than 100MB,NA,NA,https://osf.io/nkgza/,osf.io/nkgza,https://osf.io/nkgza/,https://osf.io/nkgza/,osf.io/nkgza,NA,NA
a001601,evelyn,2020-04-16,yes,NA,yes,NA,yes,NA,1,1,https://osf.io/cjmr7/?view_only=61020c728b0845f7ac94c9d65ae9b6e3,yes,NA,https://osf.io/cjmr7/?view_only=61020c728b0845f7ac94c9d65ae9b6e3,yes,NA,OSF,yes,NA,other,Data files exceeded 100MB,I didn't have any problems with this article,NA,https://osf.io/cjmr7/?view_only=61020c728b0845f7ac94c9d65ae9b6e3,osf.io/cjmr7/?view_only=61020c728b0845f7ac94c9d65ae9b6e3,NA,https://osf.io/cjmr7/?view_only=61020c728b0845f7ac94c9d65ae9b6e3,osf.io/cjmr7/?view_only=61020c728b0845f7ac94c9d65ae9b6e3,NA,NA
a001601,sophia,2020-04-26,yes,NA,yes,NA,yes,NA,1,1,https://osf.io/cjmr7/?view_only=61020c728b0845f7ac94c9d65ae9b6e3,yes,NA,https://osf.io/cjmr7/?view_only=61020c728b0845f7ac94c9d65ae9b6e3,yes,NA,OSF,yes,NA,other,one out of the three files was over 100MB,I didn't have any problems with this article,NA,https://osf.io/cjmr7/?view_only=61020c728b0845f7ac94c9d65ae9b6e3,osf.io/cjmr7/?view_only=61020c728b0845f7ac94c9d65ae9b6e3,NA,https://osf.io/cjmr7/?view_only=61020c728b0845f7ac94c9d65ae9b6e3,osf.io/cjmr7/?view_only=61020c728b0845f7ac94c9d65ae9b6e3,NA,NA
a001633,evelyn,2020-04-10,yes,NA,yes,NA,yes,NA,1,1,https://osf.io/xz3ap/,yes,NA,https://osf.io/xz3ap/,yes,NA,OSF,yes,NA,other,Data files exceeded 100MB,I didn't have any problems with this article,NA,https://osf.io/xz3ap/,osf.io/xz3ap,NA,https://osf.io/xz3ap/,osf.io/xz3ap,NA,NA
a001633,phuong,2020-04-23,yes,NA,yes,NA,yes,NA,1,1,https://osf.io/xz3ap/,yes,NA,https://osf.io/xz3ap/,yes,NA,OSF,yes,NA,other,files are larger than 100MB,NA,NA,https://osf.io/xz3ap/,osf.io/xz3ap,NA,https://osf.io/xz3ap/,osf.io/xz3ap,NA,NA
a001634,sophia,2020-04-16,yes,NA,yes,NA,yes,NA,2,2,http://hrsonline.isr.umich.edu/,yes,NA,http://hrsonline.isr.umich.edu/,other,"Seems to be a website just for the data from the ""Health and Retirement Study"" by the University of Michigan",NA,other,the link leads to a general homepage for the health and retirement study,no,NA,NA,http://hrsonline.isr.umich.edu/,http://hrsonline.isr.umich.edu/,hrsonline.isr.umich.edu,NA,http://hrsonline.isr.umich.edu/,hrsonline.isr.umich.edu,NA,NA
a001634,steve,2020-11-24,yes,NA,yes,NA,yes,NA,2,2,http://hrsonline.isr.umich.edu/,yes,NA,https://hrsonline.isr.umich.edu/,other,"It is a dedicated project website, so kind of",NA,other,Registration is required to access files,no,NA,Login required,http://hrsonline.isr.umich.edu/,http://hrsonline.isr.umich.edu/,hrsonline.isr.umich.edu,NA,https://hrsonline.isr.umich.edu/,hrsonline.isr.umich.edu,NA,NA
a001634,sophia,2020-04-16,yes,NA,yes,NA,yes,NA,2,1,http://midus.colectica.org,yes,NA,https://midus.colectica.org/Account/Login,yes,NA,Colectica,other,requires a log in,no,NA,NA,http://midus.colectica.org,http://midus.colectica.org,midus.colectica.org,NA,https://midus.colectica.org/Account/Login,midus.colectica.org/Account/Login,NA,NA
a001634,steve,2020-11-24,yes,NA,yes,NA,yes,NA,2,1,http://midus.colectica.org,yes,NA,https://midus.colectica.org/Account/Login,yes,NA,Colectica,other,"Login required, no indication of whether files available",no,NA,Login required,http://midus.colectica.org,http://midus.colectica.org,midus.colectica.org,NA,https://midus.colectica.org/Account/Login,midus.colectica.org/Account/Login,NA,NA
a001659,evelyn,2020-04-10,yes,NA,yes,NA,yes,NA,1,1,https://osf.io/yedsz/,yes,NA,https://osf.io/yedsz/,yes,NA,OSF,yes,NA,other,Data files exceeded 100MB,I didn't have any problems with this article,NA,https://osf.io/yedsz/,osf.io/yedsz,NA,https://osf.io/yedsz/,osf.io/yedsz,NA,NA
a001659,sophia,2020-04-05,yes,NA,yes,NA,yes,NA,1,1,https://osf.io/yedsz/,yes,NA,https://osf.io/yedsz/,yes,NA,OSF,yes,NA,other,"I was able to download 2 out of the three files, the third was over 200MB",I didn't have any problems with this article,NA,https://osf.io/yedsz/,osf.io/yedsz,NA,https://osf.io/yedsz/,osf.io/yedsz,NA,NA
