study_id,coder,date_coded,has_data_badge,has_data_badge_other,data_availability_statement,data_availability_statement_other,article_has_links,article_has_links_other,number_of_links,link_number,link_url,link_work,link_work_noother,resolved_url,is_repository,is_repository_other,repository_name,files_exist,files_exist_other,download_success,download_success_other,notes,corrected_link_url,link_url_for_cleaning,link_url_cleaned,corrected_resolved_url,resolved_url_for_cleaning,resolved_url_cleaned,use_code,review_note
a000001,oliver,2020-04-25,yes,NA,yes,NA,yes,NA,1,1,osf.io/d2jwb/,yes,NA,https://osf.io/d2jwb/files/,yes,NA,OSF,yes,NA,yes,NA,NA,NA,osf.io/d2jwb/,osf.io/d2jwb,https://osf.io/d2jwb,https://osf.io/d2jwb,osf.io/d2jwb,NA,NA
a000001,sophia,2020-04-04,yes,NA,yes,NA,yes,NA,1,1,https://osf.io/d2jwb,yes,NA,https://osf.io/d2jwb,yes,NA,OSF,no,NA,NA,NA,OSF page was empty,NA,https://osf.io/d2jwb,osf.io/d2jwb,https://osf.io/d2jwb,https://osf.io/d2jwb,osf.io/d2jwb,NA,NA
a000011,michelle,2020-04-03,yes,NA,yes,NA,yes,NA,2,2,https://osf.io/x8rnq/,yes,NA,https://osf.io/x8rnq/,yes,NA,OSF,other,"Yes, but files are being checked out by the creator (so may not be up to date)",yes,NA,One of the links does not direct to the specific data and materials associated with the article and the data file may need to be redownloaded as edits are being made,https://osf.io/x8rnq/,https://osf.io/x8rnq/,osf.io/x8rnq,NA,https://osf.io/x8rnq/,osf.io/x8rnq,NA,NA
a000011,steve,2020-08-26,yes,NA,yes,NA,yes,NA,2,2,https://osf.io/x8rnq/,yes,NA,https://osf.io/x8rnq/,yes,NA,OSF,yes,NA,yes,NA,code used for analysis so relevant - code file was checked out on OSF even though it could be downloaded etc.,https://osf.io/x8rnq/,https://osf.io/x8rnq/,osf.io/x8rnq,NA,https://osf.io/x8rnq/,osf.io/x8rnq,NA,NA
a000062,adrian,2020-04-03,yes,NA,yes,NA,yes,NA,1,1,http://thedata.harvard.edu/dvn/dv/PainData,yes,NA,https://dataverse.harvard.edu/dataverse/PainData,yes,NA,Dataverse,yes,NA,yes,NA,Dataverse contained 2 different folders for separate projects. Actual data was in 2nd folder. Redirected site for 2nd folder was 'https://dataverse.harvard.edu/dataset.xhtml?persistentId=doi:10.7910/DVN/27813',NA,http://thedata.harvard.edu/dvn/dv/PainData,thedata.harvard.edu/dvn/dv/PainData,https://dataverse.harvard.edu/dataverse/PainData,https://dataverse.harvard.edu/dataverse/PainData,dataverse.harvard.edu/dataverse/PainData,NA,NA
a000062,aniruddah,2020-04-07,yes,NA,yes,NA,yes,NA,1,1,http://thedata.harvard.edu/dvn/dv/PainData,yes,NA,https://dataverse.harvard.edu/dataverse/PainData,yes,NA,Harvard Dataverse,yes,NA,yes,NA,"Here, the repo link contained two different data sets, and intuition via cross-referencing data set and article publishing dates helped identify which data set to download.",NA,http://thedata.harvard.edu/dvn/dv/PainData,thedata.harvard.edu/dvn/dv/PainData,https://dataverse.harvard.edu/dataverse/PainData,https://dataverse.harvard.edu/dataverse/PainData,dataverse.harvard.edu/dataverse/PainData,NA,NA
a000062,evelyn,2020-04-03,yes,NA,yes,NA,yes,NA,1,1,http://thedata.harvard.edu/dvn/dv/PainData,yes,NA,https://dataverse.harvard.edu/dataverse/PainData,yes,NA,Harvard Dataverse,yes,NA,yes,NA,I didn't have any problems with this article,NA,http://thedata.harvard.edu/dvn/dv/PainData,thedata.harvard.edu/dvn/dv/PainData,https://dataverse.harvard.edu/dataverse/PainData,https://dataverse.harvard.edu/dataverse/PainData,dataverse.harvard.edu/dataverse/PainData,NA,NA
a000062,kongmanas,2020-04-02,yes,NA,yes,NA,yes,NA,1,1,http://thedata.harvard.edu/dvn/dv/PainData,yes,NA,https://dataverse.harvard.edu/dataverse/PainData,yes,NA,Harvard Dataverse,yes,NA,yes,NA,I didn't have any problems with this article,NA,http://thedata.harvard.edu/dvn/dv/PainData,thedata.harvard.edu/dvn/dv/PainData,https://dataverse.harvard.edu/dataverse/PainData,https://dataverse.harvard.edu/dataverse/PainData,dataverse.harvard.edu/dataverse/PainData,NA,NA
a000062,matthew,2020-04-10,yes,NA,yes,NA,yes,NA,1,1,http://thedata.harvard.edu/dvn/dv/PainData,yes,NA,https://dataverse.harvard.edu/dataverse/PainData,yes,NA,Havard Dataverse,yes,NA,yes,NA,"Linkes to two sets of data, both were included in the 'data' file of the google docs",NA,http://thedata.harvard.edu/dvn/dv/PainData,thedata.harvard.edu/dvn/dv/PainData,https://dataverse.harvard.edu/dataverse/PainData,https://dataverse.harvard.edu/dataverse/PainData,dataverse.harvard.edu/dataverse/PainData,NA,NA
a000062,michelle,2020-04-02,yes,NA,yes,NA,yes,NA,1,1,http://thedata.harvard.edu/dvn/dv/PainData,yes,NA,https://dataverse.harvard.edu/dataverse/PainData,yes,NA,HARVARD,yes,NA,yes,NA,I didn't have any problems with this article,NA,http://thedata.harvard.edu/dvn/dv/PainData,thedata.harvard.edu/dvn/dv/PainData,https://dataverse.harvard.edu/dataverse/PainData,https://dataverse.harvard.edu/dataverse/PainData,dataverse.harvard.edu/dataverse/PainData,NA,NA
a000062,nguyenlam,2020-04-04,yes,NA,yes,NA,yes,NA,1,1,http://thedata.harvard.edu/dvn/dv/PainData,yes,NA,https://dataverse.harvard.edu/dataverse/PainData,yes,NA,Harvard Dataverse,yes,NA,yes,NA,Not have any problems,NA,http://thedata.harvard.edu/dvn/dv/PainData,thedata.harvard.edu/dvn/dv/PainData,https://dataverse.harvard.edu/dataverse/PainData,https://dataverse.harvard.edu/dataverse/PainData,dataverse.harvard.edu/dataverse/PainData,NA,NA
a000062,oliver,2020-04-02,yes,NA,yes,NA,yes,NA,1,1,thedata.harvard.edu/dvn/dv/PainData,yes,NA,http://thedata.harvard.edu/dvn/dv/PainData,other,Harvard version of Dataverse,Dataverse,other,Yes. Replication data also present.,yes,NA,NA,NA,thedata.harvard.edu/dvn/dv/PainData,thedata.harvard.edu/dvn/dv/PainData,https://dataverse.harvard.edu/dataverse/PainData,https://dataverse.harvard.edu/dataverse/PainData,dataverse.harvard.edu/dataverse/PainData,NA,NA
a000062,phuong,2020-04-06,yes,NA,yes,NA,yes,NA,1,1,http://thedata.harvard.edu/dvn/dv/PainData,yes,NA,https://dataverse.harvard.edu/dataverse/PainData,yes,NA,Harvard Dataverse,yes,NA,yes,NA,The link points to a page containing datatsets from 2 different research papers,NA,http://thedata.harvard.edu/dvn/dv/PainData,thedata.harvard.edu/dvn/dv/PainData,https://dataverse.harvard.edu/dataverse/PainData,https://dataverse.harvard.edu/dataverse/PainData,dataverse.harvard.edu/dataverse/PainData,NA,NA
a000062,sophia,2020-04-02,yes,NA,yes,NA,yes,NA,1,1,http://thedata.harvard.edu/dvn/dv/PainData,yes,NA,https://dataverse.harvard.edu/dataverse/PainData,yes,NA,Harvard Dataverse Network,yes,NA,yes,NA,"I had to click on a second link to get the specific data for this paper. There was link to ""supplementary data"" at the journal's website - this link was ignored, as there was an explicit link to the open data.",NA,http://thedata.harvard.edu/dvn/dv/PainData,thedata.harvard.edu/dvn/dv/PainData,https://dataverse.harvard.edu/dataverse/PainData,https://dataverse.harvard.edu/dataverse/PainData,dataverse.harvard.edu/dataverse/PainData,NA,NA
a000074,evelyn,2020-05-22,yes,NA,yes,NA,yes,NA,1,1,https://osf.io/t9c52/,yes,NA,https://osf.io/t9c52/,yes,NA,OSF,yes,NA,yes,NA,I didn't have any problems with this article,NA,https://osf.io/t9c52/,osf.io/t9c52,NA,https://osf.io/t9c52/,osf.io/t9c52,NA,NA
a000074,kongmanas,2020-04-03,yes,NA,yes,NA,yes,NA,1,1,https://osf.io/t9c52/,yes,NA,https://osf.io/t9c52,yes,NA,OSF,no,NA,NA,NA,There is no available data file; only said 'no response',NA,https://osf.io/t9c52/,osf.io/t9c52,NA,https://osf.io/t9c52,osf.io/t9c52,NA,NA
a000074,oliver,2020-04-04,yes,NA,yes,NA,yes,NA,1,1,osf.io/t9c52/,yes,NA,https://osf.io/t9c52,yes,NA,OSF,yes,NA,yes,NA,NA,NA,osf.io/t9c52/,osf.io/t9c52,NA,https://osf.io/t9c52,osf.io/t9c52,NA,NA
a000132,adrian,2020-04-05,yes,NA,yes,NA,yes,NA,2,1,http://www.pairfam.de/en/data/data-access/,yes,NA,https://www.pairfam.de/index.php,no,NA,NA,no,NA,NA,NA,Article had 2 links - This link was in German and did not have files for download,NA,http://www.pairfam.de/en/data/data-access/,www.pairfam.de/en/data/data-access,NA,https://www.pairfam.de/index.php,www.pairfam.de/index.php,NA,NA
a000132,kongmanas,2020-04-21,yes,NA,yes,NA,yes,NA,2,1,http://www.pairfam.de/en/data/data-access/,yes,NA,https://www.pairfam.de/index.php,other,The data file is in the pairfam website,NA,yes,NA,other,Need to register to before access to download,The registration is needed to download the data file,NA,http://www.pairfam.de/en/data/data-access/,www.pairfam.de/en/data/data-access,NA,https://www.pairfam.de/index.php,www.pairfam.de/index.php,NA,NA
a000334,oliver,2020-04-29,yes,NA,yes,NA,yes,NA,1,1,dx.doi.org/10.7910,yes,NA,https://dx.doi.org/10.7910,yes,NA,DOI,other,"No visible ""download button"". Just hyperlinks that display data on internet page itself. Not clear that it is associated with study either.",no,NA,NA,NA,dx.doi.org/10.7910,dx.doi.org/10.7910,NA,https://dx.doi.org/10.7910,dx.doi.org/10.7910,NA,NA
a000334,sophia,2020-04-17,yes,NA,yes,NA,yes,NA,1,1,http://dx.doi.org/10.7910,yes,NA,https://dx.doi.org/10.7910,yes,NA,OSF,no,NA,NA,NA,Leads to a DOI Name Values page,NA,http://dx.doi.org/10.7910,dx.doi.org/10.7910,NA,https://dx.doi.org/10.7910,dx.doi.org/10.7910,NA,NA
a000391,michelle,2020-05-05,yes,NA,yes,NA,yes,NA,2,1,https://www.iris-database.org/iris/app/home/detail?id=york:934328,yes,NA,https://www.iris-database.org/iris/app/home/detail?id=york:934328,yes,NA,IRIS DATABASE,yes,NA,other,Need to fill in a form to download data,Did not download data as form is required to be filled out,https://www.iris-database.org/iris/app/home/detail?id=york:934328,https://www.iris-database.org/iris/app/home/detail?id=york:934328,iris-database.org/iris/app/home/detail?id=york:934328,NA,https://www.iris-database.org/iris/app/home/detail?id=york:934328,www.iris-database.org/iris/app/home/detail?id=york:934328,NA,NA
a000391,sophia,2020-04-10,yes,NA,yes,NA,yes,NA,1,1,https://www.iris-database.org/iris/app/home/detail?id=york:934328,yes,NA,https://www.iris-database.org/iris/app/home/detail?id=york:934328,yes,NA,IRIS Database,yes,NA,yes,NA,I didn't have any problems with this article,https://www.iris-database.org/iris/app/home/detail?id=york:934328,https://www.iris-database.org/iris/app/home/detail?id=york:934328,iris-database.org/iris/app/home/detail?id=york:934328,NA,https://www.iris-database.org/iris/app/home/detail?id=york:934328,www.iris-database.org/iris/app/home/detail?id=york:934328,NA,NA
a000391,steve,2020-09-02,yes,NA,yes,NA,other,Article contains both links and provides accession numbers to data resources without hyperlinks,4,1,https://www.iris-database.org/iris/app/home/detail?id=york:934328,yes,NA,https://www.iris-database.org/iris/app/home/detail?id=york:934328,yes,NA,IRIS,other,Registration form required before data can be downloaded,yes,NA,"Straightforward, no issues",https://www.iris-database.org/iris/app/home/detail?id=york:934328,https://www.iris-database.org/iris/app/home/detail?id=york:934328,iris-database.org/iris/app/home/detail?id=york:934328,NA,https://www.iris-database.org/iris/app/home/detail?id=york:934328,www.iris-database.org/iris/app/home/detail?id=york:934328,NA,NA
a000569,michelle,2020-05-01,yes,NA,yes,NA,yes,NA,1,1,osf.io/vh5jt,yes,NA,https://osf.io/vh5jt,yes,NA,OSF,yes,NA,yes,NA,I didn't have any problems with this article,NA,osf.io/vh5jt,osf.io/vh5jt,NA,https://osf.io/vh5jt,osf.io/vh5jt,NA,NA
a000569,sophia,2020-04-04,yes,NA,yes,NA,yes,NA,1,1,https://osf.io/vh5jt,yes,NA,https://osf.io/vh5jt,yes,NA,OSF,no,NA,NA,NA,OSF page was empty,NA,https://osf.io/vh5jt,osf.io/vh5jt,NA,https://osf.io/vh5jt,osf.io/vh5jt,NA,NA
a000601,kongmanas,2020-04-04,yes,NA,yes,NA,yes,NA,1,1,https://osf.io/4bwq3/,yes,NA,https://osf.io/4bwq3,yes,NA,OSF,other,"the repository only had a link to another repository, https://osf.io/fc463/?view_only=, which did contain data files",yes,NA,"There is no available data file in the link destination. However, there is a link which is connected to another repository which all data files are listed and could be downloaded.",NA,https://osf.io/4bwq3/,osf.io/4bwq3,NA,https://osf.io/4bwq3,osf.io/4bwq3,NA,NA
a000601,phuong,2020-04-22,yes,NA,yes,NA,yes,NA,1,1,https://osf.io/4bwq3/,yes,NA,https://osf.io/4bwq3/,yes,NA,OSF,yes,NA,yes,NA,"can download the zip file, but seem nothing inside",NA,https://osf.io/4bwq3/,osf.io/4bwq3,NA,https://osf.io/4bwq3/,osf.io/4bwq3,NA,NA
a000605,evelyn,2020-05-22,yes,NA,yes,NA,yes,NA,1,1,https://www.openicpsr.org/openicpsr/project/101920/version/V3/view,yes,NA,https://www.openicpsr.org/openicpsr/project/101920/version/V3/view,yes,NA,ICPSR,other,Requires login to download files,no,NA,Requires login to download files,https://www.openicpsr.org/openicpsr/project/101920/version/V3/view,https://www.openicpsr.org/openicpsr/project/101920/version/V3/view,www.openicpsr.org/openicpsr/project/101920/version/V3/view,NA,https://www.openicpsr.org/openicpsr/project/101920/version/V3/view,www.openicpsr.org/openicpsr/project/101920/version/V3/view,NA,NA
a000605,phuong,2020-04-09,yes,NA,yes,NA,yes,NA,1,1,https://www.openicpsr.org/openicpsr/project/101920/version/V3/view,yes,NA,https://www.openicpsr.org/openicpsr/project/101920/version/V3/view,yes,NA,ICPSR,yes,NA,other,an account was required to access the data,NA,https://www.openicpsr.org/openicpsr/project/101920/version/V3/view,https://www.openicpsr.org/openicpsr/project/101920/version/V3/view,www.openicpsr.org/openicpsr/project/101920/version/V3/view,NA,https://www.openicpsr.org/openicpsr/project/101920/version/V3/view,www.openicpsr.org/openicpsr/project/101920/version/V3/view,NA,NA
a000793,evelyn,2020-05-25,yes,NA,yes,NA,yes,NA,2,2,https://doi.org/10.1016/j.evolhumbehav.2018.03.007,yes,NA,https://www.sciencedirect.com/science/article/abs/pii/S1090513818300072?via%3Dihub,yes,NA,Science Direct,yes,NA,yes,NA,I didn't have any problems with this article,https://doi.org/10.1016/j.evolhumbehav.2018.03.007,https://doi.org/10.1016/j.evolhumbehav.2018.03.007,doi.org/10.1016/j.evolhumbehav.2018.03.007,NA,https://www.sciencedirect.com/science/article/abs/pii/S1090513818300072?via%3Dihub,www.sciencedirect.com/science/article/abs/pii/S1090513818300072?via%3Dihub,NA,NA
a000793,steve,2020-08-26,yes,NA,yes,NA,yes,NA,3,2,https://doi.org/10.1016/j.evolhumbehav.2018.03.007,yes,NA,https://www.sciencedirect.com/science/article/abs/pii/S1090513818300072?via%3Dihub,no,NA,NA,no,NA,NA,NA,"PDF said this was a link to supp data, but destination had supp info in pdf - links possibly mixed up",https://doi.org/10.1016/j.evolhumbehav.2018.03.007,https://doi.org/10.1016/j.evolhumbehav.2018.03.007,doi.org/10.1016/j.evolhumbehav.2018.03.007,NA,https://www.sciencedirect.com/science/article/abs/pii/S1090513818300072?via%3Dihub,www.sciencedirect.com/science/article/abs/pii/S1090513818300072?via%3Dihub,NA,NA
a000848,evelyn,2020-04-16,yes,NA,yes,NA,yes,NA,1,1,http://doi.org/10.3886/E109001V5,yes,NA,https://www.openicpsr.org/openicpsr/project/109001/version/V5/view,yes,NA,Open ICPSR,other,Unable to download files without login,no,NA,Unable to download files without login,NA,http://doi.org/10.3886/E109001V5,doi.org/10.3886/E109001V5,NA,https://www.openicpsr.org/openicpsr/project/109001/version/V5/view,www.openicpsr.org/openicpsr/project/109001/version/V5/view,NA,NA
a000848,michelle,2020-04-24,yes,NA,yes,NA,yes,NA,1,1,http://doi.org/10.3886/E109001V5,yes,NA,https://www.openicpsr.org/openicpsr/project/109001/version/V5/view,yes,NA,ICPSR,yes,NA,other,Login is required to download data,"Login seems to be required to access data, but there was a supplementary data link: at https://doi.org/10.1016/j.jesp.2019.103869",NA,http://doi.org/10.3886/E109001V5,doi.org/10.3886/E109001V5,NA,https://www.openicpsr.org/openicpsr/project/109001/version/V5/view,www.openicpsr.org/openicpsr/project/109001/version/V5/view,NA,NA
a000920,michelle,2020-04-07,yes,NA,yes,NA,yes,NA,1,1,https://osf.io/zpjbg,yes,NA,https://osf.io/zpjbg,yes,NA,OSF,other,"On the link given in the article, the files have been removed because it contained data that couldn't be made public. However, a new link is provided: https://osf.io/q82nf, which has the data with the sensitive data removed",yes,NA,"No issues, but had to go through a new link to access data",NA,https://osf.io/zpjbg,osf.io/zpjbg,https://osf.io/q82nf,https://osf.io/q82nf,osf.io/q82nf,NA,NA
a000920,oliver,2020-04-21,yes,NA,yes,NA,yes,NA,1,1,osf.io/zpjbg,other,"Link withdrawn - registration removed due to containing sensitive user info. Link redirected to landing page containing new link that lead to original dateset, but without the sensitive user info.",https://osf.io/q82nf/,yes,NA,OSF,yes,NA,yes,NA,NA,NA,osf.io/zpjbg,osf.io/zpjbg,https://osf.io/q82nf,https://osf.io/q82nf,osf.io/q82nf,NA,NA
a000920,steve,2020-11-04,yes,NA,yes,NA,yes,NA,1,1,https://osf.io/zpjbg/,other,the initial link lead to a page with a notice that the original repo had been retracted and replaced with a corrected version (to remove sensitive information). resolved_url has the destination of the second url with the corrected url (https://osf.io/q82nf/).,https://osf.io/q82nf,yes,NA,OSF Registries,yes,NA,yes,NA,link chain to data files was 2 steps,NA,https://osf.io/zpjbg/,osf.io/zpjbg,https://osf.io/q82nf,https://osf.io/q82nf,osf.io/q82nf,NA,NA
a000955,kongmanas,2020-04-06,yes,NA,yes,NA,yes,NA,1,1,http://www.icpsr.umich.edu/icpsrweb/ICPSR/series/203/studies?archive=ICPSR&sortBy=7.,yes,NA,https://www.icpsr.umich.edu/icpsrweb/ICPSR/series/203/studies?archive=ICPSR&sortBy=7.,yes,NA,ICPSR,no,NA,NA,NA,There is no available data file.,NA,http://www.icpsr.umich.edu/icpsrweb/ICPSR/series/203/studies?archive=ICPSR&sortBy=7.,www.icpsr.umich.edu/icpsrweb/ICPSR/series/203/studies?archive=ICPSR&sortBy=7,https://www.icpsr.umich.edu/web/ICPSR/series/203/studies?archive=ICPSR&sortBy=7,https://www.icpsr.umich.edu/web/ICPSR/series/203/studies?archive=ICPSR&sortBy=7,www.icpsr.umich.edu/web/ICPSR/series/203/studies?archive=ICPSR&sortBy=7,NA,NA
a000955,sophia,2020-04-24,yes,NA,yes,NA,yes,NA,1,1,https://www.icpsr.umich.edu/icpsrweb/ICPSR/series/203/studies?archive=ICPSR&sortBy=7,yes,NA,https://www.icpsr.umich.edu/icpsrweb/ICPSR/series/203/studies?archive=ICPSR&sortBy=7,yes,NA,ICPSR,yes,NA,other,"2 out of the 4 files were over 100MB, the other two gave different options for the type of file wanted (e.g. documentation only. Some file types such as SAS required a log in. I was able to download the 'documentation only' files for these two.",NA,NA,https://www.icpsr.umich.edu/icpsrweb/ICPSR/series/203/studies?archive=ICPSR&sortBy=7,www.icpsr.umich.edu/icpsrweb/ICPSR/series/203/studies?archive=ICPSR&sortBy=7,https://www.icpsr.umich.edu/web/ICPSR/series/203/studies?archive=ICPSR&sortBy=7,https://www.icpsr.umich.edu/web/ICPSR/series/203/studies?archive=ICPSR&sortBy=7,www.icpsr.umich.edu/web/ICPSR/series/203/studies?archive=ICPSR&sortBy=7,NA,NA
a000955,steve,2020-11-05,yes,NA,yes,NA,yes,NA,1,1,http://www.icpsr.umich.edu/icpsrweb/ICPSR/series/203/studies?archive=ICPSR&sortBy=7,yes,NA,https://www.icpsr.umich.edu/web/ICPSR/series/203/studies?archive=ICPSR&sortBy=7,yes,NA,ICPSR,other,"Account required, may need to be from an approved institution",no,NA,"link chain to data files was 2 steps, somewhat clear which of the available datasets were relevant, account/access needed to download files",NA,http://www.icpsr.umich.edu/icpsrweb/ICPSR/series/203/studies?archive=ICPSR&sortBy=7,www.icpsr.umich.edu/icpsrweb/ICPSR/series/203/studies?archive=ICPSR&sortBy=7,https://www.icpsr.umich.edu/web/ICPSR/series/203/studies?archive=ICPSR&sortBy=7,https://www.icpsr.umich.edu/web/ICPSR/series/203/studies?archive=ICPSR&sortBy=7,www.icpsr.umich.edu/web/ICPSR/series/203/studies?archive=ICPSR&sortBy=7,NA,NA
a001027,adrian,2020-04-03,yes,NA,yes,NA,yes,NA,1,1,http://doi.org/10.3886/ICPSR04652.v6,yes,NA,https://www.icpsr.umich.edu/icpsrweb/NACDA/studies/4652/version/6,yes,NA,ICPSR,other,Data had been updated to V7. Link to updated data provided and downloaded.,yes,NA,"2 links were given, but one (http://midus.colectica.org/) required a login so was ignored. Downloaded data was for updated study (V7) done in 2017",http://doi.org/10.3886/ICPSR04652.v6,http://doi.org/10.3886/ICPSR04652.v6,doi.org/10.3886/ICPSR04652.v6,https://www.icpsr.umich.edu/web/NACDA/studies/4652/versions/V6,https://www.icpsr.umich.edu/web/NACDA/studies/4652/versions/V6,www.icpsr.umich.edu/web/NACDA/studies/4652/versions/V6,NA,NA
a001027,aniruddah,2020-04-08,yes,NA,yes,NA,yes,NA,1,1,http://doi.org/10.3886/ICPSR04652.v6,yes,NA,https://www.icpsr.umich.edu/web/NACDA/studies/4652/versions/V7,yes,NA,ICPSR (Inter-university Consortium for Political and Social Research,yes,NA,yes,NA,"Two links were provided in this article, but both lead to the same data repository - ICPSR - and hence only one link is chosen here.",http://doi.org/10.3886/ICPSR04652.v6,http://doi.org/10.3886/ICPSR04652.v6,doi.org/10.3886/ICPSR04652.v6,https://www.icpsr.umich.edu/web/NACDA/studies/4652/versions/V6,https://www.icpsr.umich.edu/web/NACDA/studies/4652/versions/V6,www.icpsr.umich.edu/web/NACDA/studies/4652/versions/V6,NA,NA
a001027,evelyn,2020-04-03,yes,NA,yes,NA,yes,NA,2,1,http://doi.org/10.3886/ICPSR04652.v6,yes,NA,https://www.icpsr.umich.edu/icpsrweb/NACDA/studies/4652/version/6,yes,NA,Interuniversity Consortium for Political and Social Research,other,"The following message appears: ""These data have been updated since their release as https://doi.org/10.3886/ICPSR04652.v6, which you used to locate the data. If you need access to a previous version of the data (e.g., to replicate results in an article or report), you can contact ICPSR User Support to find out if a prior version is available.""",other,"The following message appears: ""These data have been updated since their release as https://doi.org/10.3886/ICPSR04652.v6, which you used to locate the data. If you need access to a previous version of the data (e.g., to replicate results in an article or report), you can contact ICPSR User Support to find out if a prior version is available.""","The following message appears: ""These data have been updated since their release as https://doi.org/10.3886/ICPSR04652.v6, which you used to locate the data. If you need access to a previous version of the data (e.g., to replicate results in an article or report), you can contact ICPSR User Support to find out if a prior version is available.""",http://doi.org/10.3886/ICPSR04652.v6,http://doi.org/10.3886/ICPSR04652.v6,doi.org/10.3886/ICPSR04652.v6,https://www.icpsr.umich.edu/web/NACDA/studies/4652/versions/V6,https://www.icpsr.umich.edu/web/NACDA/studies/4652/versions/V6,www.icpsr.umich.edu/web/NACDA/studies/4652/versions/V6,NA,NA
a001027,kongmanas,2020-04-02,yes,NA,yes,NA,yes,NA,2,1,http://doi.org/10.3886/ICPSR04652.v6,yes,NA,https://www.icpsr.umich.edu/icpsrweb/NACDA/studies/4652/version/6,yes,NA,NACDA,yes,NA,other,Need to register to access to NACDA,The registration is needed to download the data file,http://doi.org/10.3886/ICPSR04652.v6,http://doi.org/10.3886/ICPSR04652.v6,doi.org/10.3886/ICPSR04652.v6,https://www.icpsr.umich.edu/web/NACDA/studies/4652/versions/V6,https://www.icpsr.umich.edu/web/NACDA/studies/4652/versions/V6,www.icpsr.umich.edu/web/NACDA/studies/4652/versions/V6,NA,NA
a001027,matthew,2020-04-10,yes,NA,yes,NA,yes,NA,2,1,http://doi.org/10.3886/ICPSR04652.v6,yes,NA,https://www.icpsr.umich.edu/web/NACDA/studies/4652/version/6,other,NACDA,NA,other,"Link gave me another link, saying data has been updated since the research, however, this link did not work",no,NA,Link did not lead to data,http://doi.org/10.3886/ICPSR04652.v6,http://doi.org/10.3886/ICPSR04652.v6,doi.org/10.3886/ICPSR04652.v6,https://www.icpsr.umich.edu/web/NACDA/studies/4652/versions/V6,https://www.icpsr.umich.edu/web/NACDA/studies/4652/versions/V6,www.icpsr.umich.edu/web/NACDA/studies/4652/versions/V6,NA,NA
a001027,michelle,2020-04-02,yes,NA,yes,NA,yes,NA,2,1,http://doi.org/10.3886/ ICPSR04652.v6,yes,NA,https://www.icpsr.umich.edu/icpsrweb/NACDA/studies/4652/version/6,yes,NA,NACDA,other,"Files exist, but the link in the article directs to the website stating the data (version 6) has now been updated (version 7)",partial,"Could download all 'Document only' data, when I tried to download the other ones such as 'SAS', 'SPSS' etc, it takes me into a login screen","I have put in the Document Only download in the data file, but other remaining ones could not be done",http://doi.org/10.3886/ICPSR04652.v6,http://doi.org/10.3886/ICPSR04652.v6,doi.org/10.3886/ICPSR04652.v6,https://www.icpsr.umich.edu/web/NACDA/studies/4652/versions/V6,https://www.icpsr.umich.edu/web/NACDA/studies/4652/versions/V6,www.icpsr.umich.edu/web/NACDA/studies/4652/versions/V6,NA,NA
a001027,nguyenlam,2020-04-04,yes,NA,yes,NA,yes,NA,2,1,http://doi.org/10.3886/ICPSR04652.v6,yes,NA,https://www.icpsr.umich.edu/icpsrweb/NACDA/studies/4652/version/6,yes,NA,Interuniversity Consortium for Political and Social Research,yes,NA,other,Need to create an account to be able to download buy I have created one and downloaded data successfully.,"- The data for this study is from a national survey ( Midlife in the United States (MIDUS), not from auhtors' experiment.
- Notes in ''download_success""",http://doi.org/10.3886/ICPSR04652.v6,http://doi.org/10.3886/ICPSR04652.v6,doi.org/10.3886/ICPSR04652.v6,https://www.icpsr.umich.edu/web/NACDA/studies/4652/versions/V6,https://www.icpsr.umich.edu/web/NACDA/studies/4652/versions/V6,www.icpsr.umich.edu/web/NACDA/studies/4652/versions/V6,NA,NA
a001027,oliver,2020-04-02,yes,NA,yes,NA,yes,NA,1,1,doi.org/10.3886/ICPSR04652.v6,other,"Outdated link. Redirects you to landing page where you click ""V7""",https://www.icpsr.umich.edu/icpsrweb/NACDA/studies/4652/versions/V7,other,"Seems to be repository - however, is specialised/obscure. UMich version of NACDA, which is tied to ICPSR. TBC",NACDA,yes,NA,other,Highly stratified files. Need NACDA membership to download.,NA,http://doi.org/10.3886/ICPSR04652.v6,http://doi.org/10.3886/ICPSR04652.v6,doi.org/10.3886/ICPSR04652.v6,https://www.icpsr.umich.edu/web/NACDA/studies/4652/versions/V6,https://www.icpsr.umich.edu/web/NACDA/studies/4652/versions/V6,www.icpsr.umich.edu/web/NACDA/studies/4652/versions/V6,NA,NA
a001027,phuong,2020-04-06,yes,NA,yes,NA,yes,NA,2,1,http://doi.org/10.3886/ICPSR04652.v6,yes,NA,https://www.icpsr.umich.edu/icpsrweb/NACDA/studies/4652/version/6,other,I'm not sure if it is repository,NACDA,yes,NA,other,files are larger than 100MB,NA,http://doi.org/10.3886/ICPSR04652.v6,http://doi.org/10.3886/ICPSR04652.v6,doi.org/10.3886/ICPSR04652.v6,https://www.icpsr.umich.edu/web/NACDA/studies/4652/versions/V6,https://www.icpsr.umich.edu/web/NACDA/studies/4652/versions/V6,www.icpsr.umich.edu/web/NACDA/studies/4652/versions/V6,NA,NA
a001027,sophia,2020-04-02,yes,NA,yes,NA,yes,NA,2,1,http://doi.org/10.3886/ICPSR04652.v6,yes,NA,https://www.icpsr.umich.edu/icpsrweb/NACDA/studies/4652/version/6,yes,NA,National Archive of Computerized Data on Aging,yes,NA,other,the website offered different types of file download - I selected 'documentation only' option,the data was updated in the archive since use within the article.,http://doi.org/10.3886/ICPSR04652.v6,http://doi.org/10.3886/ICPSR04652.v6,doi.org/10.3886/ICPSR04652.v6,https://www.icpsr.umich.edu/web/NACDA/studies/4652/versions/V6,https://www.icpsr.umich.edu/web/NACDA/studies/4652/versions/V6,www.icpsr.umich.edu/web/NACDA/studies/4652/versions/V6,NA,NA
a001027,steve,2020-11-05,yes,NA,yes,NA,yes,NA,2,1,http://doi.org/10.3886/ICPSR04652.v6,yes,NA,https://www.icpsr.umich.edu/web/NACDA/studies/4652/versions/V6,yes,NA,ICPSR,other,"The v6 of the files is no longer available, superceded by v7. v6 may be available upon request for replication purposes according to note on page.",no,NA,"There was a v7 of the data (behind a login), but v6 does not seem to be available, need to contact ICPSR)",NA,http://doi.org/10.3886/ICPSR04652.v6,doi.org/10.3886/ICPSR04652.v6,https://www.icpsr.umich.edu/web/NACDA/studies/4652/versions/V6,https://www.icpsr.umich.edu/web/NACDA/studies/4652/versions/V6,www.icpsr.umich.edu/web/NACDA/studies/4652/versions/V6,NA,NA
a001027,evelyn,2020-04-03,yes,NA,yes,NA,yes,NA,2,2,http://midus.colectica.org/,other,requires a login to access data/materials,https://midus.colectica.org/Account/Login,yes,NA,Midus,other,requires login to access files,other,requires login to access files,Login required to access and download files,http://midus.colectica.org/,http://midus.colectica.org/,midus.colectica.org,https://midus.colectica.org/Account/Login,https://midus.colectica.org/Account/Login,midus.colectica.org/Account/Login,NA,NA
a001027,matthew,2020-04-10,yes,NA,yes,NA,yes,NA,2,2,http://midus.colectica.org/,yes,NA,https://midus.colectica.org/Account/Login,no,NA,NA,other,Requires login,no,NA,Link required login,http://midus.colectica.org/,http://midus.colectica.org/,midus.colectica.org,https://midus.colectica.org/Account/Login,https://midus.colectica.org/Account/Login,midus.colectica.org/Account/Login,NA,NA
a001027,michelle,2020-04-02,yes,NA,yes,NA,yes,NA,2,2,http://midus.colectica.org/,other,"Works, but takes me to login screen",https://midus.colectica.org/Account/Login,other,Not 100% sure,MIDUS,other,Could not access files without login,other,Could not download without login,"I am not sure if the second link is related to Open Data, as the links were put together as data and materials available under the two links",http://midus.colectica.org/,http://midus.colectica.org/,midus.colectica.org,https://midus.colectica.org/Account/Login,https://midus.colectica.org/Account/Login,midus.colectica.org/Account/Login,NA,NA
a001027,nguyenlam,2020-04-04,yes,NA,yes,NA,yes,NA,2,1,http://midus.colectica.org/,yes,NA,https://midus.colectica.org/Account/Login,other,"The data for this study is from a national survey ( Midlife in the United States (MIDUS), not from auhtors' experiment. The data link is the official page of the survey.",NA,other,Need to create an account to be able to download but there is an error when register new account.,no,NA,"- The data for this study is from a national survey ( Midlife in the United States (MIDUS), not from auhtors' experiment.
- Notes in ''download_success"" and ""is_repository_other"" columns.",http://midus.colectica.org/,http://midus.colectica.org/,midus.colectica.org,https://midus.colectica.org/Account/Login,https://midus.colectica.org/Account/Login,midus.colectica.org/Account/Login,NA,NA
a001027,phuong,2020-04-06,yes,NA,yes,NA,yes,NA,2,2,https://midus.colectica.org/,yes,NA,https://midus.colectica.org/,other,I'm not sure if it is repository,MIDUS,yes,NA,other,files are larger than 100MB,NA,http://midus.colectica.org/,http://midus.colectica.org/,midus.colectica.org,https://midus.colectica.org/Account/Login,https://midus.colectica.org/Account/Login,midus.colectica.org/Account/Login,NA,NA
a001027,sophia,2020-04-02,yes,NA,yes,NA,yes,NA,2,2,http://midus.colectica.org/,yes,NA,https://midus.colectica.org/Account/Login,other,needed a login - don't know,NA,other,needed a login - don't know,no,NA,needed a login,http://midus.colectica.org/,http://midus.colectica.org/,midus.colectica.org,https://midus.colectica.org/Account/Login,https://midus.colectica.org/Account/Login,midus.colectica.org/Account/Login,NA,NA
a001027,steve,2020-11-05,yes,NA,yes,NA,yes,NA,2,2,http://midus.colectica.org/,yes,NA,https://midus.colectica.org/Account/Login,yes,NA,Colectica,other,"Login required, no indication of whether files available",no,NA,"Straight up login page, with no indication of what might be behind the login page (whether data, materials, other things).",NA,http://midus.colectica.org/,midus.colectica.org,https://midus.colectica.org/Account/Login,https://midus.colectica.org/Account/Login,midus.colectica.org/Account/Login,NA,NA
a001066,sophia,2020-04-24,yes,NA,yes,NA,yes,NA,1,1,http://reshare.ukdataservice.ac.uk/852127/,yes,NA,http://reshare.ukdataservice.ac.uk/852127/,yes,NA,UK Data Service,yes,NA,other,one out of the three files required log in access,I didn't have any problems with this article,http://reshare.ukdataservice.ac.uk/852127/,http://reshare.ukdataservice.ac.uk/852127/,reshare.ukdataservice.ac.uk/852127,NA,http://reshare.ukdataservice.ac.uk/852127/,reshare.ukdataservice.ac.uk/852127,NA,NA
a001066,steve,2020-08-27,yes,NA,yes,NA,yes,NA,1,1,http://reshare.ukdataservice.ac.uk/852127/,yes,NA,https://reshare.ukdataservice.ac.uk/852127/,yes,NA,ReShare,other,"One file only available to registered users - ""safeguarded data""",partial,Was able to download some files which were labelled as open access,One file had protected access - also a note that data had been anonymised,http://reshare.ukdataservice.ac.uk/852127/,http://reshare.ukdataservice.ac.uk/852127/,reshare.ukdataservice.ac.uk/852127,NA,https://reshare.ukdataservice.ac.uk/852127/,reshare.ukdataservice.ac.uk/852127,NA,NA
a001113,michelle,2020-05-07,yes,NA,yes,NA,yes,NA,3,1,https://doi.org/10.5160/psychdata.zrce16dy99,yes,NA,https://www.psychdata.de/index.php?main=search&sub=browse&id=zrce16dy99&lang=ger&version=10002,yes,NA,PSYCHDATA,yes,NA,no,NA,Cannot download data from link without filling in form,https://doi.org/10.5160/psychdata.zrce16dy99,https://doi.org/10.5160/psychdata.zrce16dy99,doi.org/10.5160/psychdata.zrce16dy99,NA,https://www.psychdata.de/index.php?main=search&sub=browse&id=zrce16dy99&lang=ger&version=10002,www.psychdata.de/index.php?main=search&sub=browse&id=zrce16dy99&lang=ger&version=10002,NA,NA
a001113,steve,2020-08-27,yes,NA,yes,NA,yes,NA,2,1,https://doi.org/10.5160/psychdata.zrce16dy99,yes,NA,https://www.psychdata.de/index.php?main=search&sub=browse&id=zrce16dy99&lang=ger&version=10002,yes,NA,PsychData,other,"Agreement needs to be generated and signed, and then approval needs to be given to access data",no,NA,Link indicated that the original link to data had been superceded by a new version of the data. Also registration/request needed to access data,https://doi.org/10.5160/psychdata.zrce16dy99,https://doi.org/10.5160/psychdata.zrce16dy99,doi.org/10.5160/psychdata.zrce16dy99,NA,https://www.psychdata.de/index.php?main=search&sub=browse&id=zrce16dy99&lang=ger&version=10002,www.psychdata.de/index.php?main=search&sub=browse&id=zrce16dy99&lang=ger&version=10002,NA,NA
a001138,kongmanas,2020-04-16,yes,NA,yes,NA,yes,NA,3,3,https://osf.io/project/s3chz/files/osfstorage/58920befb83f6901f40f7ec4/,yes,NA,https://osf.io/u95vg/,yes,NA,OSF,yes,NA,yes,NA,"The three links in the article just connected to the same destination. So, there is one data file got upload to Google Drive.",NA,https://osf.io/project/s3chz/files/osfstorage/58920befb83f6901f40f7ec4/,osf.io/project/s3chz/files/osfstorage/58920befb83f6901f40f7ec4,NA,https://osf.io/u95vg/,osf.io/u95vg,NA,NA
a001138,sophia,2020-04-24,yes,NA,yes,NA,yes,NA,3,3,https://osf.io/project/s3chz/files/osfstorage/58920befb83f6901f40f7ec4/,yes,NA,https://osf.io/u95vg/,yes,NA,OSF,yes,NA,yes,NA,I didn't have any problems with this article,NA,https://osf.io/project/s3chz/files/osfstorage/58920befb83f6901f40f7ec4/,osf.io/project/s3chz/files/osfstorage/58920befb83f6901f40f7ec4,NA,https://osf.io/u95vg/,osf.io/u95vg,NA,NA
a001138,steve,2020-11-07,yes,NA,yes,NA,yes,NA,3,3,https://osf.io/project/s3chz/files/osfstorage/58920befb83f6901f40f7ec4/,yes,NA,https://osf.io/u95vg/,yes,NA,OSF,other,"This is explicitly a ""materials"" resource file which is not apparent from the article statement",yes,NA,"This was a link to a specific file: Pavani_17_Material1.docx - it is explicitly a ""materials"" resource",NA,https://osf.io/project/s3chz/files/osfstorage/58920befb83f6901f40f7ec4/,osf.io/project/s3chz/files/osfstorage/58920befb83f6901f40f7ec4,NA,https://osf.io/u95vg/,osf.io/u95vg,NA,NA
a001149,evelyn,2020-04-28,yes,NA,yes,NA,yes,NA,1,1,https://www.iris-database.org/iris/app/home/detail?id=york:934328,yes,NA,https://www.iris-database.org/iris/app/home/detail?id=york:934328,yes,NA,Iris database,yes,NA,yes,NA,I didn't have any problems with this article,https://www.irisdatabase.org/iris/app/home/detail?id=york:934328,https://www.irisdatabase.org/iris/app/home/detail?id=york:934328,www.irisdatabase.org/iris/app/home/detail?id=york:934328,NA,https://www.iris-database.org/iris/app/home/detail?id=york:934328,www.iris-database.org/iris/app/home/detail?id=york:934328,NA,NA
a001149,steve,2020-09-02,yes,NA,yes,NA,other,Article contains both links and provides accession numbers to data resources without hyperlinks,2,1,https://www.irisdatabase.org/iris/app/home/detail?id=york:934328,other,Embedded url has an invalid character - it should be a hyphen. Fixing the hyphen makes the url behave as expected,https://www.iris-database.org/iris/app/home/detail?id=york:934328,yes,NA,IRIS,other,Registration form required before data can be downloaded,yes,NA,"The linked data seems to be for a completely different study (in the journal Language Learning), nothing to do with the article at all.",https://www.irisdatabase.org/iris/app/home/detail?id=york:934328,https://www.irisdatabase.org/iris/app/home/detail?id=york:934328,www.irisdatabase.org/iris/app/home/detail?id=york:934328,NA,https://www.iris-database.org/iris/app/home/detail?id=york:934328,www.iris-database.org/iris/app/home/detail?id=york:934328,NA,NA
a001285,adrian,2020-04-06,yes,NA,yes,NA,yes,NA,3,3,https://github.com/rnorouzian/i/blob/master/i.r,yes,NA,https://github.com/rnorouzian/i/blob/master/i.r,yes,NA,Github,no,NA,NA,NA,No file found. Page was long wall of text (Looks like an R program),https://github.com/rnorouzian/i/blob/master/i.r,https://github.com/rnorouzian/i/blob/master/i.r,github.com/rnorouzian/i/blob/master/i.r,NA,https://github.com/rnorouzian/i/blob/master/i.r,github.com/rnorouzian/i/blob/master/i.r,NA,NA
a001285,evelyn,2020-05-18,yes,NA,yes,NA,yes,NA,3,3,https://github.com/rnorouzian/i/blob/master/i.r,yes,NA,https://github.com/rnorouzian/i/blob/master/i.r,yes,NA,Github,yes,NA,yes,NA,I didn't have any problems with this article,https://github.com/rnorouzian/i/blob/master/i.r,https://github.com/rnorouzian/i/blob/master/i.r,github.com/rnorouzian/i/blob/master/i.r,NA,https://github.com/rnorouzian/i/blob/master/i.r,github.com/rnorouzian/i/blob/master/i.r,NA,NA
a001285,michelle,2020-04-30,yes,NA,yes,NA,yes,NA,3,3,https://github.com/rnorouzian/i/blob/master/i.r,yes,NA,https://github.com/rnorouzian/i/blob/master/i.r,yes,NA,GITHUB,other,"Link directs to a page with coding. I believe this is the file but not 100% sure if so, and if it is, there doesn't seem to be a download button",no,NA,Cannot see how to download the coding from the website,https://github.com/rnorouzian/i/blob/master/i.r,https://github.com/rnorouzian/i/blob/master/i.r,github.com/rnorouzian/i/blob/master/i.r,NA,https://github.com/rnorouzian/i/blob/master/i.r,github.com/rnorouzian/i/blob/master/i.r,NA,NA
a001285,steve,2020-09-02,yes,NA,yes,NA,yes,NA,3,3,https://github.com/rnorouzian/i/blob/master/i.r,yes,NA,https://github.com/rnorouzian/i/blob/master/i.r,yes,NA,Github,yes,NA,yes,NA,This link looks redundant - already linked to via IRIS link (although no way to see that ahead of time),https://github.com/rnorouzian/i/blob/master/i.r,https://github.com/rnorouzian/i/blob/master/i.r,github.com/rnorouzian/i/blob/master/i.r,NA,https://github.com/rnorouzian/i/blob/master/i.r,github.com/rnorouzian/i/blob/master/i.r,NA,NA
a001314,evelyn,2020-05-22,yes,NA,yes,NA,yes,NA,1,1,https://osf.io/vjacn/,yes,NA,https://osf.io/vjacn/,yes,NA,OSF,yes,NA,yes,NA,I didn't have any problems with this article,NA,https://osf.io/vjacn/,osf.io/vjacn,https://osf.io/vjacn,https://osf.io/vjacn,osf.io/vjacn,NA,NA
a001314,nguyenlam,2020-04-18,yes,NA,yes,NA,yes,NA,1,1,https://osf.io/vjacn/,yes,NA,https://osf.io/vjacn,yes,NA,OSF,other,"Although there isn't any file in osf repository, it contains a link to Github ""repsoitory"" which does contain data for replication. Since authors do not mention Github link directly in the article, I won't code Github link as a separate row for this article. 
- The Github Link: https://github.com/MandyZChen/Unifying-Space-Exp",yes,NA,"Note in ""files_exist"": There is no files in OSF repository, but it contains a link to Github which does contain data.",NA,https://osf.io/vjacn/,osf.io/vjacn,https://osf.io/vjacn,https://osf.io/vjacn,osf.io/vjacn,NA,NA
a001314,phuong,2020-04-23,yes,NA,yes,NA,yes,NA,1,1,https://osf.io/vjacn/,yes,NA,https://osf.io/vjacn/files/,yes,NA,OSF,yes,NA,yes,NA,"can download the zip file, but seem nothing inside",NA,https://osf.io/vjacn/,osf.io/vjacn,https://osf.io/vjacn,https://osf.io/vjacn,osf.io/vjacn,NA,NA
a001430,kongmanas,2020-04-20,yes,NA,yes,NA,yes,NA,2,1,https://data.mendeley.com/submissions/evise/edit/rh22h25sw7?submission_id=S0022-1031(17)30623-6&token=3639d213-5e0d-437d-af76-0023d5b2081a,yes,NA,https://data.mendeley.com/submissions/evise/edit/rh22h25sw7?submission_id=S0022-1031(17)30623-6&token=3639d213-5e0d-437d-af76-0023d5b2081a,yes,NA,Mendeley,yes,NA,no,NA,"Something went wrong and data files cannot be downloaded. The data files cannot be downloaded, but there is a link to ""supplementary data"" stated in the article",https://data.mendeley.com/submissions/evise/edit/rh22h25sw7?submission_id=S0022-1031(17)30623-6&token=3639d213-5e0d-437d-af76-0023d5b2081a,https://data.mendeley.com/submissions/evise/edit/rh22h25sw7?submission_id=S0022-1031(17)30623-6&token=3639d213-5e0d-437d-af76-0023d5b2081a,data.mendeley.com/submissions/evise/edit/rh22h25sw7?submission_id=S0022-1031(17)30623-6&token=3639d213-5e0d-437d-af76-0023d5b2081a,https://data.mendeley.com/submissions/evise/edit/rh22h25sw7?submission_id=S0022-1031(17)30623-6&token=3639d213-5e0d-437d-af76-0023d5b2081a,https://data.mendeley.com/submissions/evise/edit/rh22h25sw7?submission_id=S0022-1031(17)30623-6&token=3639d213-5e0d-437d-af76-0023d5b2081a,data.mendeley.com/submissions/evise/edit/rh22h25sw7?submission_id=S0022-1031(17)30623-6&token=3639d213-5e0d-437d-af76-0023d5b2081a,NA,NA
a001430,steve,2020-08-29,yes,NA,yes,NA,yes,NA,2,1,https://data.mendeley.com/submissions/evise/edit/rh22h25sw7?submission_id=S0022-1031(17)30623-6&token=3639d213-5e0d-437d-af76-0023d5b2081a,other,"Had to edit URL to remove non-alpha characters around the ""&"" in the string. Also, this is a link to the upload page for the authors - it is not for public use!!!",https://data.mendeley.com/submissions/evise/edit/rh22h25sw7?submission_id=S0022-1031(17)30623-6&token=3639d213-5e0d-437d-af76-0023d5b2081a,yes,NA,Mendeley,other,"There are files listed for upload, but they are not accessible",no,NA,This is a problematic error - it seems to allow any user to mess with the upload of data to the authors' repository???,https://data.mendeley.com/submissions/evise/edit/rh22h25sw7?submission_id=S0022-1031(17)30623-6&token=3639d213-5e0d-437d-af76-0023d5b2081a,https://data.mendeley.com/submissions/evise/edit/rh22h25sw7?submission_id=S0022-1031(17)30623-6&token=3639d213-5e0d-437d-af76-0023d5b2081a,data.mendeley.com/submissions/evise/edit/rh22h25sw7?submission_id=S0022-1031(17)30623-6&token=3639d213-5e0d-437d-af76-0023d5b2081a,https://data.mendeley.com/submissions/evise/edit/rh22h25sw7?submission_id=S0022-1031(17)30623-6&token=3639d213-5e0d-437d-af76-0023d5b2081a,https://data.mendeley.com/submissions/evise/edit/rh22h25sw7?submission_id=S0022-1031(17)30623-6&token=3639d213-5e0d-437d-af76-0023d5b2081a,data.mendeley.com/submissions/evise/edit/rh22h25sw7?submission_id=S0022-1031(17)30623-6&token=3639d213-5e0d-437d-af76-0023d5b2081a,NA,NA
a001471,evelyn,2020-04-16,yes,NA,yes,NA,yes,NA,1,1,https://osf.io/92vsw/?view_only=f2b4c79786d9406fa75e7b54bc298eb4,yes,NA,https://osf.io/92vsw/?view_only=f2b4c79786d9406fa75e7b54bc298eb4,yes,NA,OSF,yes,NA,other,Data files exceeded 100MB,I didn't have any problems with this article,NA,https://osf.io/92vsw/?view_only=f2b4c79786d9406fa75e7b54bc298eb4,osf.io/92vsw/?view_only=f2b4c79786d9406fa75e7b54bc298eb4,NA,https://osf.io/92vsw/?view_only=f2b4c79786d9406fa75e7b54bc298eb4,osf.io/92vsw/?view_only=f2b4c79786d9406fa75e7b54bc298eb4,NA,NA
a001471,sophia,2020-04-24,yes,NA,yes,NA,yes,NA,1,1,https://osf.io/92vsw/?view_only=f2b4c79786d9406fa75e7b54bc298eb4,yes,NA,https://osf.io/92vsw/?view_only=f2b4c79786d9406fa75e7b54bc298eb4,yes,NA,OSF,other,leads to a general homepage of 'Health and Retirement Studies Documentation',no,NA,NA,NA,https://osf.io/92vsw/?view_only=f2b4c79786d9406fa75e7b54bc298eb4,osf.io/92vsw/?view_only=f2b4c79786d9406fa75e7b54bc298eb4,NA,https://osf.io/92vsw/?view_only=f2b4c79786d9406fa75e7b54bc298eb4,osf.io/92vsw/?view_only=f2b4c79786d9406fa75e7b54bc298eb4,NA,NA
a001472,phuong,2020-04-17,yes,NA,yes,NA,yes,NA,2,1,https://openneuro.org/datasets/ds001838/versions/1.0.0,yes,NA,https://openneuro.org/datasets/ds001838/versions/1.0.0,yes,NA,Open Neuro,yes,NA,other,files are larger than 100MB,NA,https://openneuro.org/datasets/ds001838/versions/1.0.0,https://openneuro.org/datasets/ds001838/versions/1.0.0,openneuro.org/datasets/ds001838/versions/1.0.0,NA,https://openneuro.org/datasets/ds001838/versions/1.0.0,openneuro.org/datasets/ds001838/versions/1.0.0,NA,NA
a001472,steve,2020-08-29,yes,NA,yes,NA,yes,NA,2,2,https://openneuro.org/datasets/ds001838/versions/1.0.0,yes,NA,https://openneuro.org/datasets/ds001838/versions/1.0.0,yes,NA,Openneuro,other,"The link was to version 1.0.0, but there was a revised version (1.0.1) that added a DOI - no other changes it seemed. Looked at the updated version.",partial,Total download size is over 27G - only some small metadata files were downloaded to check,Data version was technically updated (not substantially though) and was a very large dataset (fMRI study),https://openneuro.org/datasets/ds001838/versions/1.0.0,https://openneuro.org/datasets/ds001838/versions/1.0.0,openneuro.org/datasets/ds001838/versions/1.0.0,NA,https://openneuro.org/datasets/ds001838/versions/1.0.0,openneuro.org/datasets/ds001838/versions/1.0.0,NA,NA
a001476,sophia,2020-04-05,yes,NA,yes,NA,yes,NA,2,1,http://www.worldvaluessurvey.org/,yes,NA,http://www.worldvaluessurvey.org/wvs.jsp,yes,NA,World Values Survey,no,NA,NA,NA,links to the general homepage for the repository,http://www.worldvaluessurvey.org/,http://www.worldvaluessurvey.org/,www.worldvaluessurvey.org,NA,http://www.worldvaluessurvey.org/wvs.jsp,www.worldvaluessurvey.org/wvs.jsp,NA,NA
a001476,steve,2020-08-29,yes,NA,yes,NA,yes,NA,3,1,http://www.worldvaluessurvey.org/,yes,NA,http://www.worldvaluessurvey.org/wvs.jsp,no,NA,NA,other,"The link is the project homepage, had to follow links to find some files to access (and it is not clear which files are relevant). Also, need to agree with terms of use before downloading (but no registration/approval required per se).",partial,"Many files across different pages, just downloaded codebook for Wave 7 to check","It looks like data is quite easily potentially available, with only a small amount of gatekeeping",http://www.worldvaluessurvey.org/,http://www.worldvaluessurvey.org/,www.worldvaluessurvey.org,NA,http://www.worldvaluessurvey.org/wvs.jsp,www.worldvaluessurvey.org/wvs.jsp,NA,NA
a001493,michelle,2020-04-22,yes,NA,yes,NA,yes,NA,3,1,http://hrsonline.isr.umich.edu/index.php?p=avail&_ga=2.193912365.1038497410.1542961645-2121603621.1539110961,yes,NA,http://hrsonline.isr.umich.edu/index.php?p=avail&_ga=2.193912365.1038497410.1542961645-2121603621.1539110961,yes,NA,HRS,yes,NA,other,Need to be registered user to access data,Registered user required for data,http://hrsonline.isr.umich.edu/index.php?p=avail&_ga=2.193912365.1038497410.1542961645-2121603621.1539110961,http://hrsonline.isr.umich.edu/index.php?p=avail&_ga=2.193912365.1038497410.1542961645-2121603621.1539110961,hrsonline.isr.umich.edu/index.php?p=avail&_ga=2.193912365.1038497410.1542961645-2121603621.1539110961,NA,http://hrsonline.isr.umich.edu/index.php?p=avail&_ga=2.193912365.1038497410.1542961645-2121603621.1539110961,hrsonline.isr.umich.edu/index.php?p=avail&_ga=2.193912365.1038497410.1542961645-2121603621.1539110961,NA,NA
a001493,sophia,2020-04-24,yes,NA,yes,NA,yes,NA,2,1,http://hrsonline.isr.umich.edu/index.php?p=avail&_ga=2.193912365.1038497410.1542961645-2121603621.1539110961,yes,NA,http://hrsonline.isr.umich.edu/index.php?p=avail&_ga=2.193912365.1038497410.1542961645-2121603621.1539110961,yes,NA,University of Michigan library,yes,NA,other,files are all over 100MB,I didn't have any problems with this article,http://hrsonline.isr.umich.edu/index.php?p=avail&_ga=2.193912365.1038497410.1542961645-2121603621.1539110961,http://hrsonline.isr.umich.edu/index.php?p=avail&_ga=2.193912365.1038497410.1542961645-2121603621.1539110961,hrsonline.isr.umich.edu/index.php?p=avail&_ga=2.193912365.1038497410.1542961645-2121603621.1539110961,NA,http://hrsonline.isr.umich.edu/index.php?p=avail&_ga=2.193912365.1038497410.1542961645-2121603621.1539110961,hrsonline.isr.umich.edu/index.php?p=avail&_ga=2.193912365.1038497410.1542961645-2121603621.1539110961,NA,NA
a001493,steve,2020-08-29,yes,NA,yes,NA,yes,NA,3,1,http://hrsonline.isr.umich.edu/index.php?p=avail&_ga=2.193912365.1038497410.1542961645-2121603621.1539110961,yes,NA,http://hrsonline.isr.umich.edu/index.php?p=avail&_ga=2.193912365.1038497410.1542961645-2121603621.1539110961,other,"It is a dedicated project website, so kind of",NA,other,Registration is required to access files,no,NA,Registration is required to access data files,http://hrsonline.isr.umich.edu/index.php?p=avail&_ga=2.193912365.1038497410.1542961645-2121603621.1539110961,http://hrsonline.isr.umich.edu/index.php?p=avail&_ga=2.193912365.1038497410.1542961645-2121603621.1539110961,hrsonline.isr.umich.edu/index.php?p=avail&_ga=2.193912365.1038497410.1542961645-2121603621.1539110961,NA,http://hrsonline.isr.umich.edu/index.php?p=avail&_ga=2.193912365.1038497410.1542961645-2121603621.1539110961,hrsonline.isr.umich.edu/index.php?p=avail&_ga=2.193912365.1038497410.1542961645-2121603621.1539110961,NA,NA
a001634,evelyn,2020-05-08,yes,NA,yes,NA,yes,NA,2,2,http://hrsonline.isr.umich.edu/,yes,NA,http://hrsonline.isr.umich.edu/,yes,NA,Health and Study Requirement,no,NA,NA,NA,Requires login to download and access files,http://hrsonline.isr.umich.edu/,http://hrsonline.isr.umich.edu/,hrsonline.isr.umich.edu,NA,http://hrsonline.isr.umich.edu/,hrsonline.isr.umich.edu,NA,NA
a001634,sophia,2020-04-16,yes,NA,yes,NA,yes,NA,2,2,http://hrsonline.isr.umich.edu/,yes,NA,http://hrsonline.isr.umich.edu/,other,"Seems to be a website just for the data from the ""Health and Retirement Study"" by the University of Michigan",NA,other,the link leads to a general homepage for the health and retirement study,no,NA,NA,http://hrsonline.isr.umich.edu/,http://hrsonline.isr.umich.edu/,hrsonline.isr.umich.edu,NA,http://hrsonline.isr.umich.edu/,hrsonline.isr.umich.edu,NA,NA
a001634,evelyn,2020-05-08,yes,NA,yes,NA,yes,NA,2,1,https://midus.colectica.org/Account/Login,yes,NA,https://midus.colectica.org/Account/Login,yes,NA,Midus,no,NA,NA,NA,Requires login to download and access files,http://midus.colectica.org,http://midus.colectica.org,midus.colectica.org,NA,https://midus.colectica.org/Account/Login,midus.colectica.org/Account/Login,NA,NA
a001634,sophia,2020-04-16,yes,NA,yes,NA,yes,NA,2,1,http://midus.colectica.org,yes,NA,https://midus.colectica.org/Account/Login,yes,NA,Colectica,other,requires a log in,no,NA,NA,http://midus.colectica.org,http://midus.colectica.org,midus.colectica.org,NA,https://midus.colectica.org/Account/Login,midus.colectica.org/Account/Login,NA,NA
