article_id,coder_initials,date_coded,has_data_badge,has_data_badge_other,data_availability_statement,data_availability_statement_other,article_has_links,article_has_links_other,number_of_links,link_number,link_url,link_work,link_work_noother,resolved_url,is_repository,is_repository_other,repository_name,files_exist,files_exist_other,download_success,download_success_other,notes
intro01,sophia,2020-04-02,yes,NA,yes,NA,yes,NA,1,1,https://osf.io/n6pfz,yes,NA,https://osf.io/n6pfz/,yes,NA,OSF,yes,NA,yes,NA,"There was link to ""supplementary data"" at the journal's website - this link was ignored, as there was an explicit link to the open data. There were two mentions to the data, but had the same URL."
intro02,sophia,2020-04-02,yes,NA,yes,NA,yes,NA,1,1,https://nyu.databrary.org/volume/79,yes,NA,https://nyu.databrary.org/volume/79,yes,NA,Databrary,yes,NA,other,Lead to a page whih said 'something went wrong',"There was a link to ""supplementary data"" at the journal's website."
intro03,sophia,2020-04-02,yes,NA,yes,NA,yes,NA,1,1,https://osf.io/9w8pg/,yes,NA,https://osf.io/9w8pg/,yes,NA,OSF,yes,NA,yes,NA,I didn't have any problems with this article
intro04,sophia,2020-04-02,yes,NA,yes,NA,yes,NA,1,1,http://dx.doi.org/10.5061/dryad.d2441,yes,NA,https://datadryad.org/stash/dataset/doi:10.5061/dryad.d2441,yes,NA,Dryad,yes,NA,yes,NA,"There was link to ""supplementary data"" at the journal's website - this link was ignored, as there was an explicit link to the open data"
intro05,sophia,2020-04-02,yes,NA,yes,NA,yes,NA,1,1,http://thedata.harvard.edu/dvn/dv/PainData,yes,NA,https://dataverse.harvard.edu/dataverse/PainData,yes,NA,Harvard Dataverse Network,yes,NA,yes,NA,"I had to click on a second link to get the specific data for this paper. There was link to ""supplementary data"" at the journal's website - this link was ignored, as there was an explicit link to the open data."
intro06,sophia,2020-04-02,yes,NA,other,The statement refers to all 'coded' data,yes,NA,1,1,osf.io/zw6jg/,yes,NA,https://osf.io/zw6jg/,yes,NA,OSF,yes,NA,yes,NA,I didn't have any problems with this article
intro07,sophia,2020-04-02,yes,NA,yes,NA,yes,NA,1,1,osf.io/8jxsr/,yes,NA,https://osf.io/8jxsr/,yes,NA,OSF,yes,NA,other,"was able to download the data and programs files, but the raw data file was too big","There was link to ""supplementary data"" at the journal's website - this link was ignored, as there was an explicit link to the open data"
intro08,sophia,2020-04-02,yes,NA,yes,NA,yes,NA,2,1,http://doi.org/10.3886/ICPSR04652.v6,yes,NA,https://www.icpsr.umich.edu/icpsrweb/NACDA/studies/4652/version/6,yes,NA,National Archive of Computerized Data on Aging,yes,NA,other,the website offered different types of file download - I selected 'documentation only' option,the data was updated in the archive since use within the article.
intro08,sophia,2020-04-02,yes,NA,yes,NA,yes,NA,2,2,http://midus.colectica.org/,yes,NA,https://midus.colectica.org/Account/Login,other,needed a login - don't know,NA,other,needed a login - don't know,no,NA,needed a login
intro09,sophia,2020-04-02,yes,NA,yes,NA,yes,NA,1,1,https://osf.io/xehfu/,yes,NA,https://osf.io/xehfu/,yes,NA,OSF,yes,NA,yes,NA,I didn't have any problems with this article
intro10,sophia,2020-04-02,yes,NA,yes,NA,yes,NA,1,1,http://pisa2006.acer.edu.au/downloads.php,no,Site cannot be reached' warning,NA,NA,NA,NA,NA,NA,NA,NA,"There was link to ""supplementary data"" at the journal's website - this link was ignored, as there was an explicit link to the open data"
a000001,sophia,2020-04-04,yes,NA,yes,NA,yes,NA,1,1,https://osf.io/d2jwb,yes,NA,https://osf.io/d2jwb,yes,NA,OSF,no,NA,NA,NA,OSF page was empty
a000005,sophia,2020-04-04,yes,NA,yes,NA,yes,NA,1,1,https://osf.io/h7av3/?view_only=64a45a1b7def4d95b1231e35df6a2c78,yes,NA,https://osf.io/h7av3/?view_only=64a45a1b7def4d95b1231e35df6a2c78,yes,NA,OSF,yes,NA,yes,NA,I didn't have any problems with this article
a000081,sophia,2020-04-04,yes,NA,yes,NA,yes,NA,4,1,https://osf.io/x7pgq/,yes,NA,https://osf.io/x7pgq/,yes,NA,OSF,yes,NA,yes,NA,I didn't have any problems with this article
a000081,sophia,2020-04-04,yes,NA,yes,NA,yes,NA,4,2,https://osf.io/q9jy3/,yes,NA,https://osf.io/q9jy3/,yes,NA,OSF,yes,NA,yes,NA,I didn't have any problems with this article
a000081,sophia,2020-04-04,yes,NA,yes,NA,yes,NA,4,3,https://osf.io/cdev3/,yes,NA,https://osf.io/cdev3/,yes,NA,OSF,yes,NA,yes,NA,I didn't have any problems with this article
a000081,sophia,2020-04-04,yes,NA,yes,NA,yes,NA,4,4,https://osf.io/uj2dr/,yes,NA,https://osf.io/uj2dr/,yes,NA,OSF,yes,NA,yes,NA,I didn't have any problems with this article
a000109,sophia,2020-04-04,yes,NA,yes,NA,yes,NA,1,1,https://osf.io/2ckz9/,yes,NA,https://osf.io/2ckz9/,yes,NA,OSF,yes,NA,yes,NA,I didn't have any problems with this article
a000139,sophia,2020-04-04,yes,NA,yes,NA,yes,NA,1,1,https://osf.io/vsnj3/,yes,NA,https://osf.io/vsnj3/,yes,NA,OSF,yes,NA,yes,NA,I didn't have any problems with this article
a000158,sophia,2020-04-04,yes,NA,yes,NA,yes,NA,1,1,https://doi.org/10.17632/yrpjzfmzpz.3,yes,NA,https://data.mendeley.com/datasets/yrpjzfmzpz/3,yes,NA,Mendeley,yes,NA,yes,NA,I didn't have any problems with this article
a000159,sophia,2020-04-04,yes,NA,yes,NA,yes,NA,1,1,https://osf.io/t6gwf/,yes,NA,https://osf.io/t6gwf/,yes,NA,OSF,yes,NA,yes,NA,I didn't have any problems with this article
a000214,sophia,2020-04-04,yes,NA,yes,NA,yes,NA,1,1,https://osf.io/8aw9r/,yes,NA,https://osf.io/8aw9r/,yes,NA,OSF,yes,NA,yes,NA,I didn't have any problems with this article
a000244,sophia,2020-04-04,yes,NA,no,NA,no,NA,0,NA,NA,NA,NA,NA,NA,NA,NA,NA,NA,NA,NA,Couldn't find any references to open data
a000294,sophia,2020-04-04,yes,NA,yes,NA,yes,NA,1,1,https://osf.io/fpsu8/,yes,NA,https://osf.io/fpsu8/,yes,NA,OSF,yes,NA,yes,NA,I didn't have any problems with this article
a000358,sophia,2020-04-04,yes,NA,yes,NA,yes,NA,1,1,https://osf.io/dpsyz/?view_only1‚ÅÑ4a256f1d6e5fb4d97adac2147f58811ae,yes,NA,https://osf.io/dpsyz/?view_only=a256f1d6e5fb4d97adac2147f58811ae,yes,NA,OSF,yes,NA,yes,NA,I didn't have any problems with this article
a000362,sophia,2020-04-04,yes,NA,yes,NA,yes,NA,1,1,https://osf.io/rh9x6/?view_only=65ae8ed424e84dfda8594efa5b3aa714,yes,NA,https://osf.io/rh9x6/?view_only=65ae8ed424e84dfda8594efa5b3aa714,yes,NA,OSF,yes,NA,yes,NA,I didn't have any problems with this article
a000377,sophia,2020-04-04,yes,NA,yes,NA,yes,NA,2,1,https://osf.io/fwt65/,yes,NA,https://osf.io/fwt65/,yes,NA,OSF,yes,NA,yes,NA,I didn't have any problems with this article
a000377,sophia,2020-04-04,yes,NA,yes,NA,yes,NA,2,2,https://osf.io/da56v/,yes,NA,https://osf.io/da56v/,yes,NA,OSF,yes,NA,yes,NA,I didn't have any problems with this article
a000410,sophia,2020-04-04,yes,NA,yes,NA,yes,NA,1,1,https://osf.io/xf7rn/,yes,NA,https://osf.io/xf7rn/,yes,NA,OSF,yes,NA,yes,NA,I didn't have any problems with this article
a000544,sophia,2020-04-04,yes,NA,yes,NA,yes,NA,1,1,https://data.mendeley.com/datasets/48jhxswdrv/draft?a=037ef882-2002-45e8-88ad-f8ee8e7bea37,yes,NA,https://data.mendeley.com/datasets/48jhxswdrv/draft?a=037ef882-2002-45e8-88ad-f8ee8e7bea37,yes,NA,Mendeley,yes,NA,yes,NA,I didn't have any problems with this article
a000569,sophia,2020-04-04,yes,NA,yes,NA,yes,NA,1,1,https://osf.io/vh5jt,yes,NA,https://osf.io/vh5jt,yes,NA,OSF,no,NA,NA,NA,OSF page was empty
a000687,sophia,2020-04-04,yes,NA,yes,NA,yes,NA,1,1,https://doi.org/10.17605/OSF.IO/WCJSF,yes,NA,https://osf.io/wcjsf/,yes,NA,OSF,yes,NA,yes,NA,I didn't have any problems with this article
a000724,sophia,2020-04-04,yes,NA,yes,NA,yes,NA,1,1,https://doi.org/10.7910/DVN/OKZMIY,yes,NA,https://dataverse.harvard.edu/dataset.xhtml?persistentId=doi:10.7910/DVN/OKZMIY,yes,NA,Harvard Dataverse,yes,NA,yes,NA,I didn't have any problems with this article
a000757,sophia,2020-04-04,yes,NA,yes,NA,yes,NA,1,1,https://osf.io/rwuya/?view_only=6e25d904b89c463992ceb267477cb5a0,yes,NA,https://osf.io/rwuya/?view_only=6e25d904b89c463992ceb267477cb5a0,yes,NA,OSF,yes,NA,yes,NA,I didn't have any problems with this article
a000904,sophia,2020-04-04,yes,NA,yes,NA,yes,NA,1,1,https://dataverse.nl/dataverse/chemosignaling,yes,NA,https://dataverse.nl/dataverse/chemosignaling,yes,NA,Dutch Dataverse Network,yes,NA,other,File was over 100MB and three of the files were not able to be accessed without permission.,NA
a000948,sophia,2020-04-05,yes,NA,yes,NA,yes,NA,1,1,https://osf.io/677jr/,yes,NA,https://osf.io/677jr/,yes,NA,OSF,yes,NA,yes,NA,"The data file was a pdf with graphs but no raw data. Other than that, I didn't have any problems with this article."
a000992,sophia,2020-04-05,yes,NA,yes,NA,yes,NA,1,1,https://osf.io/873fp/,yes,NA,https://osf.io/873fp/,yes,NA,OSF,yes,NA,yes,NA,I didn't have any problems with this article
a001015,sophia,2020-04-05,yes,NA,yes,NA,yes,NA,1,1,https://osf.io/9e5au/,yes,NA,https://osf.io/9e5au,yes,NA,OSF,yes,NA,yes,NA,I didn't have any problems with this article
a001051,sophia,2020-04-05,yes,NA,other,has a reference and link to supplementary data,yes,NA,1,1,https://doi.org/10.1016/j.jesp.2019.03.007,yes,NA,https://www.sciencedirect.com/science/article/abs/pii/S0022103118304426?via%3Dihub,yes,NA,Science Direct,no,NA,NA,NA,"The link to supplementary data leads to a short article, which didn't link to any other sites that seemed to contain data."
a001058,sophia,2020-04-05,yes,NA,yes,NA,yes,NA,1,1,https://osf.io/8wtae/,yes,NA,https://osf.io/8wtae/,yes,NA,OSF,yes,NA,yes,NA,I didn't have any problems with this article
a001072,sophia,2020-04-05,yes,NA,yes,NA,yes,NA,1,1,https://osf.io/pe5d7/,yes,NA,https://osf.io/pe5d7/,yes,NA,OSF,yes,NA,yes,NA,I didn't have any problems with this article
a001091,sophia,2020-04-05,yes,NA,yes,NA,yes,NA,1,1,https://osf.io/tu3nm/,yes,NA,https://osf.io/tu3nm/,yes,NA,OSF,yes,NA,yes,NA,I didn't have any problems with this article
a001110,sophia,2020-04-05,yes,NA,yes,NA,yes,NA,1,1,https://osf.io/pfh6r/,yes,NA,https://osf.io/pfh6r/,yes,NA,OSF,yes,NA,yes,NA,I didn't have any problems with this article
a001125,sophia,2020-04-05,yes,NA,yes,NA,yes,NA,1,1,https://www.elsevier.com/journals/journal-of-experimental-social-psychology/0022-1031/guide-for-authors,yes,NA,https://www.elsevier.com/journals/journal-of-experimental-social-psychology/0022-1031/guide-for-authors,yes,NA,Elsevier,no,NA,NA,NA,lead to a information page for authors
a001154,sophia,2020-04-05,yes,NA,other,states that all data required could be found on the American Journal of Political Science network in the Harvard Dataverse Network,no,NA,0,NA,NA,NA,NA,NA,NA,NA,NA,NA,NA,NA,NA,no links
a001183,sophia,2020-04-05,yes,NA,yes,NA,yes,NA,1,1,https://osf.io/3nkeh/,yes,NA,https://osf.io/3nkeh/,yes,NA,OSF,yes,NA,yes,NA,I didn't have any problems with this article
a001190,sophia,2020-04-05,yes,NA,yes,NA,yes,NA,1,1,https://osf.io/98ta4/,yes,NA,https://osf.io/98ta4/,yes,NA,OSF,yes,NA,yes,NA,I didn't have any problems with this article
a001349,sophia,2020-04-05,yes,NA,yes,NA,yes,NA,1,1,https://osf.io/rjdpc/,yes,NA,https://osf.io/rjdpc,yes,NA,OSF,yes,NA,yes,NA,I didn't have any problems with this article
a001385,sophia,2020-04-05,yes,NA,yes,NA,yes,NA,1,1,https://osf.io/84zg3/,yes,NA,https://osf.io/84zg3/,yes,NA,OSF,yes,NA,yes,NA,I didn't have any problems with this article
a001416,sophia,2020-04-05,yes,NA,yes,NA,yes,NA,1,1,https://osf.io/24kvu/,yes,NA,https://osf.io/24kvu/,yes,NA,OSF,yes,NA,yes,NA,I didn't have any problems with this article
a001443,sophia,2020-04-05,yes,NA,yes,NA,yes,NA,2,1,https://osf.io/7b9au/,yes,NA,https://osf.io/7b9au/,yes,NA,OSF,yes,NA,yes,NA,I didn't have any problems with this article
a001443,sophia,2020-04-05,yes,NA,yes,NA,yes,NA,2,2,https://doi.org/10.17863/CAM.7153,yes,NA,https://www.repository.cam.ac.uk/handle/1810/261918,yes,NA,"Apollo, University of Cambridge",yes,NA,yes,NA,I didn't have any problems with this article
a001450,sophia,2020-04-05,yes,NA,yes,NA,yes,NA,1,1,https://osf.io/u9tk8/,yes,NA,https://osf.io/u9tk8/,yes,NA,OSF,yes,NA,yes,NA,I didn't have any problems with this article
a001476,sophia,2020-04-05,yes,NA,yes,NA,yes,NA,2,1,http://www.worldvaluessurvey.org/,yes,NA,http://www.worldvaluessurvey.org/wvs.jsp,yes,NA,World Values Survey,no,NA,NA,NA,links to the general homepage for the repository
a001476,sophia,2020-04-05,yes,NA,yes,NA,yes,NA,2,2,https://forscenter.ch/en/our-surveys/swiss-household-panel/,no,error 404',NA,NA,NA,NA,NA,NA,NA,NA,NA
a001607,sophia,2020-04-05,yes,NA,yes,NA,yes,NA,1,1,https://osf.io/bx59f/,yes,NA,https://osf.io/bx59f/,yes,NA,OSF,yes,NA,yes,NA,links to the general homepage for the repository
a001659,sophia,2020-04-05,yes,NA,yes,NA,yes,NA,1,1,https://osf.io/yedsz/,yes,NA,https://osf.io/yedsz/,yes,NA,OSF,yes,NA,other,"I was able to download 2 out of the three files, the third was over 200MB",I didn't have any problems with this article
a000239,sophia,2020-04-07,yes,NA,yes,NA,yes,NA,1,1,https://doi.org/10.7910/DVN/I4KVD1,yes,NA,https://dataverse.harvard.edu/dataset.xhtml?persistentId=doi:10.7910/DVN/I4KVD1,yes,NA,Harvard Dataverse Network,yes,NA,yes,NA,I didn't have any problems with this article
a000259,sophia,2020-04-07,yes,NA,yes,NA,yes,NA,1,1,https://doi.org/10.7910/DVN/SZ9YXZ,yes,NA,https://dataverse.harvard.edu/dataset.xhtml?persistentId=doi:10.7910/DVN/SZ9YXZ,yes,NA,Harvard Dataverse Network,yes,NA,yes,NA,"4 out of the 12 files required permission to access. Otherwise, I didn't have problems with this article."
a000287,sophia,2020-04-07,yes,NA,yes,NA,yes,NA,1,1,https://osf.io/fctr8/,yes,NA,https://osf.io/fctr8/,yes,NA,OSF,yes,NA,yes,NA,"There was link to ""supplementary data"" at the journal's website - this link was ignored, as there was an explicit link to the open data"
a000301,sophia,2020-04-07,yes,NA,yes,NA,yes,NA,1,1,https://osf.io/6n894/,yes,NA,https://osf.io/6n894/,yes,NA,OSF,yes,NA,yes,NA,"There was link to ""supplementary data"" at the journal's website - this link was ignored, as there was an explicit link to the open data"
a000311,sophia,2020-04-07,yes,NA,yes,NA,yes,NA,1,1,https://osf.io/du5jc/,yes,NA,https://osf.io/du5jc/,yes,NA,OSF,yes,NA,other,files over 100MB,"There was link to ""supplementary data"" at the journal's website - this link was ignored, as there was an explicit link to the open data"
a000341,sophia,2020-04-07,yes,NA,yes,NA,yes,NA,1,1,https://osf.io/d6hms/,yes,NA,https://osf.io/d6hms/,yes,NA,OSF,yes,NA,yes,NA,"There was link to ""supplementary data"" at the journal's website - this link was ignored, as there was an explicit link to the open data"
a000347,sophia,2020-04-07,yes,NA,yes,NA,yes,NA,1,1,https://osf.io/ha28n/,yes,NA,https://osf.io/ha28n/,yes,NA,OSF,yes,NA,yes,NA,I didn't have any problems with this article
a000371,sophia,2020-04-07,yes,NA,yes,NA,no,NA,NA,NA,NA,NA,NA,NA,NA,NA,NA,NA,NA,NA,NA,article says all data is available on the American Journal of Political Science on the Harvard Dataverse Network
a000429,sophia,2020-04-07,yes,NA,yes,NA,yes,NA,2,1,http://reshare.ukdataservice.ac.uk/852716/,yes,NA,http://reshare.ukdataservice.ac.uk/852716/,yes,NA,UK Data Service,yes,NA,no,NA,required a sign in
a000429,sophia,2020-04-07,yes,NA,yes,NA,yes,NA,2,2,https://osf.io/4d3b9,yes,NA,https://osf.io/4d3b9,yes,NA,OSF,yes,NA,yes,NA,I didn't have any problems with this article
a000471,sophia,2020-04-07,yes,NA,yes,NA,yes,NA,1,1,https://osf.io/5ka94/?view_only=15c365b391ed4e4d9d38c811ea359392,yes,NA,https://osf.io/5ka94/?view_only=15c365b391ed4e4d9d38c811ea359392,yes,NA,OSF,yes,NA,yes,NA,"There were mutilple links to research materials, and one link for research data."
a000490,sophia,2020-04-07,yes,NA,yes,NA,yes,NA,2,1,https://osf.io/gsv84/,yes,NA,https://osf.io/gsv84/,yes,NA,OSF,yes,NA,yes,NA,I didn't have any problems with this article
a000490,sophia,2020-04-07,yes,NA,yes,NA,yes,NA,2,2,https://osf.io/24mej/,yes,NA,https://osf.io/24mej/,yes,NA,OSF,yes,NA,yes,NA,I didn't have any problems with this article
a000541,sophia,2020-04-07,yes,NA,yes,NA,yes,NA,1,1,https://osf.io/zqg9y/,yes,NA,https://osf.io/zqg9y/,yes,NA,OSF,yes,NA,yes,NA,I didn't have any problems with this article
a000567,sophia,2020-04-07,yes,NA,yes,NA,yes,NA,1,1,https://osf.io/fnps3,yes,NA,https://osf.io/fnps3,yes,NA,OSF,yes,NA,yes,NA,"There was link to ""supplementary data"" at the journal's website - this link was ignored, as there was an explicit link to the open data"
a000568,sophia,2020-04-07,yes,NA,yes,NA,yes,NA,1,1,http://hdl.handle.net/10871/19257,yes,NA,https://ore.exeter.ac.uk/repository/handle/10871/19257,yes,NA,Open Research Exeter,yes,NA,yes,NA,I didn't have any problems with this article
a000578,sophia,2020-04-07,yes,NA,yes,NA,yes,NA,1,1,https://osf.io/8bknh/,yes,NA,https://osf.io/8bknh/,yes,NA,OSF,yes,NA,yes,NA,I didn't have any problems with this article
a000614,sophia,2020-04-07,yes,NA,yes,NA,yes,NA,1,1,https://osf.io/bktjs/,yes,NA,https://osf.io/bktjs/,yes,NA,OSF,yes,NA,yes,NA,I didn't have any problems with this article
a000625,sophia,2020-04-07,yes,NA,yes,NA,yes,NA,1,1,https://dataverse.harvard.edu/dataset.xhtml?persistentId=doi:10.7910/DVN/WYA1S2,yes,NA,https://dataverse.harvard.edu/dataset.xhtml?persistentId=doi:10.7910/DVN/WYA1S2,yes,NA,Harvard Dataverse Network,yes,NA,yes,NA,I didn't have any problems with this article
a000628,sophia,2020-04-07,yes,NA,yes,NA,yes,NA,1,1,https://osf.io/4qbxv,yes,NA,https://osf.io/4qbxv,yes,NA,OSF,yes,NA,yes,NA,I didn't have any problems with this article
a000665,sophia,2020-04-07,yes,NA,yes,NA,yes,NA,3,1,https://osf.io/heun6/,yes,NA,https://osf.io/heun6/,yes,NA,OSF,yes,NA,yes,NA,I didn't have any problems with this article
a000665,sophia,2020-04-07,yes,NA,yes,NA,yes,NA,3,2,https://osf.io/8sxgu/,yes,NA,https://osf.io/8sxgu/,yes,NA,OSF,yes,NA,yes,NA,I didn't have any problems with this article
a000665,sophia,2020-04-07,yes,NA,yes,NA,yes,NA,3,3,https://osf.io/p5fta/,yes,NA,https://osf.io/p5fta/,yes,NA,OSF,yes,NA,yes,NA,I didn't have any problems with this article
a000672,sophia,2020-04-07,yes,NA,yes,NA,yes,NA,1,1,https://osf.io/73puw/,yes,NA,https://osf.io/73puw/,yes,NA,OSF,yes,NA,yes,NA,I didn't have any problems with this article
a000740,sophia,2020-04-07,yes,NA,yes,NA,yes,NA,1,1,https://osf.io/vyibm/files/,yes,NA,https://osf.io/vyibm/files/,yes,NA,OSF,yes,NA,yes,NA,I didn't have any problems with this article
a000759,sophia,2020-04-07,yes,NA,yes,NA,yes,NA,1,1,https://osf.io/my6te/?view_only=3b4129763e4f4de58ef783a85ae30842,yes,NA,https://osf.io/my6te/?view_only=22333945e4824ca196f4aee4a31ba925,yes,NA,OSF,yes,NA,other,"only was able to download the first zip file, the second was greater than 100MB",I didn't have any problems with this article
a000760,sophia,2020-04-07,yes,NA,yes,NA,yes,NA,1,1,https://doi.org/10.7910/DVN/PGXO5O,yes,NA,https://dataverse.harvard.edu/dataset.xhtml?persistentId=doi:10.7910/DVN/PGXO5O,yes,NA,Harvard Dataverse Network,yes,NA,yes,NA,I didn't have any problems with this article
a000767,sophia,2020-04-08,yes,NA,yes,NA,yes,NA,1,1,https://osf.io/ftsrd/,yes,NA,https://osf.io/ftsrd/,yes,NA,OSF,yes,NA,yes,NA,"There was link to ""supplementary data"" at the journal's website - this link was ignored, as there was an explicit link to the open data"
a000851,sophia,2020-04-08,yes,NA,yes,NA,yes,NA,1,1,https://www.iris-database.org/iris/app/home/detail?id=york:936220&amp;ref=search/,yes,NA,https://www.iris-database.org/iris/app/home/detail?id=york:936220&amp;ref=search/,yes,NA,IRIS,yes,NA,yes,NA,I didn't have any problems with this article
a000971,sophia,2020-04-08,yes,NA,yes,NA,yes,NA,1,1,https://osf.io/nkfjy/,yes,NA,https://osf.io/nkfjy/,yes,NA,OSF,yes,NA,other,files were over 500MB,I didn't have any problems with this article
a000980,sophia,2020-04-08,yes,NA,no,NA,no,NA,NA,NA,NA,NA,NA,NA,NA,NA,NA,NA,NA,NA,NA,couldn't find any reference to open data
a001069,sophia,2020-04-08,yes,NA,yes,NA,yes,NA,1,1,https://osf.io/m3neh/,yes,NA,https://osf.io/m3neh/,yes,NA,OSF,yes,NA,yes,NA,I didn't have any problems with this article
a001094,sophia,2020-04-08,yes,NA,yes,NA,yes,NA,1,1,https://osf.io/fpdbh/%2013Identifiers,no,"""page not found""",NA,NA,NA,NA,NA,NA,NA,NA,NA
a001173,sophia,2020-04-08,yes,NA,yes,NA,yes,NA,1,1,http://dx.doi.org/10.7910/DVN/S9MIJU,yes,NA,https://dataverse.harvard.edu/dataset.xhtml?persistentId=doi:10.7910/DVN/S9MIJU,yes,NA,Harvard Dataverse Network,yes,NA,yes,NA,I didn't have any problems with this article
a001215,sophia,2020-04-08,yes,NA,yes,NA,yes,NA,2,1,https://osf.io/gwk45/,yes,NA,https://osf.io/gwk45/,yes,NA,OSF,yes,NA,yes,NA,I didn't have any problems with this article
a001215,sophia,2020-04-08,yes,NA,yes,NA,yes,NA,2,2,https://www.iris-database.org/iris/app/home/index,yes,NA,https://www.iris-database.org/iris/app/home/index,yes,NA,IRIS,no,NA,NA,NA,links to the general IRIS homepage
a001250,sophia,2020-04-08,yes,NA,yes,NA,yes,NA,2,1,https://dbk.gesis.org/DBKSearch/SDesc2asp?no=6701,no,404 Not found',NA,NA,NA,NA,NA,NA,NA,NA,NA
a001250,sophia,2020-04-08,yes,NA,yes,NA,yes,NA,2,2,https://osf.io/wk9rp/,yes,NA,https://osf.io/wk9rp/,yes,NA,OSF,yes,NA,yes,NA,I didn't have any problems with this article
a001326,sophia,2020-04-08,yes,NA,yes,NA,yes,NA,1,1,https://osf.io/5tus8/,yes,NA,https://osf.io/5tus8/,yes,NA,OSF,yes,NA,other,files were much over 100MB,I didn't have any problems with this article
a001355,sophia,2020-04-08,yes,NA,yes,NA,yes,NA,1,1,https://osf.io/b3epc/,yes,NA,https://osf.io/b3epc/,yes,NA,OSF,yes,NA,yes,NA,I didn't have any problems with this article
a001360,sophia,2020-04-08,yes,NA,yes,NA,yes,NA,1,1,https://osf.io/e3afr/,yes,NA,https://osf.io/e3afr/,yes,NA,OSF,yes,NA,yes,NA,I didn't have any problems with this article
a001454,sophia,2020-04-08,yes,NA,yes,NA,yes,NA,1,1,https://osf.io/mrt8f/,yes,NA,https://osf.io/mrt8f/,yes,NA,OSF,yes,NA,yes,NA,"There was link to ""supplementary data"" at the journal's website - this link was ignored, as there was an explicit link to the open data"
a001467,sophia,2020-04-08,yes,NA,yes,NA,yes,NA,1,1,https://osf.io/ng9k8/,yes,NA,https://osf.io/ng9k8/,yes,NA,OSF,yes,NA,yes,NA,I didn't have any problems with this article
a001515,sophia,2020-04-08,yes,NA,yes,NA,yes,NA,1,1,https://osf.io/w38qr,yes,NA,https://osf.io/w38qr/,yes,NA,OSF,yes,NA,yes,NA,I didn't have any problems with this article
a001579,sophia,2020-04-08,yes,NA,yes,NA,yes,NA,1,1,https://osf.io/s4z32/,yes,NA,https://osf.io/s4z32/,yes,NA,OSF,yes,NA,yes,NA,I didn't have any problems with this article
a001651,sophia,2020-04-08,yes,NA,yes,NA,yes,NA,1,1,https://osf.io/mw3rb/,yes,NA,https://osf.io/mw3rb/,yes,NA,OSF,yes,NA,other,was able to download 2/3 files. The other was over 100MB.,NA
a000043,sophia,2020-04-10,yes,NA,yes,NA,yes,NA,1,1,https://osf.io/tmdvn/,yes,NA,https://osf.io/tmdvn/,yes,NA,OSF,yes,NA,other,over 100MB,I didn't have any problems with this article
a000149,sophia,2020-04-10,yes,NA,yes,NA,yes,NA,1,1,http://dx.doi.org/10.7910/DVN/7TA47E,yes,NA,https://dataverse.harvard.edu/dataset.xhtml?persistentId=doi:10.7910/DVN/7TA47E,yes,NA,Harvard Dataverse Network,yes,NA,yes,NA,I didn't have any problems with this article
a000211,sophia,2020-04-10,yes,NA,yes,NA,yes,NA,1,1,https://osf.io/8gyns/,yes,NA,https://osf.io/8gyns/,yes,NA,OSF,yes,NA,yes,NA,I didn't have any problems with this article
a000212,sophia,2020-04-10,yes,NA,yes,NA,yes,NA,1,1,https://osf.io/cu8jv/,yes,NA,https://osf.io/cu8jv/,yes,NA,OSF,yes,NA,yes,NA,I didn't have any problems with this article
a000235,sophia,2020-04-10,yes,NA,yes,NA,yes,NA,1,1,https://osf.io/8rbvz/,yes,NA,https://osf.io/8rbvz/,yes,NA,OSF,yes,NA,yes,NA,I didn't have any problems with this article
a000267,sophia,2020-04-10,yes,NA,yes,NA,yes,NA,1,1,doi:10.7910/DVN/W2HZSO,yes,NA,https://dataverse.harvard.edu/dataset.xhtml?persistentId=doi:10.7910/DVN/W2HZSO,yes,NA,Harvard Dataverse Network,yes,NA,yes,NA,I didn't have any problems with this article
a000343,sophia,2020-04-10,yes,NA,yes,NA,yes,NA,1,1,1https://osf.io/8z2an,yes,NA,https://osf.io/8z2an,yes,NA,OSF,yes,NA,yes,NA,I didn't have any problems with this article
a000345,sophia,2020-04-10,yes,NA,yes,NA,yes,NA,1,1,https://osf.io/rf3ys/,yes,NA,https://osf.io/rf3ys/,yes,NA,OSF,yes,NA,other,was able to download one zip file but the second was over 100MB,I didn't have any problems with this article
a000367,sophia,2020-04-10,yes,NA,yes,NA,yes,NA,1,1,https://doi.org/10.7910/DVN/YM4LDG,no,"""DOI Not Found' error",NA,NA,NA,NA,NA,NA,NA,NA,NA
a000391,sophia,2020-04-10,yes,NA,yes,NA,yes,NA,1,1,https://www.iris-database.org/iris/app/home/detail?id=york:934328,yes,NA,https://www.iris-database.org/iris/app/home/detail?id=york:934328,yes,NA,IRIS Database,yes,NA,yes,NA,I didn't have any problems with this article
a000392,sophia,2020-04-10,yes,NA,yes,NA,yes,NA,1,1,http://dx.doi.org/10.7910/DVN/RJAUNW,yes,NA,https://dataverse.harvard.edu/dataset.xhtml?persistentId=doi:10.7910/DVN/RJAUNW,yes,NA,Harvard Dataverse Network,yes,NA,other,over 100MB file,I didn't have any problems with this article
a000447,sophia,2020-04-10,yes,NA,yes,NA,yes,NA,1,1,https://osf.io/embpx/,yes,NA,https://osf.io/embpx/,yes,NA,OSF,yes,NA,yes,NA,I didn't have any problems with this article
a000548,sophia,2020-04-10,yes,NA,yes,NA,yes,NA,1,1,https://osf.io/cuz8g,yes,NA,https://osf.io/cuz8g,yes,NA,OSF,yes,NA,yes,NA,I didn't have any problems with this article
a000550,sophia,2020-04-10,yes,NA,yes,NA,yes,NA,1,1,http://dx.doi.org/10.23668/psycharchives.2367,yes,NA,https://www.psycharchives.org/handle/20.500.12034/1999,yes,NA,PhyscArchives,yes,NA,yes,NA,I didn't have any problems with this article
a000743,sophia,2020-04-10,yes,NA,yes,NA,yes,NA,1,1,https://osf.io/7ugsk/,yes,NA,https://osf.io/7ugsk/,yes,NA,OSF,yes,NA,yes,NA,I didn't have any problems with this article
a000772,sophia,2020-04-11,yes,NA,yes,NA,yes,NA,1,1,https://osf.io/43fmu/,yes,NA,https://osf.io/43fmu/,yes,NA,OSF,yes,NA,yes,NA,I didn't have any problems with this article
a000818,sophia,2020-04-11,yes,NA,yes,NA,yes,NA,1,1,https://osf.io/pnr8s/?view_only=75ef6bf7b5244202a504b9150061157f,yes,NA,https://osf.io/pnr8s/?view_only=75ef6bf7b5244202a504b9150061157f,yes,NA,OSF,yes,NA,yes,NA,I didn't have any problems with this article
a000875,sophia,2020-04-11,yes,NA,yes,NA,yes,NA,1,1,https://osf.io/yub2m,yes,NA,https://osf.io/yub2m,yes,NA,OSF,yes,NA,yes,NA,"there was a second link in the article but it led only to the materials and procedures, not the data, and was therefore not included"
a000900,sophia,2020-04-11,yes,NA,yes,NA,yes,NA,1,1,https://osf.io/e2yza/,yes,NA,https://osf.io/e2yza/,yes,NA,OSF,yes,NA,yes,NA,I didn't have any problems with this article
a000965,sophia,2020-04-11,yes,NA,yes,NA,yes,NA,1,1,https://osf.io/b6n8t/,yes,NA,https://accounts.osf.io/login?service=https://osf.io/b6n8t/,yes,NA,OSF,other,requres an OSF sign in account,no,NA,required an account
a001035,sophia,2020-04-11,yes,NA,yes,NA,yes,NA,1,1,https://osf.io/g3dfy/,no,OSF page not found' error,NA,NA,NA,NA,NA,NA,NA,NA,page not found
a001166,sophia,2020-04-11,yes,NA,yes,NA,yes,NA,1,1,https://doi.org/10.7910/DVN/PGCVDP,yes,NA,https://dataverse.harvard.edu/dataset.xhtml?persistentId=doi:10.7910/DVN/PGCVDP,yes,NA,Harvard Dataverse Network,yes,NA,yes,NA,I didn't have any problems with this article
a001168,sophia,2020-04-11,yes,NA,yes,NA,yes,NA,1,1,https://osf.io/rs32a/?view_only=1b0901ea36124e2998fe5511bee58c02,yes,NA,https://osf.io/rs32a/?view_only=1b0901ea36124e2998fe5511bee58c02,yes,NA,OSF,yes,NA,yes,NA,I didn't have any problems with this article
a001226,sophia,2020-04-11,yes,NA,yes,NA,yes,NA,1,1,https://osf.io/nzp8t,yes,NA,https://osf.io/nzp8t,yes,NA,OSF,yes,NA,yes,NA,I didn't have any problems with this article
a001321,sophia,2020-04-11,yes,NA,yes,NA,yes,NA,1,1,https://osf.io/dmbkw/,yes,NA,https://osf.io/dmbkw,yes,NA,OSF,yes,NA,yes,NA,I didn't have any problems with this article
a001374,sophia,2020-04-11,yes,NA,yes,NA,yes,NA,1,1,https://osf.io/9cndv/,yes,NA,https://osf.io/9cndv,yes,NA,OSF,yes,NA,yes,NA,"there was a second link in the article but it led only to the materials and procedures, not the data, and was therefore not included"
a001378,sophia,2020-04-11,yes,NA,yes,NA,yes,NA,1,1,https://osf.io/cbjps/,yes,NA,https://osf.io/cbjps,yes,NA,OSF,yes,NA,yes,NA,I didn't have any problems with this article
a001388,sophia,2020-04-11,yes,NA,yes,NA,yes,NA,1,1,https://osf.io/pwy9r/,yes,NA,https://osf.io/pwy9r/,yes,NA,OSF,yes,NA,yes,NA,I didn't have any problems with this article
a001393,sophia,2020-04-11,yes,NA,yes,NA,yes,NA,1,1,https://osf.io/s5rfu/,yes,NA,https://osf.io/s5rfu/,yes,NA,OSF,yes,NA,yes,NA,I didn't have any problems with this article
a001440,sophia,2020-04-11,yes,NA,yes,NA,yes,NA,1,1,http://dx.doi.org/10.7910/DVN/EBF7XW.,yes,NA,https://dataverse.harvard.edu/dataset.xhtml?persistentId=doi:10.7910/DVN/EBF7XW,yes,NA,Harvard Dataverse Network,yes,NA,yes,NA,I didn't have any problems with this article
a001458,sophia,2020-04-11,yes,NA,yes,NA,yes,NA,1,1,http://dx.doi.org/10.23668/psycharchives.790,yes,NA,https://www.psycharchives.org/handle/20.500.12034/584,yes,NA,PsychArchives,yes,NA,yes,NA,I didn't have any problems with this article
a001466,sophia,2020-04-11,yes,NA,yes,NA,yes,NA,1,1,https://osf.io/register/%20https://osf.io/jpbnu/?view_only%20=%202ba7656345b94dacaf1210e8185a5967,no,"""OSF Page not found"" error",NA,NA,NA,NA,NA,NA,NA,NA,page not found
a001502,sophia,2020-04-11,yes,NA,yes,NA,yes,NA,1,1,https://osf.io/c6wm5/,yes,NA,https://osf.io/c6wm5/,yes,NA,OSF,yes,NA,yes,NA,"there was a second link in the article but it led only to the materials and procedures, not the data, and was therefore not included"
a001512,sophia,2020-04-11,yes,NA,yes,NA,yes,NA,2,1,http://tinyurl.com/hwmo9t6,yes,NA,https://osf.io/f7qbp/?view_only=d03edf108c9f424ba7ba1066929a9400,yes,NA,OSF,yes,NA,yes,NA,I didn't have any problems with this article
a001512,sophia,2020-04-11,yes,NA,yes,NA,yes,NA,2,2,http://tinyurl.com/zvgu6hh,yes,NA,https://osf.io/v8kpt/?view_only=c0217f1a298d442e92bb98bbc39465e8,yes,NA,OSF,yes,NA,yes,NA,I didn't have any problems with this article
a001559,sophia,2020-04-11,yes,NA,yes,NA,yes,NA,1,1,https://doi.org/10.17605/osf.io/rq4fv,yes,NA,https://osf.io/rq4fv/,yes,NA,OSF,yes,NA,yes,NA,I didn't have any problems with this article
a001578,sophia,2020-04-11,yes,NA,yes,NA,yes,NA,1,1,https://osf.io/8cktf/,yes,NA,https://osf.io/8cktf/,yes,NA,OSF,yes,NA,yes,NA,I didn't have any problems with this article
a001585,sophia,2020-04-11,yes,NA,yes,NA,yes,NA,1,1,https://osf.io/3z8xa/,yes,NA,https://osf.io/3z8xa/,yes,NA,OSF,yes,NA,other,data was over 100MB,I didn't have any problems with this article
a001611,sophia,2020-04-11,yes,NA,yes,NA,yes,NA,1,1,https://osf.io/bdnqr/,yes,NA,https://osf.io/bdnqr/,yes,NA,OSF,yes,NA,yes,NA,"there was a link to supplementary data, but this was not included"
a001615,sophia,2020-04-11,yes,NA,yes,NA,yes,NA,1,1,https://osf.io/vj9ts/,yes,NA,https://osf.io/vj9ts/,yes,NA,OSF,yes,NA,yes,NA,I didn't have any problems with this article
a001622,sophia,2020-04-11,yes,NA,yes,NA,yes,NA,1,1,https://osf.io/yiupc/,yes,NA,https://osf.io/yiupc/,yes,NA,OSF,yes,NA,yes,NA,I didn't have any problems with this article
a000061,sophia,2020-04-16,yes,NA,yes,NA,yes,NA,1,1,https://osf.io/w2xsr/,yes,NA,https://osf.io/w2xsr/,yes,NA,OSF,yes,NA,yes,NA,I didn't have any problems with this article
a000089,sophia,2020-04-16,yes,NA,yes,NA,yes,NA,1,1,https://osf.io/3htpj/,yes,NA,https://osf.io/3htpj/,yes,NA,OSF,yes,NA,yes,NA,"There was a separate link for design and analysis plans, but this was not included."
a000127,sophia,2020-04-16,yes,NA,yes,NA,yes,NA,1,1,https://osf.io/ezqft/,yes,NA,https://osf.io/ezqft/,yes,NA,OSF,yes,NA,yes,NA,There was a separate link for the materials which was not inlcuded here.
a000170,sophia,2020-04-16,yes,NA,yes,NA,yes,NA,1,1,https://osf.io/23gc4/,yes,NA,https://osf.io/23gc4/,yes,NA,OSF,yes,NA,yes,NA,I didn't have any problems with this article
a000221,sophia,2020-04-16,yes,NA,yes,NA,yes,NA,1,1,https://osf.io/syjhd/,yes,NA,https://osf.io/syjhd/,yes,NA,OSF,yes,NA,other,data file over 100MB,I didn't have any problems with this article
a000238,sophia,2020-04-16,yes,NA,yes,NA,yes,NA,1,1,https://doi.org/10.7910/DVN/7190MT,yes,NA,https://dataverse.harvard.edu/dataset.xhtml?persistentId=doi:10.7910/DVN/7190MT,yes,NA,Harvard Dataverse Network,yes,NA,yes,NA,I didn't have any problems with this article
a000295,sophia,2020-04-16,yes,NA,yes,NA,yes,NA,2,1,https://osf.io/57zkv/,yes,NA,https://osf.io/57zkv/,yes,NA,OSF,yes,NA,yes,NA,I didn't have any problems with this article
a000295,sophia,2020-04-16,yes,NA,yes,NA,yes,NA,2,2,https://www.iris-database.org,yes,NA,https://www.iris-database.org/iris/app/home/index;jsessionid=DEF914500691025AF1156FF411BEC760,yes,NA,IRIS Database,no,NA,NA,NA,This links to the general homepage of the repository
a000298,sophia,2020-04-16,yes,NA,yes,NA,yes,NA,1,1,https://osf.io/8zeqp/,yes,NA,https://osf.io/8zeqp/,yes,NA,OSF,yes,NA,yes,NA,There was a separate link for experiment materials which was not included.
a000344,sophia,2020-04-16,yes,NA,yes,NA,yes,NA,1,1,https://osf.io/8dv5z,yes,NA,https://osf.io/8dv5z,yes,NA,OSF,yes,NA,yes,NA,I didn't have any problems with this article
a000433,sophia,2020-04-16,yes,NA,yes,NA,yes,NA,1,1,https://osf.io/pnvjf/,yes,NA,https://osf.io/pnvjf/,yes,NA,OSF,yes,NA,yes,NA,I didn't have any problems with this article
a000463,sophia,2020-04-16,yes,NA,yes,NA,yes,NA,1,1,https://osf.io/t2wby/,yes,NA,https://osf.io/t2wby/,yes,NA,OSF,yes,NA,yes,NA,I didn't have any problems with this article
a000489,sophia,2020-04-16,yes,NA,yes,NA,yes,NA,1,1,https://osf.io/x8q4j/,yes,NA,https://osf.io/x8q4j,yes,NA,OSF,yes,NA,yes,NA,I didn't have any problems with this article
a000491,sophia,2020-04-16,yes,NA,yes,NA,yes,NA,1,1,1https://osf.io/pzvue/,yes,NA,https://osf.io/pzvue/,yes,NA,OSF,yes,NA,yes,NA,I didn't have any problems with this article
a000565,sophia,2020-04-16,yes,NA,yes,NA,yes,NA,1,1,https://github.com/richarddmorey/nullHistoryAMPPS,yes,NA,https://github.com/richarddmorey/nullHistoryAMPPS,yes,NA,GitHub,yes,NA,yes,NA,I didn't have any problems with this article
a000734,sophia,2020-04-16,yes,NA,yes,NA,yes,NA,1,1,https://osf.io/gjt37,yes,NA,https://osf.io/gjt37,yes,NA,OSF,yes,NA,yes,NA,I didn't have any problems with this article
a000778,sophia,2020-04-16,yes,NA,yes,NA,yes,NA,1,1,https://osf.io/fc8yt/,yes,NA,https://osf.io/fc8yt,yes,NA,OSF,yes,NA,yes,NA,I didn't have any problems with this article
a000789,sophia,2020-04-16,yes,NA,yes,NA,yes,NA,1,1,https://osf.io/fq7mb/,yes,NA,https://osf.io/fq7mb/,yes,NA,OSF,yes,NA,yes,NA,I didn't have any problems with this article
a000850,sophia,2020-04-16,yes,NA,yes,NA,yes,NA,1,1,https://doi.org/10.7910/DVN/RYNSDG,yes,NA,https://dataverse.harvard.edu/dataset.xhtml?persistentId=doi:10.7910/DVN/RYNSDG,yes,NA,Harvard Dataverse Network,yes,NA,yes,NA,I didn't have any problems with this article
a000901,sophia,2020-04-16,yes,NA,yes,NA,yes,NA,1,1,http://dx.doi.org/10.7910/DVN/GZA3GY,yes,NA,https://dataverse.harvard.edu/dataset.xhtml?persistentId=doi:10.7910/DVN/GZA3GY,yes,NA,Harvard Dataverse Network,yes,NA,other,files over 100MB,I didn't have any problems with this article
a000902,sophia,2020-04-16,yes,NA,yes,NA,yes,NA,1,1,https://osf.io/xq28a/,yes,NA,https://osf.io/xq28a/,yes,NA,OSF,yes,NA,yes,NA,I didn't have any problems with this article
a000950,sophia,2020-04-16,yes,NA,yes,NA,yes,NA,1,1,https://osf.io/32tsq/,yes,NA,https://osf.io/32tsq/,yes,NA,OSF,yes,NA,yes,NA,I didn't have any problems with this article
a000988,sophia,2020-04-16,yes,NA,yes,NA,yes,NA,1,1,https://osf.io/n8wg4/?view_only=55de4fda913d450899e95c3052dcf79b,yes,NA,https://osf.io/n8wg4/?view_only=55de4fda913d450899e95c3052dcf79b,yes,NA,OSF,yes,NA,yes,NA,I didn't have any problems with this article
a001020,sophia,2020-04-16,yes,NA,yes,NA,yes,NA,1,1,https://osf.io/rh8pv/,yes,NA,https://osf.io/rh8pv/,yes,NA,OSF,yes,NA,yes,NA,I didn't have any problems with this article
a001082,sophia,2020-04-16,yes,NA,yes,NA,yes,NA,1,1,https://osf.io/m3x2b/,yes,NA,https://osf.io/m3x2b/,yes,NA,OSF,yes,NA,yes,NA,I didn't have any problems with this article
a001100,sophia,2020-04-16,yes,NA,yes,NA,yes,NA,1,1,https://madata.bib.uni-mannheim.de/266/,yes,NA,https://madata.bib.uni-mannheim.de/266/,yes,NA,Mannheim Research Data Repository,yes,NA,other,"When I clicked on the files, they opened the data on a blank webpage, but I wasn't able to download the data as a separate file.",NA
a001146,sophia,2020-04-16,yes,NA,yes,NA,yes,NA,1,1,https://osf.io/zhf98/,yes,NA,https://osf.io/zhf98/,yes,NA,OSF,yes,NA,yes,NA,"There were two other OSF links, but they led to the pre-registration documents."
a001195,sophia,2020-04-16,yes,NA,yes,NA,yes,NA,1,1,https://www.iris-database.org/iris/app/home/detail?id=york:934337,yes,NA,https://www.iris-database.org/iris/app/home/detail?id=york:934337,yes,NA,IRIS Database,yes,NA,yes,NA,I didn't have any problems with this article
a001211,sophia,2020-04-16,yes,NA,yes,NA,yes,NA,1,1,http://doi.org/10.7910/DVN/PL2XFD,yes,NA,https://dataverse.harvard.edu/dataset.xhtml?persistentId=doi:10.7910/DVN/PL2XFD,yes,NA,Harvard Dataverse Network,yes,NA,other,data files over 100MB,I didn't have any problems with this article
a001223,sophia,2020-04-16,yes,NA,yes,NA,yes,NA,1,1,https://osf.io/tde3r/,yes,NA,https://osf.io/tde3r/,yes,NA,OSF,yes,NA,yes,NA,I didn't have any problems with this article
a001244,sophia,2020-04-16,yes,NA,yes,NA,yes,NA,1,1,https://osf.io/5cfj6/,yes,NA,https://osf.io/5cfj6/,yes,NA,OSF,yes,NA,yes,NA,I didn't have any problems with this article
a001261,sophia,2020-04-16,yes,NA,yes,NA,yes,NA,1,1,https://osf.io/849kq/,yes,NA,https://osf.io/849kq/,yes,NA,OSF,yes,NA,yes,NA,I didn't have any problems with this article
a001266,sophia,2020-04-16,yes,NA,yes,NA,yes,NA,1,1,https://doi.org/10.7910/DVN/QO6EMT,yes,NA,https://dataverse.harvard.edu/dataset.xhtml?persistentId=doi:10.7910/DVN/QO6EMT,yes,NA,Harvard Dataverse Network,yes,NA,yes,NA,I didn't have any problems with this article
a001268,sophia,2020-04-16,yes,NA,yes,NA,no,NA,NA,NA,NA,NA,NA,NA,NA,NA,NA,NA,NA,NA,NA,The statement says that the raw data is available on the Open Science Framework but no links are provided.
a001277,sophia,2020-04-16,yes,NA,yes,NA,yes,NA,1,1,https://osf.io/45gch/,yes,NA,https://osf.io/45gch/,yes,NA,OSF,yes,NA,yes,NA,I didn't have any problems with this article
a001283,sophia,2020-04-16,yes,NA,yes,NA,yes,NA,1,1,https://osf.io/uk5c7/,yes,NA,https://osf.io/uk5c7/,yes,NA,OSF,yes,NA,yes,NA,"There is a link for the experiment materials, but this was not included."
a001344,sophia,2020-04-16,yes,NA,yes,NA,yes,NA,1,1,https://osf.io/9yxmh/,yes,NA,https://osf.io/9yxmh/,yes,NA,OSF,yes,NA,yes,NA,"There was also a link to supplementary materials, but this was disregarded."
a001348,sophia,2020-04-16,yes,NA,yes,NA,yes,NA,1,1,https://osf.io/nr24b/,yes,NA,https://osf.io/nr24b/,yes,NA,OSF,yes,NA,yes,NA,I didn't have any problems with this article
a001519,sophia,2020-04-16,yes,NA,yes,NA,yes,NA,1,1,osf.io/b9pkj/,yes,NA,https://osf.io/b9pkj,yes,NA,OSF,yes,NA,yes,NA,I didn't have any problems with this article
a001605,sophia,2020-04-16,yes,NA,yes,NA,yes,NA,1,1,http://dx.doi.org/10.7910/DVN/STOQ1Q,yes,NA,https://dataverse.harvard.edu/dataset.xhtml?persistentId=doi:10.7910/DVN/STOQ1Q,yes,NA,Harvard Dataverse Network,yes,NA,yes,NA,I didn't have any problems with this article
a001634,sophia,2020-04-16,yes,NA,yes,NA,yes,NA,2,1,http://midus.colectica.org,yes,NA,https://midus.colectica.org/Account/Login,yes,NA,Colectica,other,requires a log in,no,NA,NA
a001634,sophia,2020-04-16,yes,NA,yes,NA,yes,NA,2,2,http://hrsonline.isr.umich.edu/,yes,NA,http://hrsonline.isr.umich.edu/,other,"Seems to be a website just for the data from the ""Health and Retirement Study"" by the University of Michigan",NA,other,the link leads to a general homepage for the health and retirement study,no,NA,NA
a000010,sophia,2020-04-17,yes,NA,yes,NA,yes,NA,1,1,https://osf.io/6yhmp/,yes,NA,https://osf.io/6yhmp/,yes,NA,OSF,yes,NA,yes,NA,I didn't have any problems with this article
a000031,sophia,2020-04-17,yes,NA,yes,NA,yes,NA,2,1,http://five.dartmouth.edu/datasets,yes,NA,http://five.dartmouth.edu/datasets,yes,NA,FIVES Project,other,requires a log in,no,NA,NA
a000031,sophia,2020-04-17,yes,NA,yes,NA,yes,NA,2,2,https://doi.org/10.25540/3wd8-dffw.,yes,NA,https://scholarbank.nus.edu.sg/handle/10635/150104,yes,NA,NUS Libraries,yes,NA,other,"only allows me to view the files, but not download them",NA
a000040,sophia,2020-04-17,yes,NA,yes,NA,yes,NA,1,1,https://osf.io/fkmbh/,yes,NA,https://osf.io/fkmbh/,yes,NA,OSF,yes,NA,yes,NA,I didn't have any problems with this article
a000044,sophia,2020-04-17,yes,NA,yes,NA,yes,NA,1,1,https://osf.io/2pgtj/,yes,NA,https://osf.io/2pgtj/,yes,NA,OSF,yes,NA,yes,NA,I didn't have any problems with this article
a000054,sophia,2020-04-17,yes,NA,yes,NA,yes,NA,1,1,https://osf.io/hgcet/,yes,NA,https://osf.io/hgcet/,yes,NA,OSF,yes,NA,yes,NA,I didn't have any problems with this article
a000066,sophia,2020-04-17,yes,NA,yes,NA,yes,NA,1,1,https://osf.io/dtgaa/,yes,NA,https://osf.io/dtgaa/,yes,NA,OSF,yes,NA,yes,NA,I didn't have any problems with this article
a000106,sophia,2020-04-17,yes,NA,yes,NA,yes,NA,1,1,https://doi.org/10.7910/DVN/CQXHTH,yes,NA,https://dataverse.harvard.edu/dataset.xhtml?persistentId=doi:10.7910/DVN/CQXHTH,yes,NA,Harvard Dataverse Network,yes,NA,yes,NA,I didn't have any problems with this article
a000112,sophia,2020-04-17,yes,NA,yes,NA,no,NA,NA,NA,NA,NA,NA,NA,NA,NA,NA,NA,NA,NA,NA,Contained no links to data
a000164,sophia,2020-04-17,yes,NA,yes,NA,yes,NA,1,1,osf.io/28gxz,yes,NA,https://osf.io/28gxz/,yes,NA,OSF,yes,NA,other,"one of the files was able to be downloaded, but the other was over 100MB",NA
a000297,sophia,2020-04-17,yes,NA,yes,NA,yes,NA,1,1,https://osf.io/gzyth,yes,NA,https://osf.io/gzyth,yes,NA,OSF,yes,NA,yes,NA,"Two links were given, but one led only to the experiment materials, not data, and was therefore not included."
a000321,sophia,2020-04-17,yes,NA,yes,NA,yes,NA,1,1,https://osf.io/qtsx2/,yes,NA,https://osf.io/qtsx2/,yes,NA,OSF,yes,NA,yes,NA,There were links to materials and supplementary data but these were not included.
a000334,sophia,2020-04-17,yes,NA,yes,NA,yes,NA,1,1,http://dx.doi.org/10.7910,yes,NA,https://dx.doi.org/10.7910,yes,NA,OSF,no,NA,NA,NA,Leads to a DOI Name Values page
a000348,sophia,2020-04-17,yes,NA,yes,NA,yes,NA,1,1,https://doi.org/10.7910/DVN/ZRZGTT,yes,NA,https://dataverse.harvard.edu/dataset.xhtml?persistentId=doi:10.7910/DVN/ZRZGTT,yes,NA,Harvard Dataverse Network,yes,NA,yes,NA,I didn't have any problems with this article
a000364,sophia,2020-04-17,yes,NA,yes,NA,yes,NA,1,1,https://osf.io/pa8jw/,yes,NA,https://osf.io/pa8jw/,yes,NA,OSF,yes,NA,yes,NA,I didn't have any problems with this article
a000368,sophia,2020-04-17,yes,NA,yes,NA,yes,NA,1,1,https://osf.io/akp9n/,yes,NA,https://osf.io/akp9n/,yes,NA,OSF,yes,NA,yes,NA,I didn't have any problems with this article
a000575,sophia,2020-04-17,yes,NA,yes,NA,yes,NA,1,1,https://sc.lib.miamioh.edu/handle/2374.MIA/6254,yes,NA,https://sc.lib.miamioh.edu/handle/2374.MIA/6254,yes,NA,Miami University Libraries,yes,NA,yes,NA,I didn't have any problems with this article
a000586,sophia,2020-04-17,yes,NA,yes,NA,yes,NA,1,1,http://dx.doi.org/10.7910/DVN/PLLBQJ,yes,NA,https://dataverse.harvard.edu/dataset.xhtml?persistentId=doi:10.7910/DVN/PLLBQJ,yes,NA,Harvard Dataverse Network,yes,NA,yes,NA,I didn't have any problems with this article
a000617,sophia,2020-04-17,yes,NA,yes,NA,yes,NA,1,1,https://figshare.com/s/cccac39f891998509c85,yes,NA,https://figshare.com/s/cccac39f891998509c85,yes,NA,Figshare,yes,NA,yes,NA,I didn't have any problems with this article
a000678,sophia,2020-04-17,yes,NA,no,NA,no,NA,NA,NA,NA,NA,NA,NA,NA,NA,NA,NA,NA,NA,NA,NA
a000719,sophia,2020-04-17,yes,NA,yes,NA,yes,NA,1,1,https://osf.io/ah54c/,yes,NA,https://osf.io/ah54c/,yes,NA,OSF,yes,NA,yes,NA,I didn't have any problems with this article
a000777,sophia,2020-04-17,yes,NA,yes,NA,yes,NA,1,1,http://dx.doi.org/10.7910/DVN/LWED0F,no,"""DOI not found"" page",NA,NA,NA,NA,NA,NA,NA,NA,NA
a000827,sophia,2020-04-17,yes,NA,yes,NA,yes,NA,1,1,https://osf.io/w24dm/,yes,NA,https://osf.io/w24dm,yes,NA,OSF,yes,NA,yes,NA,I didn't have any problems with this article
a000863,sophia,2020-04-17,yes,NA,yes,NA,yes,NA,1,1,https://osf.io/v4qys/,yes,NA,https://osf.io/v4qys/,yes,NA,OSF,yes,NA,yes,NA,I didn't have any problems with this article
a000876,sophia,2020-04-17,yes,NA,yes,NA,yes,NA,1,1,https://osf.io/uane6/,yes,NA,https://osf.io/uane6/,yes,NA,OSF,yes,NA,yes,NA,I didn't have any problems with this article
a000947,sophia,2020-04-17,yes,NA,yes,NA,yes,NA,1,1,https://osf.io/4492y,yes,NA,https://osf.io/4492y,yes,NA,OSF,yes,NA,yes,NA,I didn't have any problems with this article
a000957,sophia,2020-04-17,yes,NA,yes,NA,yes,NA,1,1,http://www.osf_.io/3wz2j,other,"there is a typo in the document, https://osf.io/3wz2j/ works and leads to the correct repository page",https://osf.io/3wz2j/,yes,NA,OSF,yes,NA,other,"the main data file was over 100MB, but the other two were able to be downloaded.",NA
a001055,sophia,2020-04-17,yes,NA,yes,NA,yes,NA,1,1,https://osf.io/vk4hp/,yes,NA,https://osf.io/vk4hp/,yes,NA,OSF,yes,NA,yes,NA,I didn't have any problems with this article
a001093,sophia,2020-04-17,yes,NA,yes,NA,yes,NA,1,1,https://osf.io/nmydf/,yes,NA,https://osf.io/nmydf/,yes,NA,OSF,yes,NA,other,"one of the two files was over 100MB, but the other file was able to be downloaded",I didn't have any problems with this article
a001221,sophia,2020-04-17,yes,NA,yes,NA,yes,NA,1,1,https://doi.org/10.7910/DVN/BAG0DS,no,"""DOI not found"" page",NA,NA,NA,NA,NA,NA,NA,NA,NA
a001274,sophia,2020-04-17,yes,NA,yes,NA,yes,NA,1,1,https://psy.fsu.edu/~catlab/alienssoa_pub/index.php,yes,NA,https://psy.fsu.edu/~catlab/alienssoa_pub/index.php,yes,NA,Florida State University Directory,yes,NA,other,"2 out of the 3 files were able to be downloaded, but I was not allowed access to one zip file",I didn't have any problems with this article
a001308,sophia,2020-04-18,yes,NA,yes,NA,yes,NA,2,1,https://osf.io/wki3y/,yes,NA,https://osf.io/wki3y/,yes,NA,OSF,yes,NA,yes,NA,I didn't have any problems with this article
a001308,sophia,2020-04-18,yes,NA,yes,NA,yes,NA,2,2,https://osf.io/wki3y/,yes,NA,https://osf.io/wki3y/,yes,NA,OSF,yes,NA,yes,NA,I didn't have any problems with this article
a001337,sophia,2020-04-18,yes,NA,yes,NA,yes,NA,1,1,https://osf.io/reky2/,yes,NA,https://osf.io/reky2,yes,NA,OSF,yes,NA,yes,NA,I didn't have any problems with this article
a001353,sophia,2020-04-18,yes,NA,yes,NA,yes,NA,1,1,https://dataverse.harvard.edu/privateurl.xhtml?token=f8d2d590-6a8e-4df2-9dca-7e3f3813c78c,yes,NA,https://dataverse.harvard.edu/dataset.xhtml;jsessionid=abd175de461ee2e2360cb9c5e62e?persistentId=doi%3A10.7910%2FDVN%2FKHGTVF&version=DRAFT,yes,NA,Harvard Dataverse Network,yes,NA,yes,NA,There was a link to supplementary data that was not included.
a001459,sophia,2020-04-18,yes,NA,yes,NA,yes,NA,1,1,http://doi.org/10.7910/DVN/EL6ZCZ,yes,NA,https://dataverse.harvard.edu/dataset.xhtml?persistentId=doi:10.7910/DVN/EL6ZCZ,yes,NA,Harvard Dataverse Network,yes,NA,yes,NA,I didn't have any problems with this article
a001509,sophia,2020-04-18,yes,NA,yes,NA,yes,NA,1,1,https://doi.org/10.7910/DVN/GTXZ4J,yes,NA,https://dataverse.harvard.edu/dataset.xhtml?persistentId=doi:10.7910/DVN/GTXZ4J,yes,NA,Harvard Dataverse Network,yes,NA,yes,NA,I didn't have any problems with this article
a001534,sophia,2020-04-18,yes,NA,yes,NA,yes,NA,1,1,https://osf.io/aqkgt/,yes,NA,https://osf.io/aqkgt/,yes,NA,OSF,yes,NA,yes,NA,I didn't have any problems with this article
a001618,sophia,2020-04-18,yes,NA,yes,NA,yes,NA,1,1,https://doi.org/10.7910/DVN/8ZJBLI.,yes,NA,https://dataverse.harvard.edu/dataset.xhtml?persistentId=doi:10.7910/DVN/8ZJBLI,yes,NA,Harvard Dataverse Network,yes,NA,yes,NA,I didn't have any problems with this article
a001641,sophia,2020-04-18,yes,NA,yes,NA,yes,NA,1,1,https://osf.io/2xg9u/,yes,NA,https://osf.io/2xg9u/,yes,NA,OSF,yes,NA,yes,NA,I didn't have any problems with this article
a001642,sophia,2020-04-18,yes,NA,yes,NA,yes,NA,1,1,https://osf.io/nquws/files/,yes,NA,https://osf.io/nquws/files/,yes,NA,OSF,yes,NA,yes,NA,I didn't have any problems with this article
a001648,sophia,2020-04-18,yes,NA,yes,NA,yes,NA,1,1,https://osf.io/2qncf/,yes,NA,https://osf.io/2qncf/,yes,NA,OSF,yes,NA,yes,NA,I didn't have any problems with this article
a000024,sophia,2020-04-20,yes,NA,yes,NA,yes,NA,2,1,https://osf.io/jrmk4/,yes,NA,https://osf.io/jrmk4/,yes,NA,OSF,yes,NA,yes,NA,I didn't have any problems with this article
a000024,sophia,2020-04-20,yes,NA,yes,NA,yes,NA,2,2,https://osf.io/z68ku/,yes,NA,https://osf.io/z68ku/,yes,NA,OSF,yes,NA,yes,NA,I didn't have any problems with this article
a000026,sophia,2020-04-20,yes,NA,no,NA,no,NA,NA,NA,NA,NA,NA,NA,NA,NA,NA,NA,NA,NA,NA,NA
a000047,sophia,2020-04-20,yes,NA,yes,NA,yes,NA,1,1,https://osf.io/g3rnt/,yes,NA,https://osf.io/g3rnt/,yes,NA,OSF,yes,NA,yes,NA,I didn't have any problems with this article
a000056,sophia,2020-04-20,yes,NA,yes,NA,yes,NA,1,1,https://osf.io/2b9hn/,yes,NA,https://osf.io/2b9hn,yes,NA,OSF,yes,NA,yes,NA,I didn't have any problems with this article
a000256,sophia,2020-04-20,yes,NA,yes,NA,yes,NA,1,1,https://osf.io/39vsg/,yes,NA,https://osf.io/39vsg/,yes,NA,OSF,yes,NA,yes,NA,I didn't have any problems with this article
a000284,sophia,2020-04-20,yes,NA,yes,NA,yes,NA,1,1,https://doi.org/10.5281/zenodo.2593735,yes,NA,https://zenodo.org/record/2593735,yes,NA,Zenodo,yes,NA,yes,NA,I didn't have any problems with this article
a000305,sophia,2020-04-20,yes,NA,yes,NA,yes,NA,1,1,http://dx.doi.org/10.7910/DVN/LVHIYG,yes,NA,https://dataverse.harvard.edu/dataset.xhtml?persistentId=doi:10.7910/DVN/LVHIYG,yes,NA,Harvard Dataverse Network,yes,NA,yes,NA,I didn't have any problems with this article
a000306,sophia,2020-04-20,yes,NA,yes,NA,yes,NA,1,1,https://osf.io/k8t4b/,yes,NA,https://osf.io/k8t4b/,yes,NA,OSF,yes,NA,yes,NA,I didn't have any problems with this article
a000319,sophia,2020-04-20,yes,NA,yes,NA,yes,NA,1,1,http://doi.org/10.17605/OSF.IO/P49YA,yes,NA,https://osf.io/p49ya/,yes,NA,OSF,yes,NA,yes,NA,I didn't have any problems with this article
a000474,sophia,2020-04-20,yes,NA,yes,NA,yes,NA,1,1,https://osf.io/8yufm,yes,NA,https://osf.io/8yufm,yes,NA,OSF,yes,NA,yes,NA,I didn't have any problems with this article
a000560,sophia,2020-04-20,yes,NA,yes,NA,yes,NA,1,1,https://osf.io/ck22q/,yes,NA,https://osf.io/ck22q/,yes,NA,OSF,yes,NA,yes,NA,I didn't have any problems with this article
a000639,sophia,2020-04-20,yes,NA,other,"the article only had the words ""Open data"" which itself was a hyperlink. Does this count as a ""statement?""",yes,NA,1,1,https://osf.io/3r2q9/,yes,NA,https://osf.io/3r2q9/,yes,NA,OSF,yes,NA,yes,NA,I didn't have any problems with this article
a000664,sophia,2020-04-20,yes,NA,yes,NA,yes,NA,1,1,https://osf.io/487v9/?view_only=dd53baba3ed945649cda7314fb10a957,yes,NA,https://osf.io/487v9/?view_only=dd53baba3ed945649cda7314fb10a957,yes,NA,OSF,yes,NA,yes,NA,I didn't have any problems with this article
a000673,sophia,2020-04-20,yes,NA,yes,NA,yes,NA,1,1,https://doi.org/10.7910/DVN/HI1X4O,yes,NA,https://dataverse.harvard.edu/dataset.xhtml?persistentId=doi:10.7910/DVN/HI1X4O,yes,NA,Harvard Dataverse Network,yes,NA,other,zip file was over 100MB,I didn't have any problems with this article
a000728,sophia,2020-04-20,yes,NA,yes,NA,yes,NA,1,1,https://osf.io/r8a24/,yes,NA,https://osf.io/r8a24/,yes,NA,OSF,yes,NA,yes,NA,I didn't have any problems with this article
a000769,sophia,2020-04-20,yes,NA,yes,NA,yes,NA,1,1,https://doi.org/10.1016/j.jesp.2017.12.003,yes,NA,https://www.sciencedirect.com/science/article/abs/pii/S0022103117301658?via%3Dihub#ec-research-data,yes,NA,ScienceDirect,yes,NA,yes,NA,"The link for this entry was listed under ""Supplementary data"". However, the link led to a repository page with the article data."
a000812,sophia,2020-04-20,yes,NA,yes,NA,yes,NA,1,1,https://osf.io/7vef5/,yes,NA,https://osf.io/7vef5/,yes,NA,OSF,yes,NA,yes,NA,I didn't have any problems with this article
a000845,sophia,2020-04-20,yes,NA,yes,NA,yes,NA,1,1,https://www.iris-database.org,yes,NA,https://www.iris-database.org/iris/app/home/index;jsessionid=922D67DCE96ADC3EEBE163426726A9DC,yes,NA,IRIS Database,other,the link led to the IRIS homepage,no,NA,I didn't have any problems with this article
a000940,sophia,2020-04-20,yes,NA,yes,NA,yes,NA,1,1,https://osf.io/ea99d/,yes,NA,https://osf.io/ea99d/,yes,NA,OSF,yes,NA,other,one of the files was over 100MB so only one file was put into the data folder,I didn't have any problems with this article
a000964,sophia,2020-04-20,yes,NA,yes,NA,yes,NA,1,1,https://osf.io/s5pv8/,yes,NA,https://osf.io/s5pv8/,yes,NA,OSF,yes,NA,yes,NA,I didn't have any problems with this article
a001007,sophia,2020-04-20,yes,NA,yes,NA,yes,NA,1,1,https://osf.io/m64ue/,yes,NA,https://osf.io/m64ue/,yes,NA,OSF,yes,NA,other,both of the files were over 100MB,I didn't have any problems with this article
a001045,sophia,2020-04-20,yes,NA,yes,NA,yes,NA,1,1,https://osf.io/vgmjs/,yes,NA,https://osf.io/vgmjs/,yes,NA,OSF,yes,NA,yes,NA,I didn't have any problems with this article
a001062,sophia,2020-04-22,yes,NA,yes,NA,yes,NA,1,1,https://datadryad.org/stash/dataset/doi:10.5061/dryad.g7b40,yes,NA,https://datadryad.org/stash/dataset/doi:10.5061/dryad.g7b40,yes,NA,Dryad,yes,NA,yes,NA,I didn't have any problems with this article
a001115,sophia,2020-04-22,yes,NA,yes,NA,yes,NA,1,1,osf.io/g2t36,yes,NA,https://osf.io/g2t36/,yes,NA,OSF,yes,NA,yes,NA,I didn't have any problems with this article
a001140,sophia,2020-04-22,yes,NA,yes,NA,yes,NA,1,1,https://osf.io/t28bw/,yes,NA,https://osf.io/t28bw/,yes,NA,OSF,yes,NA,yes,NA,I didn't have any problems with this article
a001279,sophia,2020-04-22,yes,NA,yes,NA,yes,NA,1,1,https://doi.org/10.7910/DVN/YWZBUJ,yes,NA,https://dataverse.harvard.edu/dataset.xhtml?persistentId=doi:10.7910/DVN/YWZBUJ,yes,NA,Harvard Dataverse Network,yes,NA,yes,NA,I didn't have any problems with this article
a001313,sophia,2020-04-22,yes,NA,yes,NA,yes,NA,1,1,https://osf.io/uqh5d/,yes,NA,https://osf.io/uqh5d/,yes,NA,OSF,yes,NA,yes,NA,I didn't have any problems with this article
a001361,sophia,2020-04-22,yes,NA,yes,NA,yes,NA,1,1,https://osf.io/efjd6/,yes,NA,https://osf.io/efjd6/,yes,NA,OSF,yes,NA,other,file over 100MB,I didn't have any problems with this article
a001391,sophia,2020-04-22,yes,NA,yes,NA,yes,NA,1,1,https://osf.io/2nj9h/,yes,NA,https://osf.io/2nj9h/,yes,NA,OSF,yes,NA,yes,NA,I didn't have any problems with this article
a001437,sophia,2020-04-22,yes,NA,yes,NA,yes,NA,1,1,https://osf.io/2bfkt/?view_only=1fee156afa004d37ba3e48f189fba097,yes,NA,https://osf.io/2bfkt/?view_only=1fee156afa004d37ba3e48f189fba097,yes,NA,OSF,yes,NA,other,files over 100MB,I didn't have any problems with this article
a001455,sophia,2020-04-22,yes,NA,other,article had the phrase 'Open data' which was the hyperlink to the data,yes,NA,1,1,https://dataverse.harvard.edu/dataset.xhtml?persistentId=doi:10.7910/DVN/BFSGZI,yes,NA,https://dataverse.harvard.edu/dataset.xhtml?persistentId=doi:10.7910/DVN/BFSGZI,yes,NA,Harvard Dataverse Network,yes,NA,yes,NA,I didn't have any problems with this article
a001485,sophia,2020-04-22,yes,NA,yes,NA,yes,NA,1,1,https://osf.io/xrk6j/,yes,NA,https://osf.io/xrk6j/,yes,NA,OSF,yes,NA,yes,NA,I didn't have any problems with this article
a001505,sophia,2020-04-22,yes,NA,yes,NA,yes,NA,1,1,https://osf.io/5t6fs/,yes,NA,https://osf.io/5t6fs/,yes,NA,OSF,yes,NA,yes,NA,There was another link for the article's materials but this was not included/
a001522,sophia,2020-04-22,yes,NA,yes,NA,yes,NA,1,1,https://osf.io/ws3j9/,yes,NA,https://osf.io/ws3j9/,yes,NA,OSF,yes,NA,other,all experiment files were over 100MB,I didn't have any problems with this article
a001586,sophia,2020-04-22,yes,NA,yes,NA,yes,NA,1,1,https://osf.io/4e7hr/,yes,NA,https://osf.io/4e7hr/,yes,NA,OSF,yes,NA,yes,NA,I didn't have any problems with this article
a001597,sophia,2020-04-22,yes,NA,yes,NA,yes,NA,1,1,https://osf.io/bjpe3/,yes,NA,https://osf.io/bjpe3,yes,NA,OSF,yes,NA,yes,NA,I didn't have any problems with this article
a001602,sophia,2020-04-22,yes,NA,yes,NA,yes,NA,1,1,https://doi.org/10.7910/DVN/PGGBB4,yes,NA,https://dataverse.harvard.edu/dataset.xhtml?persistentId=doi:10.7910/DVN/PGGBB4,yes,NA,Harvard Dataverse Network,yes,NA,yes,NA,I didn't have any problems with this article
a001644,sophia,2020-04-22,yes,NA,yes,NA,yes,NA,1,1,https://osf.io/f54qe/,yes,NA,https://osf.io/f54qe,yes,NA,OSF,yes,NA,yes,NA,I didn't have any problems with this article
a001645,sophia,2020-04-22,yes,NA,yes,NA,yes,NA,1,1,https://osf.io/bpwf8,yes,NA,https://osf.io/bpwf8,yes,NA,OSF,yes,NA,yes,NA,I didn't have any problems with this article
a000011,sophia,2020-04-24,yes,NA,yes,NA,yes,NA,1,1,https://www.ukbiobank.ac.uk/,yes,NA,https://www.ukbiobank.ac.uk/,yes,NA,UK BioBank,other,leads to the repository home page,no,NA,"There was another link to ""data scripts"" but this led to an OSF page with the code used to process the data, and was excluded."
a000019,sophia,2020-04-24,yes,NA,yes,NA,yes,NA,1,1,https://doi.org/10.17605/OSF.IO/YVE8F,yes,NA,https://osf.io/yve8f/,yes,NA,OSF,yes,NA,yes,NA,I didn't have any problems with this article
a000020,sophia,2020-04-24,yes,NA,yes,NA,yes,NA,1,1,http://reshare.ukdataservice.ac.uk/852658/,yes,NA,http://reshare.ukdataservice.ac.uk/852658/,yes,NA,UK Data Service,yes,NA,yes,NA,I didn't have any problems with this article
a000035,sophia,2020-04-24,yes,NA,yes,NA,yes,NA,1,1,https://osf.io/9tu5r/,yes,NA,https://osf.io/9tu5r/,yes,NA,OSF,yes,NA,yes,NA,I didn't have any problems with this article
a000057,sophia,2020-04-24,yes,NA,yes,NA,yes,NA,1,1,https://osf.io/pqf9r/,yes,NA,https://osf.io/pqf9r/,yes,NA,OSF,yes,NA,yes,NA,I didn't have any problems with this article
a000169,sophia,2020-04-24,yes,NA,yes,NA,yes,NA,1,1,https://osf.io/4cg2s/,yes,NA,https://osf.io/4cg2s/,yes,NA,OSF,yes,NA,yes,NA,I didn't have any problems with this article
a000276,sophia,2020-04-24,yes,NA,yes,NA,yes,NA,1,1,https://osf.io/x25ea/,yes,NA,https://osf.io/x25ea/,yes,NA,OSF,yes,NA,yes,NA,I didn't have any problems with this article
a000300,sophia,2020-04-24,yes,NA,yes,NA,yes,NA,2,1,https://osf.io/4rs5x/,yes,NA,https://osf.io/4rs5x/,yes,NA,OSF,yes,NA,yes,NA,I didn't have any problems with this article
a000300,sophia,2020-04-24,yes,NA,yes,NA,yes,NA,2,2,https://osf.io/9tm36/,no,"""Resource deleted""",NA,NA,NA,NA,NA,NA,NA,NA,I didn't have any problems with this article
a000331,sophia,2020-04-24,yes,NA,yes,NA,yes,NA,1,1,http://dx.doi.org/10.7910/DVN/ZFLG25,yes,NA,https://dataverse.harvard.edu/dataset.xhtml?persistentId=doi:10.7910/DVN/ZFLG25,yes,NA,Harvard Dataverse Network,yes,NA,yes,NA,I didn't have any problems with this article
a000352,sophia,2020-04-24,yes,NA,yes,NA,yes,NA,1,1,https://doi.org/10.7910/DVN/RLLL1V,yes,NA,https://dataverse.harvard.edu/dataset.xhtml?persistentId=doi:10.7910/DVN/RLLL1V,yes,NA,Harvard Dataverse Network,yes,NA,other,file over 100MB,I didn't have any problems with this article
a000363,sophia,2020-04-24,yes,NA,yes,NA,yes,NA,1,1,https://osf.io/6akvt/files/,yes,NA,https://osf.io/6akvt/files/,yes,NA,OSF,yes,NA,yes,NA,I didn't have any problems with this article
a000497,sophia,2020-04-24,yes,NA,yes,NA,yes,NA,1,1,https://zenodo.org/record/2555766,yes,NA,https://zenodo.org/record/2555766,yes,NA,Zenodo,yes,NA,yes,NA,I didn't have any problems with this article
a000503,sophia,2020-04-24,yes,NA,yes,NA,yes,NA,1,1,https://osf.io/cw6y8/?view_only=24a186cebd52441ea0170ed63caf70ab,yes,NA,https://osf.io/cw6y8/?view_only=24a186cebd52441ea0170ed63caf70ab,yes,NA,OSF,yes,NA,yes,NA,There was another link for materials but this was excluded.
a000507,sophia,2020-04-24,yes,NA,yes,NA,yes,NA,1,1,https://osf.io/qcdgp/,yes,NA,https://osf.io/qcdgp/,yes,NA,OSF,yes,NA,yes,NA,I didn't have any problems with this article
a000534,sophia,2020-04-24,yes,NA,yes,NA,yes,NA,1,1,https://osf.io/t46nw/,yes,NA,https://osf.io/t46nw/,yes,NA,OSF,yes,NA,yes,NA,I didn't have any problems with this article
a000572,sophia,2020-04-24,yes,NA,yes,NA,yes,NA,1,1,https://osf.io/u7tkp/,yes,NA,https://osf.io/u7tkp/,yes,NA,OSF,yes,NA,yes,NA,I didn't have any problems with this article
a000646,sophia,2020-04-24,yes,NA,yes,NA,yes,NA,1,1,https://osf.io/zcbp7/,yes,NA,https://osf.io/zcbp7,yes,NA,OSF,yes,NA,yes,NA,I didn't have any problems with this article
a000775,sophia,2020-04-24,yes,NA,yes,NA,yes,NA,1,1,https://osf.io/ef78n/,yes,NA,https://osf.io/ef78n/,yes,NA,OSF,yes,NA,yes,NA,I didn't have any problems with this article
a000787,sophia,2020-04-24,no,NA,yes,NA,yes,NA,1,1,https://osf.io/gm5j6/,yes,NA,https://osf.io/gm5j6/,yes,NA,OSF,yes,NA,yes,NA,I didn't have any problems with this article
a000943,sophia,2020-04-24,yes,NA,yes,NA,yes,NA,1,1,https://doi.org/10.7910/DVN/R3GZZW.,yes,NA,https://dataverse.harvard.edu/dataset.xhtml?persistentId=doi:10.7910/DVN/R3GZZW,yes,NA,Harvard Dataverse Network,yes,NA,yes,NA,I didn't have any problems with this article
a000955,sophia,2020-04-24,yes,NA,yes,NA,yes,NA,1,1,https://www.icpsr.umich.edu/icpsrweb/ICPSR/series/203/studies?archive=ICPSR&sortBy=7,yes,NA,https://www.icpsr.umich.edu/icpsrweb/ICPSR/series/203/studies?archive=ICPSR&sortBy=7,yes,NA,ICPSR,yes,NA,other,"2 out of the 4 files were over 100MB, the other two gave different options for the type of file wanted (e.g. documentation only. Some file types such as SAS required a log in. I was able to download the 'documentation only' files for these two.",NA
a000960,sophia,2020-04-24,yes,NA,yes,NA,yes,NA,1,1,https://osf.io/f2n7c/,yes,NA,https://osf.io/f2n7c/,yes,NA,OSF,yes,NA,yes,NA,I didn't have any problems with this article
a000996,sophia,2020-04-24,yes,NA,yes,NA,no,NA,NA,NA,NA,NA,NA,NA,NA,NA,NA,NA,NA,NA,NA,NA
a001030,sophia,2020-04-24,yes,NA,yes,NA,yes,NA,1,1,https://osf.io/wytek/,yes,NA,https://osf.io/wytek/,yes,NA,OSF,yes,NA,other,file was over 100MB,I didn't have any problems with this article
a001066,sophia,2020-04-24,yes,NA,yes,NA,yes,NA,1,1,http://reshare.ukdataservice.ac.uk/852127/,yes,NA,http://reshare.ukdataservice.ac.uk/852127/,yes,NA,UK Data Service,yes,NA,other,one out of the three files required log in access,I didn't have any problems with this article
a001138,sophia,2020-04-24,yes,NA,yes,NA,yes,NA,3,1,https://osf.io/traf4/,yes,NA,https://osf.io/traf4/,yes,NA,OSF,yes,NA,yes,NA,I didn't have any problems with this article
a001138,sophia,2020-04-24,yes,NA,yes,NA,yes,NA,3,2,https://osf.io/pdy6b/,yes,NA,https://osf.io/pdy6b/,yes,NA,OSF,yes,NA,yes,NA,I didn't have any problems with this article
a001138,sophia,2020-04-24,yes,NA,yes,NA,yes,NA,3,3,https://osf.io/project/s3chz/files/osfstorage/58920befb83f6901f40f7ec4/,yes,NA,https://osf.io/u95vg/,yes,NA,OSF,yes,NA,yes,NA,I didn't have any problems with this article
a001228,sophia,2020-04-24,yes,NA,yes,NA,yes,NA,1,1,https://osf.io/6htsx/,yes,NA,https://osf.io/6htsx/,yes,NA,OSF,yes,NA,other,file was over 100MB,I didn't have any problems with this article
a001340,sophia,2020-04-24,yes,NA,yes,NA,yes,NA,1,1,https://figshare.com/projects/Effects_of_tDCS_over_posterior_parietal_cortex_on_episodic_memory_reconsolidation/64793,yes,NA,https://figshare.com/projects/Effects_of_tDCS_over_posterior_parietal_cortex_on_episodic_memory_reconsolidation/64793,yes,NA,Figshare,yes,NA,yes,NA,I didn't have any problems with this article
a001341,sophia,2020-04-24,yes,NA,yes,NA,yes,NA,1,1,https://osf.io/kewpu/,yes,NA,https://osf.io/kewpu/,yes,NA,OSF,yes,NA,yes,NA,I didn't have any problems with this article
a001368,sophia,2020-04-24,yes,NA,yes,NA,yes,NA,1,1,http://dx.doi.org/10.7910/DVN/K6ZOOW,yes,NA,https://dataverse.harvard.edu/dataset.xhtml?persistentId=doi:10.7910/DVN/K6ZOOW,yes,NA,Harvard Dataverse Network,yes,NA,yes,NA,I didn't have any problems with this article
a001434,sophia,2020-04-24,yes,NA,yes,NA,yes,NA,1,1,https://osf.io/h6dwg/,yes,NA,https://osf.io/h6dwg,yes,NA,OSF,yes,NA,yes,NA,I didn't have any problems with this article
a001460,sophia,2020-04-24,yes,NA,yes,NA,yes,NA,1,1,https://osf.io/b4nvf/,yes,NA,https://osf.io/b4nvf/,yes,NA,OSF,yes,NA,yes,NA,I didn't have any problems with this article
a001506,sophia,2020-04-24,yes,NA,yes,NA,yes,NA,1,1,https://osf.io/zg2su/files/,yes,NA,https://osf.io/zg2su/files/,yes,NA,OSF,yes,NA,yes,NA,I didn't have any problems with this article
a001536,sophia,2020-04-24,yes,NA,yes,NA,yes,NA,1,1,https://osf.io/5ahzj/,yes,NA,https://osf.io/5ahzj/,yes,NA,OSF,yes,NA,yes,NA,I didn't have any problems with this article
a001554,sophia,2020-04-24,yes,NA,yes,NA,yes,NA,1,1,https://doi.org/10.7910/DVN/Y43XZR,yes,NA,https://dataverse.harvard.edu/dataset.xhtml?persistentId=doi:10.7910/DVN/Y43XZR,yes,NA,Harvard Dataverse Network,yes,NA,yes,NA,I didn't have any problems with this article
a001558,sophia,2020-04-24,yes,NA,yes,NA,yes,NA,1,1,https://osf.io/4awze/,yes,NA,https://osf.io/4awze/,yes,NA,OSF,yes,NA,yes,NA,I didn't have any problems with this article
a001561,sophia,2020-04-24,yes,NA,yes,NA,yes,NA,1,1,http://dx.doi:10.7910/DVN/RSD5BV,other,"The link didn't work, but when I changed the colon to .org, it worked.",https://dataverse.harvard.edu/dataset.xhtml?persistentId=doi:10.7910/DVN/RSD5BV,yes,NA,Harvard Dataverse Network,yes,NA,yes,NA,I didn't have any problems with this article
a001596,sophia,2020-04-24,yes,NA,yes,NA,yes,NA,1,1,https://osf.io/tsyrj/,yes,NA,https://osf.io/tsyrj/,yes,NA,OSF,yes,NA,yes,NA,I didn't have any problems with this article
a001646,sophia,2020-04-24,yes,NA,yes,NA,yes,NA,1,1,https://osf.io/83v4u/,yes,NA,https://osf.io/83v4u/,yes,NA,OSF,yes,NA,yes,NA,I didn't have any problems with this article
a001662,sophia,2020-04-24,yes,NA,yes,NA,yes,NA,1,1,https://osf.io/qwy4b,yes,NA,https://osf.io/qwy4b,yes,NA,OSF,yes,NA,yes,NA,I didn't have any problems with this article
a000036,sophia,2020-04-24,yes,NA,yes,NA,yes,NA,1,1,https://osf.io/g9yrc/,yes,NA,https://osf.io/g9yrc/,yes,NA,OSF,yes,NA,yes,NA,I didn't have any problems with this article
a000064,sophia,2020-04-24,yes,NA,yes,NA,yes,NA,1,1,https://osf.io/jpxat/quickfiles/,yes,NA,https://osf.io/jpxat/quickfiles/,yes,NA,OSF,yes,NA,yes,NA,I didn't have any problems with this article
a000077,sophia,2020-04-24,yes,NA,yes,NA,yes,NA,1,1,http://bit.ly/2mLcXyu,yes,NA,https://osf.io/ygy5e/?view_only=eca3d2740b3d4db38e9db0c67083861b,yes,NA,OSF,yes,NA,yes,NA,I didn't have any problems with this article
a000080,sophia,2020-04-24,yes,NA,yes,NA,yes,NA,1,1,https://osf.io/4x8tn/,yes,NA,https://osf.io/4x8tn/,yes,NA,OSF,yes,NA,yes,NA,I didn't have any problems with this article
a000093,sophia,2020-04-24,yes,NA,yes,NA,yes,NA,1,1,https://osf.io/uyadw/,yes,NA,https://osf.io/uyadw/,yes,NA,OSF,yes,NA,yes,NA,I didn't have any problems with this article
a000096,sophia,2020-04-24,yes,NA,yes,NA,yes,NA,1,1,https://osf.io/9246v/,yes,NA,https://osf.io/9246v/,yes,NA,OSF,yes,NA,yes,NA,I didn't have any problems with this article
a000144,sophia,2020-04-24,yes,NA,yes,NA,yes,NA,1,1,https://doi.org/10.7910/DVN/EZSJ1S,yes,NA,https://dataverse.harvard.edu/dataset.xhtml?persistentId=doi:10.7910/DVN/EZSJ1S,yes,NA,Harvard Dataverse Network,yes,NA,yes,NA,I didn't have any problems with this article
a000167,sophia,2020-04-24,yes,NA,yes,NA,yes,NA,1,1,https://osf.io/b45vq/,yes,NA,https://osf.io/b45vq/,yes,NA,OSF,yes,NA,yes,NA,I didn't have any problems with this article
a000207,sophia,2020-04-24,yes,NA,yes,NA,yes,NA,1,1,https://osf.io/bx8zv/,yes,NA,https://osf.io/bx8zv/,yes,NA,OSF,yes,NA,yes,NA,I didn't have any problems with this article
a000250,sophia,2020-04-24,yes,NA,yes,NA,yes,NA,1,1,http://dx.doi.org/10.7910/DVN/TZRNKD,yes,NA,https://dataverse.harvard.edu/dataset.xhtml?persistentId=doi:10.7910/DVN/TZRNKD,yes,NA,Harvard Dataverse Network,yes,NA,other,zip file was over 100MB,I didn't have any problems with this article
a000264,sophia,2020-04-24,yes,NA,yes,NA,yes,NA,1,1,https://osf.io/kszge/,yes,NA,https://osf.io/kszge/,yes,NA,OSF,yes,NA,yes,NA,I didn't have any problems with this article
a000302,sophia,2020-04-24,yes,NA,yes,NA,yes,NA,1,1,https://doi.org/10.7910/DVN/9AWUYJ,yes,NA,https://dataverse.harvard.edu/dataset.xhtml?persistentId=doi:10.7910/DVN/9AWUYJ,yes,NA,Harvard Dataverse Network,yes,NA,yes,NA,I didn't have any problems with this article
a000313,sophia,2020-04-24,yes,NA,yes,NA,yes,NA,1,1,https://osf.io/rhju9/,yes,NA,https://osf.io/rhju9/,yes,NA,OSF,yes,NA,yes,NA,I didn't have any problems with this article
a000328,sophia,2020-04-24,yes,NA,yes,NA,yes,NA,1,1,https://osf.io/usfa5/?view_only=1f2e1994fc6247548499f47de64a2650,yes,NA,https://osf.io/usfa5/?view_only=1f2e1994fc6247548499f47de64a2650,yes,NA,OSF,yes,NA,yes,NA,I didn't have any problems with this article
a000483,sophia,2020-04-24,yes,NA,yes,NA,yes,NA,1,1,https://osf.io/tewvk/,yes,NA,https://osf.io/tewvk/,yes,NA,OSF,yes,NA,yes,NA,I didn't have any problems with this article
a000514,sophia,2020-04-24,yes,NA,yes,NA,yes,NA,1,1,https://osf.io/dwza4/,yes,NA,https://osf.io/dwza4/,yes,NA,OSF,yes,NA,yes,NA,I didn't have any problems with this article
a000682,sophia,2020-04-24,yes,NA,yes,NA,yes,NA,1,1,https://osf.io/7gvkt/,yes,NA,https://osf.io/7gvkt/,yes,NA,OSF,yes,NA,yes,NA,I didn't have any problems with this article
a000688,sophia,2020-04-24,yes,NA,yes,NA,yes,NA,1,1,https://iris-database.org,yes,NA,https://iris-database.org/iris/app/home/index;jsessionid=7C12F018F2CB4D304C0F4F45AB231D2D,yes,NA,IRIS repository,other,led to the IRIS homepage,no,NA,I didn't have any problems with this article
a000832,sophia,2020-04-24,yes,NA,yes,NA,yes,NA,1,1,https://osf.io/md9fk/,yes,NA,https://osf.io/md9fk/,yes,NA,OSF,yes,NA,yes,NA,I didn't have any problems with this article
a000857,sophia,2020-04-24,yes,NA,yes,NA,yes,NA,1,1,http://doi.org/10.7910/DVN/CPVIOF,yes,NA,http://doi.org/10.7910/DVN/CPVIOF.,yes,NA,Harvard Dataverse Network,yes,NA,other,xip file was over 100MB,I didn't have any problems with this article
a000872,sophia,2020-04-24,yes,NA,yes,NA,yes,NA,3,1,https://osf.io/mrq5g/,yes,NA,https://osf.io/mrq5g/,yes,NA,OSF,yes,NA,yes,NA,I didn't have any problems with this article
a000872,sophia,2020-04-24,yes,NA,yes,NA,yes,NA,3,2,https://osf.io/965xu/,yes,NA,https://osf.io/965xu/,yes,NA,OSF,yes,NA,yes,NA,I didn't have any problems with this article
a000872,sophia,2020-04-24,yes,NA,yes,NA,yes,NA,3,3,https://osf.io/q8zx3/,yes,NA,https://osf.io/q8zx3/,yes,NA,OSF,yes,NA,yes,NA,I didn't have any problems with this article
a000949,sophia,2020-04-24,yes,NA,yes,NA,yes,NA,1,1,https://osf.io/r6idy/,yes,NA,https://osf.io/r6idy,yes,NA,OSF,yes,NA,yes,NA,I didn't have any problems with this article
a000958,sophia,2020-04-24,yes,NA,yes,NA,yes,NA,1,1,https://doi.org/10.7910/DVN/XKC4R4,yes,NA,https://doi.org/10.7910/DVN/XKC4R4.,yes,NA,Harvard Dataverse Network,yes,NA,yes,NA,I didn't have any problems with this article
a001003,sophia,2020-04-24,yes,NA,yes,NA,yes,NA,1,1,https://osf.io/dp2aq,yes,NA,https://osf.io/dp2aq,yes,NA,OSF,yes,NA,yes,NA,I didn't have any problems with this article
a001008,sophia,2020-04-24,yes,NA,yes,NA,yes,NA,1,1,https://osf.io/9e3a9/,yes,NA,https://osf.io/9e3a9/,yes,NA,OSF,yes,NA,yes,NA,I didn't have any problems with this article
a001024,sophia,2020-04-24,yes,NA,yes,NA,yes,NA,1,1,https://osf.io/9zpaj/,yes,NA,https://osf.io/9zpaj/,yes,NA,OSF,yes,NA,yes,NA,I didn't have any problems with this article
a001070,sophia,2020-04-24,yes,NA,yes,NA,yes,NA,1,1,https://osf.io/q6gbw/,yes,NA,https://osf.io/q6gbw/,yes,NA,OSF,yes,NA,yes,NA,I didn't have any problems with this article
a001084,sophia,2020-04-24,yes,NA,yes,NA,yes,NA,1,1,https://doi.org/10.7910/DVN/O6VHZZ,yes,NA,https://dataverse.harvard.edu/dataset.xhtml?persistentId=doi:10.7910/DVN/O6VHZZ,yes,NA,Harvard Dataverse Network,yes,NA,yes,NA,I didn't have any problems with this article
a001088,sophia,2020-04-24,yes,NA,yes,NA,yes,NA,1,1,https://osf.io/fy5dk,yes,NA,https://osf.io/fy5dk,yes,NA,OSF,yes,NA,yes,NA,I didn't have any problems with this article
a001201,sophia,2020-04-24,yes,NA,yes,NA,yes,NA,1,1,https://osf.io/9gyvd/,yes,NA,https://osf.io/9gyvd/,yes,NA,OSF,yes,NA,yes,NA,I didn't have any problems with this article
a001225,sophia,2020-04-24,yes,NA,yes,NA,yes,NA,1,1,http://doi.org/10.7910/DVN/I1HVCJ,yes,NA,https://dataverse.harvard.edu/dataset.xhtml?persistentId=doi:10.7910/DVN/I1HVCJ,yes,NA,Harvard Dataverse Network,yes,NA,yes,NA,I didn't have any problems with this article
a001398,sophia,2020-04-24,yes,NA,yes,NA,yes,NA,1,1,http://dx.doi.org/10.7910/DVN/QTG6FQ,yes,NA,https://dataverse.harvard.edu/dataset.xhtml?persistentId=doi:10.7910/DVN/QTG6FQ,yes,NA,Harvard Dataverse Network,yes,NA,yes,NA,I didn't have any problems with this article
a001452,sophia,2020-04-24,yes,NA,yes,NA,yes,NA,1,1,https://osf.io/9b4y7/,yes,NA,https://osf.io/9b4y7/,yes,NA,OSF,yes,NA,yes,NA,I didn't have any problems with this article
a001471,sophia,2020-04-24,yes,NA,yes,NA,yes,NA,1,1,https://osf.io/92vsw/?view_only=f2b4c79786d9406fa75e7b54bc298eb4,yes,NA,https://osf.io/92vsw/?view_only=f2b4c79786d9406fa75e7b54bc298eb4,yes,NA,OSF,other,leads to a general homepage of 'Health and Retirement Studies Documentation',no,NA,NA
a001493,sophia,2020-04-24,yes,NA,yes,NA,yes,NA,2,1,http://hrsonline.isr.umich.edu/index.php?p=avail&_ga=2.193912365.1038497410.1542961645-2121603621.1539110961,yes,NA,http://hrsonline.isr.umich.edu/index.php?p=avail&_ga=2.193912365.1038497410.1542961645-2121603621.1539110961,yes,NA,University of Michigan library,yes,NA,other,files are all over 100MB,I didn't have any problems with this article
a001493,sophia,2020-04-24,yes,NA,yes,NA,yes,NA,2,2,https://osf.io/pn3vt/,yes,NA,https://osf.io/pn3vt/,yes,NA,OSF,yes,NA,yes,NA,I didn't have any problems with this article
a001496,sophia,2020-04-26,yes,NA,yes,NA,yes,NA,1,1,https://doi.org/10.7910/DVN/SRPTCV,yes,NA,https://dataverse.harvard.edu/dataset.xhtml?persistentId=doi:10.7910/DVN/SRPTCV,yes,NA,Harvard Dataverse Network,yes,NA,yes,NA,I didn't have any problems with this article
a001511,sophia,2020-04-26,yes,NA,yes,NA,yes,NA,1,1,https://osf.io/jqug4/,yes,NA,https://osf.io/jqug4/,yes,NA,OSF,yes,NA,yes,NA,I didn't have any problems with this article
a001568,sophia,2020-04-26,yes,NA,yes,NA,yes,NA,1,1,https://figshare.com/articles/The_Road_to_Bribery_and_Corruption/3849237,yes,NA,https://figshare.com/articles/The_Road_to_Bribery_and_Corruption/3849237,yes,NA,Figshare,yes,NA,yes,NA,I didn't have any problems with this article
a001577,sophia,2020-04-26,yes,NA,yes,NA,yes,NA,2,1,https://www.usap-dc.org/view/project/p0010035,yes,NA,https://www.usap-dc.org/view/project/p0010035,yes,NA,U.S Antarctic Program Data Centre,yes,NA,other,"some of the files were only available to be downloaded on request, and some of the files were over 100MB, so I downloaded the ones I could :)",I didn't have any problems with this article
a001577,sophia,2020-04-26,yes,NA,yes,NA,yes,NA,2,2,https://github.com/martinjpratt/ZoomAntarctica,yes,NA,https://github.com/martinjpratt/ZoomAntarctica,yes,NA,Github,yes,NA,other,zip file over 100MB,I didn't have any problems with this article
a001639,sophia,2020-04-26,yes,NA,yes,NA,yes,NA,1,1,https://osf.io/hekts/,yes,NA,https://osf.io/hekts/,yes,NA,OSF,yes,NA,yes,NA,I didn't have any problems with this article
a000017,sophia,2020-04-26,yes,NA,yes,NA,yes,NA,1,1,osf.io/yw9us,yes,NA,https://osf.io/yw9us/,yes,NA,OSF,yes,NA,yes,NA,I didn't have any problems with this article
a000018,sophia,2020-04-26,yes,NA,yes,NA,yes,NA,1,1,https://dataverse.harvard.edu/dataset.xhtml?persistentId=doi:10.7910/DVN/JLWQY9,yes,NA,https://dataverse.harvard.edu/dataset.xhtml?persistentId=doi:10.7910/DVN/JLWQY9,yes,NA,Harvard Dataverse Network,yes,NA,yes,NA,I didn't have any problems with this article
a000030,sophia,2020-04-26,yes,NA,yes,NA,yes,NA,1,1,http://dx.doi.org/10.7910/DVN/ZSYWHO,yes,NA,https://dataverse.harvard.edu/dataset.xhtml?persistentId=doi:10.7910/DVN/ZSYWHO,yes,NA,Harvard Dataverse Network,yes,NA,yes,NA,I didn't have any problems with this article
a000038,sophia,2020-04-26,yes,NA,yes,NA,yes,NA,1,1,https://osf.io/6ayhs/,yes,NA,https://osf.io/6ayhs/,yes,NA,OSF,yes,NA,yes,NA,I didn't have any problems with this article
a000045,sophia,2020-04-26,yes,NA,yes,NA,yes,NA,1,1,https://osf.io/u2xct/,yes,NA,https://osf.io/u2xct/,yes,NA,OSF,yes,NA,yes,NA,I didn't have any problems with this article
a000097,sophia,2020-04-26,yes,NA,yes,NA,yes,NA,1,1,https://osf.io/tqzkd/,yes,NA,https://osf.io/tqzkd/,yes,NA,OSF,yes,NA,yes,NA,I didn't have any problems with this article
a000099,sophia,2020-04-26,yes,NA,yes,NA,yes,NA,1,1,https://osf.io/6e7tb/,yes,NA,https://osf.io/6e7tb/,yes,NA,OSF,yes,NA,yes,NA,I didn't have any problems with this article
a000147,sophia,2020-04-26,yes,NA,yes,NA,yes,NA,1,1,https://osf.io/cwenz/,yes,NA,https://osf.io/cwenz/,yes,NA,OSF,yes,NA,other,1 out of the 4 files was 100MB,I didn't have any problems with this article
a000192,sophia,2020-04-26,yes,NA,yes,NA,yes,NA,2,1,https://osf.io/B2478/,yes,NA,https://osf.io/B2478/,yes,NA,OSF,yes,NA,yes,NA,I didn't have any problems with this article
a000192,sophia,2020-04-26,yes,NA,yes,NA,yes,NA,2,2,https://osf.io/G4C7Z,yes,NA,https://osf.io/G4C7Z,yes,NA,OSF,yes,NA,yes,NA,I didn't have any problems with this article
a000194,sophia,2020-04-26,yes,NA,yes,NA,yes,NA,1,1,https://osf.io/6wxgf,yes,NA,https://osf.io/6wxgf,yes,NA,OSF,yes,NA,yes,NA,I didn't have any problems with this article
a000215,sophia,2020-04-26,yes,NA,yes,NA,yes,NA,1,1,https://osf.io/kfdca/,yes,NA,https://osf.io/kfdca,yes,NA,OSF,yes,NA,yes,NA,I didn't have any problems with this article
a000223,sophia,2020-04-26,yes,NA,yes,NA,yes,NA,1,1,https://osf.io/ybu6r/,yes,NA,https://osf.io/ybu6r/,yes,NA,OSF,yes,NA,yes,NA,I didn't have any problems with this article
a000279,sophia,2020-04-26,yes,NA,yes,NA,yes,NA,1,1,https://osf.io/kszj7/,yes,NA,https://osf.io/kszj7,yes,NA,OSF,yes,NA,yes,NA,I didn't have any problems with this article
a000285,sophia,2020-04-26,yes,NA,yes,NA,yes,NA,1,1,https://osf.io/tnjqs/,yes,NA,https://osf.io/tnjqs/,yes,NA,OSF,yes,NA,yes,NA,I didn't have any problems with this article
a000318,sophia,2020-04-26,yes,NA,yes,NA,yes,NA,1,1,https://github.com/langcog/KTE,yes,NA,https://github.com/langcog/KTE,yes,NA,Github,yes,NA,other,file over 100MB,I didn't have any problems with this article
a000338,sophia,2020-04-26,yes,NA,yes,NA,yes,NA,1,1,https://doi.org/10.7910/DVN/KPJUFL,yes,NA,https://dataverse.harvard.edu/dataset.xhtml?persistentId=doi:10.7910/DVN/KPJUFL,yes,NA,Harvard Dataverse Network,yes,NA,yes,NA,I didn't have any problems with this article
a000400,sophia,2020-04-26,yes,NA,yes,NA,no,NA,NA,NA,NA,NA,NA,NA,NA,NA,NA,NA,NA,NA,NA,NA
a000437,sophia,2020-04-26,yes,NA,yes,NA,yes,NA,1,1,osf.io/5tejq/,yes,NA,https://osf.io/5tejq/,yes,NA,OSF,yes,NA,yes,NA,I didn't have any problems with this article
a000480,sophia,2020-04-26,yes,NA,yes,NA,yes,NA,1,1,http://dx.doi.org/10.7910/DVN/FS90RJ,yes,NA,https://dataverse.harvard.edu/dataset.xhtml?persistentId=doi:10.7910/DVN/FS90RJ,yes,NA,Harvard Dataverse Network,yes,NA,yes,NA,I didn't have any problems with this article
a000484,sophia,2020-04-26,yes,NA,yes,NA,other,"the article has the phrase ""open data"" which itself is a hyperlink",1,1,https://www.oa.uni-hamburg.de/hattke-kalucza,yes,NA,https://www.oa.uni-hamburg.de/hattke-kalucza,yes,NA,University of Hamburg Open Access Portal,yes,NA,yes,NA,I didn't have any problems with this article
a000508,sophia,2020-04-26,yes,NA,yes,NA,yes,NA,1,1,https://osf.io/wmg6t,yes,NA,https://osf.io/wmg6t,yes,NA,OSF,yes,NA,yes,NA,I didn't have any problems with this article
a000540,sophia,2020-04-26,yes,NA,no,NA,no,NA,NA,NA,NA,NA,NA,NA,NA,NA,NA,NA,NA,NA,NA,NA
a000597,sophia,2020-04-26,yes,NA,no,NA,no,NA,NA,NA,NA,NA,NA,NA,NA,NA,NA,NA,NA,NA,NA,NA
a000745,sophia,2020-04-26,yes,NA,yes,NA,yes,NA,1,1,osf.io/uqg5m/,yes,NA,https://osf.io/uqg5m/,yes,NA,OSF,yes,NA,yes,NA,I didn't have any problems with this article
a000764,sophia,2020-04-26,yes,NA,yes,NA,yes,NA,1,1,https://figshare.com/articles/Contingent_attentional_engagement_stimulus-_and_goal-driven_capture_have_qualitatively_different_consequences_-_data_from_3_experiments/6818228/1,yes,NA,https://figshare.com/articles/Contingent_attentional_engagement_stimulus-_and_goal-driven_capture_have_qualitatively_different_consequences_-_data_from_3_experiments/6818228/1,yes,NA,Figshare,yes,NA,yes,NA,I didn't have any problems with this article
a000807,sophia,2020-04-26,yes,NA,yes,NA,yes,NA,1,1,https://osf.io/x9h8b/,yes,NA,https://osf.io/x9h8b/,yes,NA,OSF,yes,NA,yes,NA,I didn't have any problems with this article
a000867,sophia,2020-04-26,yes,NA,yes,NA,yes,NA,1,1,https://osf.io/dw5fm/,yes,NA,https://osf.io/dw5fm/,yes,NA,OSF,yes,NA,yes,NA,I didn't have any problems with this article
a000929,sophia,2020-04-26,yes,NA,yes,NA,yes,NA,1,1,https://osf.io/nxrsj/,yes,NA,https://osf.io/nxrsj/,yes,NA,OSF,yes,NA,yes,NA,I didn't have any problems with this article
a000993,sophia,2020-04-26,yes,NA,yes,NA,yes,NA,1,1,https://osf.io/72b89/,yes,NA,https://osf.io/72b89/,yes,NA,OSF,yes,NA,yes,NA,I didn't have any problems with this article
a001071,sophia,2020-04-26,yes,NA,yes,NA,yes,NA,1,1,https://osf.io/gjp53/,yes,NA,https://osf.io/gjp53/,yes,NA,OSF,yes,NA,yes,NA,I didn't have any problems with this article
a001171,sophia,2020-04-26,yes,NA,yes,NA,yes,NA,1,1,https://osf.io/d9jfz/,yes,NA,https://osf.io/d9jfz/,yes,NA,OSF,yes,NA,yes,NA,I didn't have any problems with this article
a001198,sophia,2020-04-26,yes,NA,yes,NA,yes,NA,1,1,https://osf.io/qqq82/,yes,NA,https://osf.io/qqq82/,yes,NA,OSF,yes,NA,yes,NA,I didn't have any problems with this article
a001275,sophia,2020-04-26,yes,NA,yes,NA,yes,NA,1,1,https://osf.io/dxvrq,yes,NA,https://osf.io/dxvrq,yes,NA,OSF,yes,NA,yes,NA,I didn't have any problems with this article
a001332,sophia,2020-04-26,yes,NA,yes,NA,yes,NA,1,1,https://osf.io/68MES/,yes,NA,https://osf.io/68MES/,yes,NA,OSF,yes,NA,yes,NA,I didn't have any problems with this article
a001441,sophia,2020-04-26,yes,NA,yes,NA,yes,NA,1,1,https://osf.io/axnm6/,yes,NA,https://osf.io/axnm6/,yes,NA,OSF,yes,NA,yes,NA,I didn't have any problems with this article
a001497,sophia,2020-04-26,yes,NA,yes,NA,yes,NA,1,1,https://osf.io/fitgz/,yes,NA,https://osf.io/fitgz/,yes,NA,OSF,yes,NA,yes,NA,I didn't have any problems with this article
a001572,sophia,2020-04-26,yes,NA,yes,NA,yes,NA,1,1,https://osf.io/vq49b/,yes,NA,https://osf.io/vq49b/,yes,NA,OSF,yes,NA,other,file was over 100MB,I didn't have any problems with this article
a001601,sophia,2020-04-26,yes,NA,yes,NA,yes,NA,1,1,https://osf.io/cjmr7/?view_only=61020c728b0845f7ac94c9d65ae9b6e3,yes,NA,https://osf.io/cjmr7/?view_only=61020c728b0845f7ac94c9d65ae9b6e3,yes,NA,OSF,yes,NA,other,one out of the three files was over 100MB,I didn't have any problems with this article
a001628,sophia,2020-04-26,yes,NA,yes,NA,yes,NA,2,1,https://osf.io/bxj9d/,yes,NA,https://osf.io/bxj9d/,yes,NA,OSF,yes,NA,yes,NA,I didn't have any problems with this article
a001628,sophia,2020-04-26,yes,NA,yes,NA,yes,NA,2,2,https://osf.io/7gy85,yes,NA,https://osf.io/7gy85,yes,NA,OSF,yes,NA,yes,NA,I didn't have any problems with this article
a001655,sophia,2020-04-26,yes,NA,yes,NA,yes,NA,1,1,https://osf.io/2cv4x/?view_only=d192b6df6a7b4c1ea49d19e819330f80,yes,NA,https://osf.io/2cv4x/?view_only=d192b6df6a7b4c1ea49d19e819330f80,yes,NA,OSF,yes,NA,yes,NA,I didn't have any problems with this article
a000004,sophia,2020-04-27,yes,NA,yes,NA,yes,NA,1,1,https://osf.io/4sqn3/,yes,NA,https://osf.io/4sqn3/,yes,NA,OSF,yes,NA,yes,NA,I didn't have any problems with this article
a000051,sophia,2020-04-27,yes,NA,yes,NA,yes,NA,1,1,https://ckan-rdm.up.pt/dataset/i3s-2019-001,yes,NA,https://ckan-rdm.up.pt/dataset/i3s-2019-001,yes,NA,University of Porto Repository,yes,NA,yes,NA,I didn't have any problems with this article
a000153,sophia,2020-04-27,yes,NA,yes,NA,yes,NA,1,1,https://osf.io/du9ws/,yes,NA,https://osf.io/du9ws/,yes,NA,OSF,yes,NA,yes,NA,I didn't have any problems with this article
a000185,sophia,2020-04-27,yes,NA,yes,NA,yes,NA,1,1,https://osf.io/38apk/?view_only=66833d11e36f4af8a17e56d45ac5e379,yes,NA,https://osf.io/38apk/?view_only=66833d11e36f4af8a17e56d45ac5e379,yes,NA,OSF,yes,NA,yes,NA,I didn't have any problems with this article
a000187,sophia,2020-04-27,yes,NA,yes,NA,yes,NA,1,1,https://osf.io/c4wn8/,yes,NA,https://osf.io/c4wn8/,yes,NA,OSF,yes,NA,yes,NA,I didn't have any problems with this article
a000217,sophia,2020-04-27,yes,NA,yes,NA,yes,NA,1,1,https://osf.io/wk3ve/,yes,NA,https://osf.io/wk3ve/,yes,NA,OSF,yes,NA,yes,NA,I didn't have any problems with this article
a000236,sophia,2020-04-27,yes,NA,yes,NA,yes,NA,1,1,https://osf.io/q9kd3/,yes,NA,https://osf.io/q9kd3/,yes,NA,OSF,yes,NA,yes,NA,I didn't have any problems with this article
a000258,sophia,2020-04-27,yes,NA,yes,NA,yes,NA,1,1,https://osf.io/9q23j/,yes,NA,https://osf.io/9q23j/,yes,NA,OSF,yes,NA,yes,NA,I didn't have any problems with this article
a000339,sophia,2020-04-27,yes,NA,yes,NA,yes,NA,1,1,https://osf.io/b7qpu/,yes,NA,https://osf.io/b7qpu/,yes,NA,OSF,yes,NA,yes,NA,I didn't have any problems with this article
a000387,sophia,2020-04-27,yes,NA,yes,NA,yes,NA,1,1,https://osf.io/wgfnm/,yes,NA,https://osf.io/wgfnm/,yes,NA,OSF,yes,NA,yes,NA,I didn't have any problems with this article
a000408,sophia,2020-04-27,yes,NA,yes,NA,yes,NA,1,1,osf.io/nrf72,yes,NA,https://osf.io/wgfnm/,yes,NA,OSF,yes,NA,yes,NA,I didn't have any problems with this article
a000422,sophia,2020-04-27,yes,NA,yes,NA,yes,NA,1,1,https://osf.io/sgwv6/files/,yes,NA,https://osf.io/sgwv6/files/,yes,NA,OSF,yes,NA,yes,NA,I didn't have any problems with this article
a000509,sophia,2020-04-27,yes,NA,yes,NA,yes,NA,1,1,https://osf.io/rwvc4/,yes,NA,https://osf.io/rwvc4/,yes,NA,OSF,yes,NA,yes,NA,I didn't have any problems with this article
a000523,sophia,2020-04-27,yes,NA,yes,NA,yes,NA,1,1,https://doi.org/10.7910/DVN/FPYKTP,yes,NA,https://dataverse.harvard.edu/dataset.xhtml?persistentId=doi:10.7910/DVN/FPYKTP,yes,NA,Harvard Dataverse Network,yes,NA,other,File was over 100MB,I didn't have any problems with this article
a000573,sophia,2020-04-27,yes,NA,yes,NA,no,NA,NA,NA,NA,NA,NA,NA,NA,NA,NA,NA,NA,NA,NA,Says it's on the JESP website.
a000604,sophia,2020-04-27,yes,NA,yes,NA,yes,NA,1,1,https://osf.io/jazfy/,yes,NA,https://osf.io/jazfy/,yes,NA,OSF,yes,NA,yes,NA,I didn't have any problems with this article
a000627,sophia,2020-04-27,yes,NA,yes,NA,yes,NA,1,1,https://osf.io/x37d5/,yes,NA,https://osf.io/x37d5/,yes,NA,OSF,yes,NA,yes,NA,I didn't have any problems with this article
a000694,sophia,2020-04-27,yes,NA,yes,NA,yes,NA,1,1,https://osf.io/7nwa6/,yes,NA,https://osf.io/7nwa6/,yes,NA,OSF,yes,NA,yes,NA,I didn't have any problems with this article
a000739,sophia,2020-04-27,yes,NA,yes,NA,yes,NA,1,1,https://osf.io/jd4d2/,yes,NA,https://osf.io/jd4d2/,yes,NA,OSF,yes,NA,yes,NA,I didn't have any problems with this article
a000770,sophia,2020-04-27,yes,NA,yes,NA,yes,NA,1,1,http://doi:10.7910/DVN/TJKIWN,other,"Redirect notice', but the link http://doi.og/10.7910/DVN/TJKIWN works",https://dataverse.harvard.edu/dataset.xhtml?persistentId=doi:10.7910/DVN/TJKIWN,yes,NA,Harvard Dataverse Network,yes,NA,yes,NA,I didn't have any problems with this article
a000773,sophia,2020-04-27,yes,NA,no,NA,no,NA,NA,NA,NA,NA,NA,NA,NA,NA,NA,NA,NA,NA,NA,NA
a000776,sophia,2020-04-27,yes,NA,yes,NA,yes,NA,1,1,https://doi.org/10.7910/DVN/9IKGYY,yes,NA,https://dataverse.harvard.edu/dataset.xhtml?persistentId=doi:10.7910/DVN/9IKGYY,yes,NA,Harvard Dataverse Network,yes,NA,yes,NA,I didn't have any problems with this article
a000779,sophia,2020-04-27,yes,NA,yes,NA,yes,NA,1,1,https://osf.io/g5fvw/,yes,NA,https://osf.io/g5fvw/,yes,NA,OSF,yes,NA,yes,NA,I didn't have any problems with this article
a000837,sophia,2020-04-27,yes,NA,yes,NA,yes,NA,1,1,https://osf.io/xm8dh/,yes,NA,https://osf.io/xm8dh/,yes,NA,OSF,yes,NA,yes,NA,I didn't have any problems with this article
a000856,sophia,2020-04-27,yes,NA,yes,NA,yes,NA,1,1,https://osf.io/fdhru/,yes,NA,https://osf.io/fdhru/,yes,NA,OSF,yes,NA,yes,NA,I didn't have any problems with this article
a000882,sophia,2020-04-27,yes,NA,yes,NA,yes,NA,1,1,https://osf.io/nyq9j/,yes,NA,https://osf.io/nyq9j/,yes,NA,OSF,yes,NA,yes,NA,I didn't have any problems with this article
a000973,sophia,2020-04-27,yes,NA,yes,NA,yes,NA,1,1,http://dx.doi.org/10.7910/DVN/F9ICHH,yes,NA,https://dataverse.harvard.edu/dataset.xhtml?persistentId=doi:10.7910/DVN/F9ICHH,yes,NA,Harvard Dataverse Network,yes,NA,other,file was 100MB,I didn't have any problems with this article
a001000,sophia,2020-04-27,yes,NA,yes,NA,yes,NA,1,1,https://osf.io/54skn/files/,yes,NA,https://osf.io/54skn/files/,yes,NA,OSF,yes,NA,yes,NA,I didn't have any problems with this article
a001006,sophia,2020-04-27,yes,NA,yes,NA,yes,NA,1,1,https://osf.io/yq5jw/,yes,NA,https://osf.io/yq5jw/,yes,NA,OSF,yes,NA,yes,NA,I didn't have any problems with this article
a001031,sophia,2020-04-27,yes,NA,yes,NA,yes,NA,1,1,https://osf.io/tv8ai/,yes,NA,https://osf.io/tv8ai/,yes,NA,OSF,yes,NA,yes,NA,I didn't have any problems with this article
a001049,sophia,2020-04-27,yes,NA,yes,NA,yes,NA,1,1,http://dx.doi.org/10.7910/DVN/X88LYH,yes,NA,https://dataverse.harvard.edu/dataset.xhtml?persistentId=doi:10.7910/DVN/X88LYH,yes,NA,Harvard Dataverse Network,yes,NA,yes,NA,I didn't have any problems with this article
a001131,sophia,2020-04-27,yes,NA,yes,NA,yes,NA,1,1,https://github.com/carlsonrw/layTheories_altruism,yes,NA,https://github.com/carlsonrw/layTheories_altruism,yes,NA,Github,yes,NA,yes,NA,I didn't have any problems with this article
a001294,sophia,2020-04-27,yes,NA,yes,NA,yes,NA,1,1,https://osf.io/8juyc/,yes,NA,https://osf.io/8juyc/,yes,NA,OSF,yes,NA,yes,NA,I didn't have any problems with this article
a001296,sophia,2020-04-27,yes,NA,yes,NA,yes,NA,1,1,https://iris-database.org,yes,NA,https://iris-database.org/iris/app/home/index,yes,NA,IRIS Database,other,link is for the IRIS database home page,no,NA,I didn't have any problems with this article
a001439,sophia,2020-04-27,yes,NA,yes,NA,yes,NA,1,1,https://osf.io/ht3gk/,yes,NA,https://osf.io/ht3gk/,yes,NA,OSF,yes,NA,yes,NA,I didn't have any problems with this article
a001490,sophia,2020-04-27,yes,NA,yes,NA,yes,NA,1,1,https://osf.io/,yes,NA,https://osf.io/,yes,NA,OSF,other,link leads to the OSF homepage,no,NA,I didn't have any problems with this article
a001523,sophia,2020-04-27,yes,NA,yes,NA,yes,NA,1,1,https://osf.io/5bpr7/,yes,NA,https://osf.io/5bpr7/,yes,NA,OSF,yes,NA,yes,NA,I didn't have any problems with this article
a001573,sophia,2020-04-27,yes,NA,yes,NA,yes,NA,1,1,osf.io/8g5fy,yes,NA,https://osf.io/8g5fy,yes,NA,OSF,yes,NA,yes,NA,I didn't have any problems with this article
a001609,sophia,2020-04-27,yes,NA,yes,NA,yes,NA,1,1,https://doi.org/10.7910/DVN/AGIMGY,yes,NA,https://dataverse.harvard.edu/dataset.xhtml?persistentId=doi:10.7910/DVN/AGIMGY,yes,NA,Harvard Dataverse Network,yes,NA,other,file was over 100MB,I didn't have any problems with this article
a001619,sophia,2020-04-27,yes,NA,yes,NA,yes,NA,1,1,https://osf.io/stv79/,yes,NA,https://osf.io/stv79/,yes,NA,OSF,yes,NA,yes,NA,I didn't have any problems with this article
