article_id,coder_initials,date_coded,has_data_badge,has_data_badge_other,data_availability_statement,data_availability_statement_other,article_has_links,article_has_links_other,number_of_links,link_number,link_url,link_work,link_work_noother,resolved_url,is_repository,is_repository_other,repository_name,files_exist,files_exist_other,download_success,download_success_other,notes,orig_row
intro01,michelle,2020-04-02,yes,NA,yes,NA,yes,NA,1,1,10.17605/osf.io/n6pfz,yes,NA,https://osf.io/n6pfz/,yes,NA,OSF,yes,NA,yes,NA,I didn't have any problems with this article,3
intro02,michelle,2020-04-02,yes,NA,yes,NA,yes,NA,1,1,https://nyu.databrary.org/volume/79,yes,NA,https://nyu.databrary.org/volume/79,yes,NA,NYU,yes,NA,no,NA,Everytime I try to download the files it directs me to: https://nyu.databrary.org/volume/79/zip/false and says 'Something Went Wrong',4
intro03,michelle,2020-04-02,yes,NA,yes,NA,yes,NA,1,1,https://osf.io/9w8pg/,yes,NA,https://osf.io/9w8pg/,yes,NA,OSF,yes,NA,yes,NA,I didn't have any problems with this article,5
intro04,michelle,2020-04-02,yes,NA,yes,NA,yes,NA,1,1,http://dx.doi.org/10.5061/dryad.d2441,yes,NA,https://datadryad.org/stash/dataset/doi:10.5061/dryad.d2441,yes,NA,DRYAD,yes,NA,yes,NA,Data set is supplement to https://doi.org/10.1177/0956797614533801,6
intro05,michelle,2020-04-02,yes,NA,yes,NA,yes,NA,1,1,http://thedata.harvard.edu/dvn/dv/PainData,yes,NA,https://dataverse.harvard.edu/dataverse/PainData,yes,NA,HARVARD,yes,NA,yes,NA,I didn't have any problems with this article,7
intro06,michelle,2020-04-02,yes,NA,yes,NA,yes,NA,1,1,osf.io/zw6jg/,yes,NA,https://osf.io/zw6jg/,yes,NA,OSF,yes,NA,yes,NA,I didn't have any problems with this article,8
intro07,michelle,2020-04-02,yes,NA,yes,NA,yes,NA,1,1,https://osf.io/8jxsr/,yes,NA,https://osf.io/8jxsr/,yes,NA,OSF,yes,NA,other,"Tried downloading the zip file about 5 times, and it does not seem to be more than 100MB, but it doesn't seem to download completely",NA,9
intro08,michelle,2020-04-02,yes,NA,yes,NA,yes,NA,2,1,http://doi.org/10.3886/ ICPSR04652.v6,yes,NA,https://www.icpsr.umich.edu/icpsrweb/NACDA/studies/4652/version/6,yes,NA,NACDA,other,"Files exist, but the link in the article directs to the website stating the data (version 6) has now been updated (version 7)",partial,"Could download all 'Document only' data, when I tried to download the other ones such as 'SAS', 'SPSS' etc, it takes me into a login screen","I have put in the Document Only download in the data file, but other remaining ones could not be done",10
intro08,michelle,2020-04-02,yes,NA,yes,NA,yes,NA,2,2,http://midus.colectica.org/,other,"Works, but takes me to login screen",https://midus.colectica.org/Account/Login,other,Not 100% sure,MIDUS,other,Could not access files without login,other,Could not download without login,"I am not sure if the second link is related to Open Data, as the links were put together as data and materials available under the two links",11
intro09,michelle,2020-04-02,yes,NA,yes,NA,yes,NA,1,1,https://osf.io/xehfu/,yes,NA,https://osf.io/xehfu/,yes,NA,OSF,yes,NA,yes,NA,I didn't have any problems with this article,12
intro10,michelle,2020-04-02,yes,NA,yes,NA,yes,NA,1,1,http://pisa2006.acer.edu.au/downloads.php,no,"Says the site cannot be reached, server IP cannot be found",NA,NA,NA,NA,NA,NA,NA,NA,Main issue here is that the link did not work,13
a000009,michelle,2020-04-03,yes,NA,yes,NA,yes,NA,1,1,https://osf.io/x3ypv/,yes,NA,https://osf.io/x3ypv/,yes,NA,OSF,yes,NA,yes,NA,I didn't have any problems with this article,14
a000011,michelle,2020-04-03,yes,NA,yes,NA,yes,NA,2,1,http://www.ukbiobank.ac.uk/.,other,"Yes, but this link does not seem to specifically pertain to the data and materials used in this paper, but rather the homepage",https://www.ukbiobank.ac.uk/,yes,NA,BIOBANK,other,"Most likely, but need to log in to access",no,NA,Need log in to access files,15
a000011,michelle,2020-04-03,yes,NA,yes,NA,yes,NA,2,2,https://osf.io/x8rnq/,yes,NA,https://osf.io/x8rnq/,yes,NA,OSF,other,"Yes, but files are being checked out by the creator (so may not be up to date)",yes,NA,One of the links does not direct to the specific data and materials associated with the article and the data file may need to be redownloaded as edits are being made,16
a000046,michelle,2020-04-03,yes,NA,yes,NA,yes,NA,1,1,http://osf.io/dkqfn,yes,NA,https://osf.io/dkqfn/,yes,NA,OSF,yes,NA,other,File size exceed 100MB,Data not downloaded as file was too big,17
a000081,michelle,2020-04-03,yes,NA,yes,NA,yes,NA,4,1,https://osf.io/x7pgq/,yes,NA,https://osf.io/x7pgq/,yes,NA,OSF,yes,NA,yes,NA,NA,18
a000081,michelle,2020-04-03,yes,NA,yes,NA,yes,NA,4,2,https://osf.io/q9jy3/,yes,NA,https://osf.io/q9jy3/,yes,NA,OSF,yes,NA,yes,NA,NA,19
a000081,michelle,2020-04-03,yes,NA,yes,NA,yes,NA,4,3,https://osf.io/cdev3/,yes,NA,https://osf.io/cdev3/,yes,NA,OSF,yes,NA,yes,NA,NA,20
a000081,michelle,2020-04-03,yes,NA,yes,NA,yes,NA,4,4,https://osf.io/uj2dr/,yes,NA,https://osf.io/uj2dr/,yes,NA,OSF,yes,NA,yes,NA,I didn't have any problems with this article,21
a000138,michelle,2020-04-03,yes,NA,yes,NA,yes,NA,1,1,https://doi.org/10.21985/N2VR0V,yes,NA,https://arch.library.northwestern.edu/concern/generic_works/8336h212d,yes,NA,NORTHWESTERN,yes,NA,yes,NA,I didn't have any problems with this article,22
a000153,michelle,2020-04-03,yes,NA,yes,NA,yes,NA,1,1,https://osf.io/du9ws/,yes,NA,https://osf.io/du9ws/,yes,NA,OSF,yes,NA,yes,NA,I didn't have any problems with this article,23
a000208,michelle,2020-04-03,yes,NA,yes,NA,yes,NA,1,1,https://osf.io/3c4ue/,yes,NA,https://osf.io/3c4ue/,yes,NA,OSF,yes,NA,yes,NA,I didn't have any problems with this article,24
a000233,michelle,2020-04-03,yes,NA,no,NA,no,NA,0,NA,NA,NA,NA,NA,NA,NA,NA,NA,NA,NA,NA,NA,25
a000251,michelle,2020-04-03,yes,NA,yes,NA,yes,NA,1,1,https://osf.io/k5b7a/,yes,NA,https://osf.io/k5b7a/,yes,NA,OSF,yes,NA,yes,NA,I didn't have any problems with this article,26
a000288,michelle,2020-04-03,yes,NA,yes,NA,yes,NA,1,1,https://osf.io/3hu8m/,yes,NA,https://osf.io/3hu8m/,yes,NA,OSF,yes,NA,yes,NA,I didn't have any problems with this article,27
a000311,michelle,2020-04-03,yes,NA,yes,NA,yes,NA,1,1,https://osf.io/du5jc/,yes,NA,https://osf.io/du5jc/,yes,NA,OSF,yes,NA,other,1/2 of the files exceed 100MB,One file not downloaded as file size was too big,28
a000337,michelle,2020-04-03,yes,NA,yes,NA,yes,NA,1,1,https://doi.org/10.7910/DVN/RW10GZ.,yes,NA,https://dataverse.harvard.edu/dataset.xhtml?persistentId=doi:10.7910/DVN/RW10GZ,yes,NA,HARVARD DATAVERSE,yes,NA,yes,NA,I didn't have any problems with this article,29
a000378,michelle,2020-04-03,yes,NA,yes,NA,yes,NA,1,1,https://osf.io/b9mnr,yes,NA,https://osf.io/b9mnr,yes,NA,OSF,yes,NA,yes,NA,I didn't have any problems with this article,30
a000440,michelle,2020-04-03,yes,NA,yes,NA,no,NA,0,NA,NA,NA,NA,NA,NA,NA,NA,NA,NA,NA,NA,Text says open data can be accessed online but no link specified,31
a000510,michelle,2020-04-03,yes,NA,yes,NA,yes,NA,1,1,https://osf.io/n6d9f/,yes,NA,https://osf.io/n6d9f/,yes,NA,OSF,yes,NA,yes,NA,I didn't have any problems with this article,32
a000516,michelle,2020-04-03,yes,NA,yes,NA,yes,NA,1,1,https://osf.io/p778t,yes,NA,https://osf.io/p778t,yes,NA,OSF,yes,NA,yes,NA,I didn't have any problems with this article,33
a000530,michelle,2020-04-03,yes,NA,yes,NA,yes,NA,1,1,https://osf.io/zf4tj/,yes,NA,https://osf.io/zf4tj/,yes,NA,OSF,yes,NA,yes,NA,I didn't have any problems with this article,34
a000559,michelle,2020-04-03,yes,NA,yes,NA,yes,NA,1,1,https://www.iris-database.org/iris/app/home/detail?id=york:932233,yes,NA,https://www.iris-database.org/iris/app/home/detail?id=york:932233,yes,NA,IRIS,yes,NA,yes,NA,I didn't have any problems with this article,35
a000616,michelle,2020-04-03,yes,NA,yes,NA,yes,NA,1,1,https://osf.io/am5nh/,yes,NA,https://osf.io/am5nh/,yes,NA,OSF,yes,NA,yes,NA,I didn't have any problems with this article,36
a000643,michelle,2020-04-03,yes,NA,yes,NA,yes,NA,1,1,https://osf.io/jxad3/,yes,NA,https://osf.io/jxad3,yes,NA,OSF,yes,NA,yes,NA,I didn't have any problems with this article,37
a000745,michelle,2020-04-03,yes,NA,yes,NA,yes,NA,1,1,osf.io/uqg5m/#,yes,NA,https://osf.io/uqg5m/#,yes,NA,OSF,yes,NA,yes,NA,I didn't have any problems with this article,38
a000801,michelle,2020-04-03,yes,NA,yes,NA,yes,NA,1,1,https://osf.io/28ejf/,yes,NA,https://osf.io/28ejf/,yes,NA,OSF,yes,NA,yes,NA,I didn't have any problems with this article,39
a000840,michelle,2020-04-03,yes,NA,yes,NA,yes,NA,1,1,https://osf.io/jqkg7/#,yes,NA,https://osf.io/jqkg7/,yes,NA,OSF,yes,NA,other,File size exceeds 100MB,Data not downloaded as file was too big,40
a000961,michelle,2020-04-03,yes,NA,yes,NA,yes,NA,1,1,http://osf.io/zwrxc/,yes,NA,https://osf.io/zwrxc,yes,NA,OSF,yes,NA,yes,NA,I didn't have any problems with this article,41
a000966,michelle,2020-04-06,yes,NA,yes,NA,yes,NA,1,1,osf.io/hr7vx,yes,NA,https://osf.io/hr7vx/,yes,NA,OSF,yes,NA,yes,NA,"There was link to ""supplementary data"" at the journal's website - this link was ignored, as there was an explicit link to the open data. Supplementary data link: https://www.sciencedirect.com/science/article/abs/pii/S0092656617301083?via%3Dihub",42
a001040,michelle,2020-04-06,yes,NA,yes,NA,yes,NA,1,1,osf.io/yw7d9,yes,NA,https://osf.io/yw7d9/,yes,NA,OSF,yes,NA,yes,NA,I didn't have any problems with this article,43
a001083,michelle,2020-04-06,yes,NA,yes,NA,yes,NA,2,1,https://doi.org/10.3886/ICPSR04652.v7,yes,NA,https://www.icpsr.umich.edu/icpsrweb/NACDA/studies/4652/version/7,yes,NA,NACDA,yes,NA,other,"Could download all 'Document only' data, when I tried to download the other ones such as 'SAS', 'SPSS' etc, it takes me into a login screen","I have put in the Document Only download in the data file, but other remaining ones could not be done",44
a001083,michelle,2020-04-06,yes,NA,yes,NA,yes,NA,2,2,https://doi.org/10.3886/ICPSR36346.v7,yes,NA,https://www.icpsr.umich.edu/icpsrweb/NACDA/studies/36346/versions/V7,yes,NA,NACDA,yes,NA,other,"Could download all 'Document only' data, when I tried to download the other ones such as 'SAS', 'SPSS' etc, it takes me into a login screen","I have put in the Document Only download in the data file, but other remaining ones could not be done",45
a001124,michelle,2020-04-06,yes,NA,yes,NA,yes,NA,1,1,https://osf.io/r35tf/,yes,NA,https://osf.io/r35tf/,yes,NA,OSF,yes,NA,yes,NA,"There was link to ""supplementary data"" at the journal's website - this link was ignored, as there was an explicit link to the open data. Supplementary data link: https://doi.org/10.1016/j.jrp.2019.06.003.",46
a001134,michelle,2020-04-06,yes,NA,yes,NA,yes,NA,1,1,https://osf.io/e5r6f,yes,NA,https://osf.io/e5r6f,yes,NA,OSF,yes,NA,yes,NA,I didn't have any problems with this article,47
a001148,michelle,2020-04-06,yes,NA,yes,NA,yes,NA,1,1,http://doi.org/10.7910/DVN/WKJJ3Z,yes,NA,https://dataverse.harvard.edu/dataset.xhtml?persistentId=doi:10.7910/DVN/WKJJ3Z,yes,NA,HAVARD DATAVERSE,yes,NA,no,NA,"Tried downloading, but it gets to around 866KB and doesn't download any further",48
a001257,michelle,2020-04-06,yes,NA,yes,NA,yes,NA,1,1,http://dx.doi.org/10.7910/DVN/VT4KJA.,yes,NA,https://dataverse.harvard.edu/dataset.xhtml?persistentId=doi:10.7910/DVN/VT4KJA,yes,NA,HAVARD DATAVERSE,yes,NA,yes,NA,I didn't have any problems with this article,49
a001258,michelle,2020-04-06,yes,NA,yes,NA,yes,NA,1,1,https://osf.io/c5bmm/,yes,NA,https://osf.io/c5bmm/,yes,NA,OSF,yes,NA,yes,NA,I didn't have any problems with this article,50
a001264,michelle,2020-04-06,yes,NA,yes,NA,yes,NA,1,1,https://osf.io/5kbx6/,yes,NA,https://osf.io/5kbx6/,yes,NA,OSF,yes,NA,yes,NA,I didn't have any problems with this article,51
a001317,michelle,2020-04-06,yes,NA,yes,NA,yes,NA,1,1,https://osf.io/j25fh/,yes,NA,https://osf.io/j25fh/,yes,NA,OSF,yes,NA,yes,NA,I didn't have any problems with this article,52
a001425,michelle,2020-04-06,yes,NA,yes,NA,yes,NA,2,1,osf.io/t7jjk,yes,NA,https://osf.io/t7jjk/,yes,NA,OSF,yes,NA,yes,NA,NA,53
a001425,michelle,2020-04-06,yes,NA,yes,NA,yes,NA,2,2,http://www.oecd.org/pisa/data/2015database/,yes,NA,http://www.oecd.org/pisa/data/2015database/,yes,NA,OECD,yes,NA,other,Did not download as there were 22 separate files and some were over 100 MB,"Did not download all files, but downloaded files from first link",54
a001428,michelle,2020-04-06,yes,NA,yes,NA,yes,NA,1,1,https://osf.io/8eqtc,yes,NA,https://osf.io/8eqtc/,yes,NA,OSF,yes,NA,yes,NA,I didn't have any problems with this article,55
a001430,michelle,2020-04-06,yes,NA,yes,NA,yes,NA,1,1,https://data.mendeley.com/submissions/evise/edit/rh22h25sw7?submission_id= S0022-1031(17)30623-6&token=3639d213-5e0d-437d-af76- 0023d5b2081a,yes,NA,https://data.mendeley.com/,yes,NA,MENDELEY,other,"Directed to home page, appears that login is required to access data",no,NA,"Need to login to access data, and there was link to ""supplementary data"" at the journal's website - this link was ignored, as there was an explicit link to the open data. Supplementary data link: https://doi.org/10.1016/j.jesp.2018.01.007",56
a001558,michelle,2020-04-06,yes,NA,yes,NA,yes,NA,1,1,https://osf.io/4awze,yes,NA,https://osf.io/4awze/,yes,NA,OSF,yes,NA,yes,NA,I didn't have any problems with this article,57
a001609,michelle,2020-04-06,yes,NA,yes,NA,yes,NA,1,1,https://doi.org/10.7910/DVN/AGIMGY,yes,NA,https://dataverse.harvard.edu/dataset.xhtml?persistentId=doi:10.7910/DVN/AGIMGY,yes,NA,HAVARD DATAVERSE,yes,NA,yes,NA,I didn't have any problems with this article,58
a001613,michelle,2020-04-06,yes,NA,yes,NA,yes,NA,1,1,https://osf.io/4m2bq/,yes,NA,https://osf.io/4m2bq/,yes,NA,OSF,yes,NA,yes,NA,I didn't have any problems with this article,59
a000017,michelle,2020-04-07,yes,NA,yes,NA,yes,NA,1,1,osf.io/yw9us,yes,NA,https://osf.io/yw9us/,yes,NA,OSF,yes,NA,yes,NA,I didn't have any problems with this article,60
a000042,michelle,2020-04-07,yes,NA,yes,NA,yes,NA,1,1,https://osf.io/a8sv7/?view_only=cf0e445e30354e22bb53b82242fd94d8,yes,NA,https://osf.io/a8sv7/?view_only=cf0e445e30354e22bb53b82242fd94d8,yes,NA,OSF,yes,NA,yes,NA,I didn't have any problems with this article,61
a000088,michelle,2020-04-07,yes,NA,yes,NA,yes,NA,1,1,https://osf.io/6u4wh,yes,NA,https://osf.io/6u4wh/,yes,NA,OSF,yes,NA,yes,NA,I didn't have any problems with this article,62
a000099,michelle,2020-04-07,yes,NA,yes,NA,yes,NA,1,1,https://osf.io/4dau5/,yes,NA,https://osf.io/4dau5/,yes,NA,OSF,yes,NA,yes,NA,I didn't have any problems with this article,63
a000104,michelle,2020-04-07,yes,NA,yes,NA,yes,NA,1,1,http://thedata.harvard.edu/dvn/dv/kenswan,yes,NA,https://dataverse.harvard.edu/dataverse/kenswan,yes,NA,HAVARD DATAVERSE,yes,NA,yes,NA,I didn't have any problems with this article,64
a000108,michelle,2020-04-07,yes,NA,yes,NA,yes,NA,1,1,https://doi.org/10.5061/dryad.cn20jv8,yes,NA,https://datadryad.org/stash/dataset/doi:10.5061/dryad.cn20jv8,yes,NA,DRYAD,yes,NA,yes,NA,I didn't have any problems with this article,65
a000228,michelle,2020-04-07,yes,NA,yes,NA,yes,NA,2,1,https://osf.io/8juyc/,yes,NA,https://osf.io/8juyc/,yes,NA,OSF,yes,NA,yes,NA,NA,66
a000228,michelle,2020-04-07,yes,NA,yes,NA,yes,NA,2,2,https://osf.io/7wfxj/,yes,NA,https://osf.io/7wfxj/,yes,NA,OSF,yes,NA,yes,NA,I didn't have any problems with this article,67
a000230,michelle,2020-04-07,yes,NA,yes,NA,yes,NA,1,1,https://osf.io/gq7z2,yes,NA,https://osf.io/gq7z2,yes,NA,OSF,yes,NA,yes,NA,I didn't have any problems with this article,68
a000264,michelle,2020-04-07,yes,NA,yes,NA,yes,NA,1,1,osf.io/kszge,yes,NA,https://osf.io/kszge/,yes,NA,OSF,yes,NA,yes,NA,I didn't have any problems with this article,69
a000282,michelle,2020-04-07,yes,NA,yes,NA,yes,NA,1,1,https://osf.io/szvxd/,yes,NA,https://osf.io/szvxd/,yes,NA,OSF,yes,NA,yes,NA,I didn't have any problems with this article,70
a000317,michelle,2020-04-07,yes,NA,yes,NA,yes,NA,1,1,http://osf.io/fsadm/,yes,NA,https://osf.io/fsadm/,yes,NA,OSF,yes,NA,other,"All but one of the files are downloaded, as the file size exceed 100MB",One file not downloaded as size too big,71
a000335,michelle,2020-04-07,yes,NA,yes,NA,yes,NA,1,1,osf.io/6fgnq,yes,NA,https://osf.io/6fgnq/,yes,NA,OSF,yes,NA,yes,NA,I didn't have any problems with this article,72
a000342,michelle,2020-04-07,yes,NA,yes,NA,yes,NA,1,1,https://osf.io/xyh24/,yes,NA,https://osf.io/xyh24/,yes,NA,OSF,yes,NA,yes,NA,"There was links to ""supplementary data""  - this link was ignored, as there was an explicit link to the open data. Supplementary data links: https://doi.org/10.1016/j.jesp.2017.09.008 and https://osf.io/xyh24/",73
a000350,michelle,2020-04-07,yes,NA,yes,NA,yes,NA,1,1,osf.io/5gtyv,yes,NA,https://osf.io/5gtyv/,yes,NA,OSF,yes,NA,yes,NA,"There was a link to ""supplementary data""  - this link was ignored, as there was an explicit link to the open data. Supplementary data link: https://doi.org/10.1016/j.jesp.2019.04.010",74
a000357,michelle,2020-04-07,yes,NA,yes,NA,yes,NA,1,1,https://osf.io/2jme8/,yes,NA,https://osf.io/2jme8/,yes,NA,OSF,yes,NA,yes,NA,I didn't have any problems with this article,75
a000412,michelle,2020-04-07,yes,NA,yes,NA,yes,NA,1,1,https://osf.io/fzmsa/,yes,NA,https://osf.io/fzmsa/,yes,NA,OSF,yes,NA,yes,NA,"There was a link to ""supplementary data""  - this link was ignored, as there was an explicit link to the open data. Supplementary data link: https://doi.org/10.1016/j.jesp.2019.103855",76
a000484,michelle,2020-04-07,yes,NA,other,"Does not explicitly have a statement saying data is available, but there is a the text 'Open Data' with a hyperlink",yes,NA,1,1,https://www.oa.uni-hamburg.de/hattke-kalucza,yes,NA,https://www.oa.uni-hamburg.de/hattke-kalucza,yes,NA,UNI HAMBURG,yes,NA,yes,NA,"No explicit statement saying data was available, but hyperlinks existed that linked to a site where data could be downloaded",77
a000502,michelle,2020-04-07,yes,NA,yes,NA,yes,NA,2,1,http://osf.io/5itqa,yes,NA,https://osf.io/5itqa,yes,NA,OSF,yes,NA,yes,NA,I didn't have any problems with this article,78
a000502,michelle,2020-04-07,yes,NA,yes,NA,yes,NA,2,2,http://osf.io/8q769,yes,NA,https://osf.io/8q769,yes,NA,OSF,yes,NA,yes,NA,NA,79
a000515,michelle,2020-04-07,yes,NA,yes,NA,yes,NA,1,1,https://osf.io/7bujx/,yes,NA,https://osf.io/7bujx/,yes,NA,OSF,yes,NA,yes,NA,I didn't have any problems with this article,80
a000529,michelle,2020-04-07,yes,NA,yes,NA,yes,NA,1,1,https://doi.org/10.7910/DVN/SSEN5A,yes,NA,https://dataverse.harvard.edu/dataset.xhtml?persistentId=doi:10.7910/DVN/SSEN5A,yes,NA,HAVARD DATAVERSE,yes,NA,yes,NA,I didn't have any problems with this article,81
a000731,michelle,2020-04-07,yes,NA,yes,NA,yes,NA,1,1,https://osf.io/m7sdz/,yes,NA,https://osf.io/m7sdz,yes,NA,OSF,yes,NA,yes,NA,I didn't have any problems with this article,82
a000797,michelle,2020-04-07,yes,NA,yes,NA,yes,NA,2,1,https://osf.io/hymkc,yes,NA,https://osf.io/hymkc/,yes,NA,OSF,yes,NA,yes,NA,NA,83
a000797,michelle,2020-04-07,yes,NA,yes,NA,yes,NA,2,2,10.17605/OSF.IO/HYMKC,no,Says the site cannot be reached,NA,NA,NA,NA,NA,NA,NA,NA,"Second data link is not working; There is a link to supplementary data link, but was ignored as there was already a link to open data - supplementary data link: at https://doi.org/10.1016/j.jesp.2017.11.009.",84
a000816,michelle,2020-04-07,yes,NA,yes,NA,yes,NA,1,1,https://osf.io/yg82m/,yes,NA,https://osf.io/yg82m,yes,NA,OSF,yes,NA,yes,NA,I didn't have any problems with this article,85
a000920,michelle,2020-04-07,yes,NA,yes,NA,yes,NA,1,1,https://osf.io/zpjbg,yes,NA,https://osf.io/zpjbg,yes,NA,OSF,other,"On the link given in the article, the files have been removed because it contained data that couldn't be made public. However, a new link is provided: https://osf.io/q82nf, which has the data with the sensitive data removed",yes,NA,"No issues, but had to go through a new link to access data",86
a000938,michelle,2020-04-07,yes,NA,yes,NA,yes,NA,1,1,osf.io/u8h5e,yes,NA,https://osf.io/u8h5e/,yes,NA,OSF,yes,NA,yes,NA,I didn't have any problems with this article,87
a000990,michelle,2020-04-07,yes,NA,yes,NA,yes,NA,1,1,http://the-data.harvard.edu/dvn/dv/communication.,yes,NA,https://dataverse.harvard.edu/dataverse/communication,yes,NA,HAVARD DATAVERSE,yes,NA,yes,NA,I didn't have any problems with this article,88
a001155,michelle,2020-04-07,yes,NA,yes,NA,yes,NA,2,1,https://osf.io/2bvt8/,yes,NA,https://osf.io/2bvt8/,yes,NA,OSF,yes,NA,yes,NA,I didn't have any problems with this article,89
a001155,michelle,2020-04-07,yes,NA,yes,NA,yes,NA,2,2,https://osf.io/zp76h/,yes,NA,https://osf.io/zp76h/,yes,NA,OSF,yes,NA,yes,NA,NA,90
a001160,michelle,2020-04-07,yes,NA,yes,NA,yes,NA,1,1,https://osf.io/9KXM4/,yes,NA,https://osf.io/9KXM4/,yes,NA,OSF,yes,NA,yes,NA,I didn't have any problems with this article,91
a001200,michelle,2020-04-07,yes,NA,yes,NA,yes,NA,1,1,https://osf.io/5ybej/,yes,NA,https://osf.io/5ybej/,yes,NA,OSF,yes,NA,yes,NA,I didn't have any problems with this article,92
a001231,michelle,2020-04-07,yes,NA,yes,NA,yes,NA,1,1,https://osf.io/esw34/,yes,NA,https://osf.io/esw34/,yes,NA,OSF,yes,NA,yes,NA,"There was a link to ""supplementary data""  - this link was ignored, as there was an explicit link to the open data. Supplementary data link: https://doi.org/10.1016/j.jesp.2018.07.014",93
a001349,michelle,2020-04-07,yes,NA,yes,NA,yes,NA,1,1,https://osf.io/rjdpc/,yes,NA,https://osf.io/rjdpc,yes,NA,OSF,yes,NA,yes,NA,I didn't have any problems with this article,94
a001350,michelle,2020-04-07,yes,NA,yes,NA,yes,NA,2,1,https://osf.io/fs93m/,yes,NA,https://osf.io/fs93m/,yes,NA,OSF,yes,NA,yes,NA,I didn't have any problems with this article,95
a001350,michelle,2020-04-07,yes,NA,yes,NA,yes,NA,2,2,https://osf.io/vnkaz/,yes,NA,https://osf.io/vnkaz/,yes,NA,OSF,yes,NA,yes,NA,NA,96
a001385,michelle,2020-04-07,yes,NA,yes,NA,yes,NA,1,1,https://osf.io/84zg3/,yes,NA,https://osf.io/84zg3/,yes,NA,OSF,yes,NA,yes,NA,I didn't have any problems with this article,97
a001387,michelle,2020-04-08,yes,NA,yes,NA,yes,NA,1,1,https://osf.io/mytx9/,yes,NA,https://osf.io/mytx9/,yes,NA,OSF,yes,NA,yes,NA,I didn't have any problems with this article,98
a001408,michelle,2020-04-08,yes,NA,yes,NA,yes,NA,1,1,https://osf.io/rgsbj/,yes,NA,https://osf.io/rgsbj/,yes,NA,OSF,yes,NA,yes,NA,"There was a link to ""supplementary data""  - this link was ignored, as there was an explicit link to the open data. Supplementary data link: https://doi.org/10.1016/j.cortex.2019.01.018",99
a001447,michelle,2020-04-08,yes,NA,yes,NA,yes,NA,1,1,https://doi.org/10.7910/DVN/ICISE4,yes,NA,https://dataverse.harvard.edu/dataset.xhtml?persistentId=doi:10.7910/DVN/ICISE4,yes,NA,HAVARD DATAVERSE,yes,NA,yes,NA,I didn't have any problems with this article,100
a001464,michelle,2020-04-08,yes,NA,yes,NA,yes,NA,1,1,http://osf.io/h7s5j,yes,NA,https://osf.io/h7s5j/,yes,NA,OSF,yes,NA,yes,NA,I didn't have any problems with this article,101
a001506,michelle,2020-04-08,yes,NA,yes,NA,other,"2 links but they essentially are the same website, text contains both https://osf.io/zg2su/files/ and https://osf.io/zg2su/",1,1,https://osf.io/zg2su/files/,yes,NA,https://osf.io/zg2su/files/,yes,NA,OSF,yes,NA,yes,NA,I didn't have any problems with this article,102
a001536,michelle,2020-04-08,yes,NA,yes,NA,yes,NA,1,1,https://osf.io/5ahzj,yes,NA,https://osf.io/5ahzj/,yes,NA,OSF,yes,NA,yes,NA,I didn't have any problems with this article,103
a001544,michelle,2020-04-08,yes,NA,yes,NA,yes,NA,1,1,https://osf.io/jp8ew/,yes,NA,https://osf.io/jp8ew,yes,NA,OSF,yes,NA,yes,NA,I didn't have any problems with this article,104
a000020,michelle,2020-04-09,yes,NA,yes,NA,yes,NA,1,1,http://reshare.ukdataservice.ac.uk/852658/,yes,NA,http://reshare.ukdataservice.ac.uk/852658/,yes,NA,UK DATA SERVICE,yes,NA,yes,NA,I didn't have any problems with this article,105
a000133,michelle,2020-04-09,yes,NA,yes,NA,yes,NA,1,1,osf.io/453ds,yes,NA,https://osf.io/453ds/,yes,NA,OSF,yes,NA,yes,NA,I didn't have any problems with this article,106
a000193,michelle,2020-04-09,yes,NA,yes,NA,yes,NA,1,1,http://osf.io/seqgd/,yes,NA,https://osf.io/seqgd,yes,NA,OSF,yes,NA,yes,NA,I didn't have any problems with this article,107
a000260,michelle,2020-04-09,yes,NA,yes,NA,yes,NA,1,1,http://fcon_1000.projects.nitrc.org/indi/enhanced/access.html,yes,NA,http://fcon_1000.projects.nitrc.org/indi/enhanced/access.html,yes,NA,INDI,other,Need to request access to retrieve data using a request access form,no,NA,"Could not download data, due to having to request for data",108
a000293,michelle,2020-04-09,yes,NA,yes,NA,yes,NA,1,1,https://osf.io/rt6w2/,yes,NA,https://osf.io/rt6w2/,yes,NA,OSF,yes,NA,other,File size exceeds 100MB,Did not download the file as file size was too big,109
a000338,michelle,2020-04-09,yes,NA,yes,NA,yes,NA,1,1,https://doi.org/10.7910/DVN/KPJUFL,yes,NA,https://dataverse.harvard.edu/dataset.xhtml?persistentId=doi:10.7910/DVN/KPJUFL,yes,NA,HAVARD DATAVERSE,yes,NA,yes,NA,I didn't have any problems with this article,110
a000379,michelle,2020-04-09,yes,NA,yes,NA,yes,NA,1,1,https://osf.io/d7w8a/,yes,NA,https://osf.io/d7w8a,yes,NA,OSF,yes,NA,yes,NA,I didn't have any problems with this article,111
a000382,michelle,2020-04-09,yes,NA,yes,NA,yes,NA,1,1,https://osf.io/t3csz/,yes,NA,https://osf.io/t3csz,yes,NA,OSF,yes,NA,yes,NA,I didn't have any problems with this article,112
a000411,michelle,2020-04-09,yes,NA,yes,NA,yes,NA,1,1,https://doi.org/10.7910/DVN/8R3LTP,yes,NA,https://dataverse.harvard.edu/dataset.xhtml?persistentId=doi:10.7910/DVN/8R3LTP,yes,NA,HAVARD DATAVERSE,yes,NA,yes,NA,I didn't have any problems with this article,113
a000475,michelle,2020-04-09,yes,NA,yes,NA,yes,NA,1,1,www.osf.io/qknug,yes,NA,https://osf.io/qknug,yes,NA,OSF,yes,NA,other,All file sizes exceeded 100MB,Did not download the files as the file sizes were too big,114
a000480,michelle,2020-04-09,yes,NA,yes,NA,yes,NA,1,1,http://dx.doi.org/10.7910/DVN/FS90RJ,yes,NA,https://dataverse.harvard.edu/dataset.xhtml?persistentId=doi:10.7910/DVN/FS90RJ,yes,NA,HAVARD DATAVERSE,yes,NA,yes,NA,I didn't have any problems with this article,115
a000504,michelle,2020-04-09,yes,NA,yes,NA,yes,NA,1,1,https://osf.io/8qzkc/?view_only=4f0b14f72e3940f38bfff87bfa2499c0,yes,NA,https://osf.io/8qzkc/?view_only=4f0b14f72e3940f38bfff87bfa2499c0,yes,NA,OSF,yes,NA,yes,NA,I didn't have any problems with this article,116
a000512,michelle,2020-04-09,yes,NA,yes,NA,yes,NA,1,1,mendeley.com,yes,NA,https://www.mendeley.com/?interaction_required=true,yes,NA,MENDELEY,other,"Link in the article takes you to the general Mendeley website, unlike the other articles where the link takes you to specific data related to that article. Creation of account required",no,NA,"Registration required, and link gets you to the Mendeley home page rather than the site where the data for the article is. ""De-identified data', supplementary data link: at https://
doi.org/10.1016/j.jesp.2019.103820.",117
a000539,michelle,2020-04-09,yes,NA,yes,NA,yes,NA,1,1,https://osf.io/px8h3/,yes,NA,https://osf.io/px8h3/,yes,NA,OSF,yes,NA,other,File size exceeds 100MB,Did not download the file as file size was too big,118
a000558,michelle,2020-04-10,yes,NA,yes,NA,yes,NA,1,1,https://osf.io/zuwxt/,yes,NA,https://osf.io/zuwxt/,yes,NA,OSF,yes,NA,yes,NA,I didn't have any problems with this article,119
a000561,michelle,2020-04-10,yes,NA,yes,NA,yes,NA,1,1,https://osf.io/ik356/,yes,NA,https://osf.io/ik356/,yes,NA,OSF,yes,NA,yes,NA,I didn't have any problems with this article,120
a000577,michelle,2020-04-10,yes,NA,yes,NA,yes,NA,1,1,https://osf.io/nmt5f/,yes,NA,https://osf.io/nmt5f/,yes,NA,OSF,yes,NA,yes,NA,I didn't have any problems with this article,121
a000594,michelle,2020-04-10,yes,NA,yes,NA,yes,NA,1,1,https://osf.io/xzp9s,yes,NA,https://osf.io/xzp9s/,yes,NA,OSF,yes,NA,yes,NA,I didn't have any problems with this article,122
a000638,michelle,2020-04-10,yes,NA,yes,NA,yes,NA,1,1,https://osf.io/59wda/,yes,NA,https://osf.io/59wda/,yes,NA,OSF,yes,NA,other,File size exceeds 100MB,Did not download the file as file size was too big; Link to analysis,123
a000936,michelle,2020-04-10,yes,NA,yes,NA,yes,NA,1,1,https://osf.io/7rajd/,yes,NA,https://osf.io/7rajd/,yes,NA,OSF,yes,NA,yes,NA,I didn't have any problems with this article,124
a000945,michelle,2020-04-10,yes,NA,yes,NA,yes,NA,1,1,https://dataverse.harvard.edu/dataset.xhtml?persistentId=doi:10.7910/DVN/GGDUND,yes,NA,https://dataverse.harvard.edu/dataset.xhtml?persistentId=doi:10.7910/DVN/GGDUND,yes,NA,HAVARD DATAVERSE,yes,NA,yes,NA,I didn't have any problems with this article,125
a000979,michelle,2020-04-10,yes,NA,yes,NA,yes,NA,1,1,https://osf.io/aj2fx/,yes,NA,https://osf.io/aj2fx/,yes,NA,OSF,yes,NA,yes,NA,I didn't have any problems with this article,126
a001006,michelle,2020-04-10,yes,NA,yes,NA,yes,NA,1,1,https://osf.io/yq5jw/,yes,NA,https://osf.io/yq5jw/,yes,NA,OSF,yes,NA,yes,NA,I didn't have any problems with this article,127
a001033,michelle,2020-04-10,yes,NA,yes,NA,yes,NA,1,1,https://osf.io/bpj7m/,yes,NA,https://osf.io/bpj7m/,yes,NA,OSF,yes,NA,yes,NA,I didn't have any problems with this article,128
a001041,michelle,2020-04-10,yes,NA,yes,NA,yes,NA,1,1,https://osf.io/z53m4,yes,NA,https://osf.io/bvjny/,yes,NA,OSF,yes,NA,yes,NA,I didn't have any problems with this article,129
a001049,michelle,2020-04-13,yes,NA,yes,NA,yes,NA,1,1,http://dx.doi.org/10.7910/DVN/X88LYH,yes,NA,https://dataverse.harvard.edu/dataset.xhtml?persistentId=doi:10.7910/DVN/X88LYH,yes,NA,HAVARD DATAVERSE,yes,NA,yes,NA,I didn't have any problems with this article,130
a001056,michelle,2020-04-13,yes,NA,yes,NA,yes,NA,1,1,osf.io/9fdhb,yes,NA,https://osf.io/9fdhb/,yes,NA,OSF,yes,NA,yes,NA,I didn't have any problems with this article,131
a001147,michelle,2020-04-13,yes,NA,yes,NA,yes,NA,1,1,https://dataverse.harvard.edu/dataset.xhtml?id=3037337,no,Error 404 Page Not found,NA,NA,NA,NA,NA,NA,NA,NA,Error 404 - page not found,132
a001178,michelle,2020-04-13,yes,NA,yes,NA,yes,NA,1,1,https://osf.io/t2856/,yes,NA,https://osf.io/t2856/,yes,NA,OSF,yes,NA,yes,NA,I didn't have any problems with this article,133
a001239,michelle,2020-04-13,yes,NA,yes,NA,yes,NA,2,1,https://osf.io/dux3n/?view_only1⁄4452552239590486e8793e573f6e8911a,yes,NA,https://osf.io/dux3n/?view_only=452552239590486e8793e573f6e8911a,yes,NA,OSF,yes,NA,other,File size exceeds 100MB,Did not download the file as file size was too big,134
a001239,michelle,2020-04-13,yes,NA,yes,NA,yes,NA,2,2,https://osf.io/dux3n,yes,NA,https://osf.io/dux3n/,yes,NA,OSF,yes,NA,other,File size exceeds 100MB,"I believe this link is the exact same as the first link, but one of them is a 'view only' version. FIle size exceeded 100MB on this link as well (same files) - supplementary data link (was ignored as there was a link to open data): https://doi.org/10.1016/j.cortex.2019.09.012.",135
a001252,michelle,2020-04-13,yes,NA,yes,NA,yes,NA,1,1,https://osf.io/jfxtr,yes,NA,https://osf.io/jfxtr/,yes,NA,OSF,yes,NA,yes,NA,I didn't have any problems with this article,136
a001263,michelle,2020-04-13,yes,NA,yes,NA,yes,NA,1,1,https://osf.io/tfwum/?view_only1⁄40cc13036c196453d940a4dafc35b715c,yes,NA,https://osf.io/tfwum/?view_only1%E2%81%8440cc13036c196453d940a4dafc35b715c,yes,NA,OSF,yes,NA,other,File size exceeds 100MB,Did not download the file as file size was too big - supplementary data link (but ignored as open data link was provided): https://doi.org/10.1016/j.cortex.2019.06.004.,137
a001280,michelle,2020-04-13,yes,NA,yes,NA,yes,NA,3,1,www.osf.io/p7xcj,yes,NA,https://osf.io/p7xcj/,yes,NA,OSF,yes,NA,yes,NA,I didn't have any problems with this link,138
a001280,michelle,2020-04-13,yes,NA,yes,NA,yes,NA,3,2,https://osf.io/cxc6f/,no,Page not found,NA,NA,NA,NA,NA,NA,NA,NA,Next 2 links - page was not found,139
a001280,michelle,2020-04-13,yes,NA,yes,NA,yes,NA,3,3,https://osf.io/y3zcn/,no,Page not found,NA,NA,NA,NA,NA,NA,NA,NA,NA,140
a001303,michelle,2020-04-13,yes,NA,yes,NA,yes,NA,1,1,https://osf.io/4exy7,yes,NA,https://osf.io/4exy7/,yes,NA,OSF,yes,NA,yes,NA,I didn't have any problems with this article,141
a001412,michelle,2020-04-13,yes,NA,yes,NA,yes,NA,1,1,https://osf.io/u65by/,yes,NA,https://osf.io/u65by/,yes,NA,OSF,yes,NA,yes,NA,I didn't have any problems with this article,142
a001449,michelle,2020-04-13,yes,NA,yes,NA,yes,NA,1,1,https://osf.io/34cd8/,yes,NA,https://osf.io/34cd8,yes,NA,OSF,yes,NA,yes,NA,I didn't have any problems with this article,143
a001496,michelle,2020-04-13,yes,NA,yes,NA,yes,NA,1,1,https://doi.org/10.7910/DVN/SRPTCV,yes,NA,https://dataverse.harvard.edu/dataset.xhtml?persistentId=doi:10.7910/DVN/SRPTCV,yes,NA,HAVARD DATAVERSE,yes,NA,yes,NA,I didn't have any problems with this article,144
a001538,michelle,2020-04-13,yes,NA,yes,NA,yes,NA,1,1,osf.io/ygzx3,yes,NA,https://osf.io/ygzx3/,yes,NA,OSF,yes,NA,yes,NA,I didn't have any problems with this article,145
a001539,michelle,2020-04-13,yes,NA,yes,NA,yes,NA,1,1,https://github.com/BlackHershey/blink-TS,yes,NA,https://github.com/BlackHershey/blink-TS,yes,NA,GITHUB,yes,NA,yes,NA,I didn't have any problems with this article,146
a001564,michelle,2020-04-13,yes,NA,yes,NA,yes,NA,1,1,https://osf.io/n9sd6/,yes,NA,https://osf.io/n9sd6/,yes,NA,OSF,yes,NA,yes,NA,I didn't have any problems with this article,147
a000029,michelle,2020-04-15,yes,NA,yes,NA,yes,NA,1,1,https://osf.io/k67ba/,yes,NA,https://osf.io/k67ba/,yes,NA,OSF,yes,NA,yes,NA,I didn't have any problems with this article,148
a000035,michelle,2020-04-15,yes,NA,yes,NA,yes,NA,1,1,https://osf.io/9tu5r/,yes,NA,https://osf.io/9tu5r/,yes,NA,OSF,yes,NA,yes,NA,I didn't have any problems with this article,149
a000036,michelle,2020-04-15,yes,NA,yes,NA,yes,NA,1,1,https://osf.io/g9yrc,yes,NA,https://osf.io/g9yrc,yes,NA,OSF,yes,NA,yes,NA,I didn't have any problems with this article,150
a000082,michelle,2020-04-15,yes,NA,yes,NA,yes,NA,1,1,https://osf.io/anc5m/,yes,NA,https://osf.io/anc5m/,yes,NA,OSF,yes,NA,yes,NA,I didn't have any problems with this article,151
a000130,michelle,2020-04-15,yes,NA,yes,NA,yes,NA,1,1,https://osf.io/pr39h/,yes,NA,https://osf.io/pr39h/,yes,NA,OSF,yes,NA,yes,NA,I didn't have any problems with this article,152
a000194,michelle,2020-04-15,yes,NA,yes,NA,yes,NA,1,1,https://osf.io/6wxgf/,yes,NA,https://osf.io/6wxgf/,yes,NA,OSF,yes,NA,yes,NA,I didn't have any problems with this article,153
a000199,michelle,2020-04-15,yes,NA,yes,NA,yes,NA,1,1,https://osf.io/p2z8a/,yes,NA,https://osf.io/p2z8a/,yes,NA,OSF,yes,NA,yes,NA,I didn't have any problems with this article,154
a000229,michelle,2020-04-15,yes,NA,yes,NA,yes,NA,1,1,https://osf.io/7c9bw/,yes,NA,https://osf.io/7c9bw/,yes,NA,OSF,yes,NA,other,"Downloaded most files, but there are a lot of different files that it took > 15 mins, a couple of files under 'Idan eng' and 'Idan foreign' left to download",Not all files downloaded due to lengthy time,155
a000231,michelle,2020-04-15,yes,NA,yes,NA,yes,NA,1,1,https://doi.org/10.7910/DVN/9SF3TI,yes,NA,https://dataverse.harvard.edu/dataset.xhtml?persistentId=doi:10.7910/DVN/9SF3TI,yes,NA,HAVARD DATAVERSE,yes,NA,other,Files were not downloading even after > 15 minutes so did not continue,Did not download files,156
a000232,michelle,2020-04-16,yes,NA,yes,NA,yes,NA,2,1,https://osf.io/rfc6r,yes,NA,https://osf.io/rfc6r,yes,NA,OSF,yes,NA,yes,NA,I didn't have any problems with this article,157
a000232,michelle,2020-04-16,yes,NA,yes,NA,yes,NA,2,2,https://osf.io/bfefu,yes,NA,https://osf.io/bfefu,yes,NA,OSF,yes,NA,yes,NA,NA,158
a000328,michelle,2020-04-16,yes,NA,yes,NA,yes,NA,1,1,https://osf.io/usfa5/?view_only=1f2e1994fc6247548499f47de64a2650.,yes,NA,https://osf.io/usfa5/?view_only=1f2e1994fc6247548499f47de64a2650,yes,NA,OSF,yes,NA,yes,NA,I didn't have any problems with this article,159
a000329,michelle,2020-04-16,yes,NA,yes,NA,yes,NA,1,1,https://osf.io/gw9jh/,yes,NA,https://osf.io/gw9jh/,yes,NA,OSF,yes,NA,yes,NA,I didn't have any problems with this article,160
a000372,michelle,2020-04-16,yes,NA,yes,NA,yes,NA,1,1,https://dataverse.harvard.edu/dataset.xhtml?persistentId=doi:10.7910/DVN/9KSHOE,yes,NA,https://dataverse.harvard.edu/dataset.xhtml?persistentId=doi:10.7910/DVN/9KSHOE,yes,NA,HAVARD DATAVERSE,yes,NA,yes,NA,I didn't have any problems with this article,161
a000441,michelle,2020-04-16,yes,NA,yes,NA,yes,NA,1,1,https://doi.org/10.7910/DVN/HUZGPJ,yes,NA,https://dataverse.harvard.edu/dataset.xhtml?persistentId=doi:10.7910/DVN/HUZGPJ,yes,NA,HAVARD DATAVERSE,yes,NA,yes,NA,I didn't have any problems with this article,162
a000464,michelle,2020-04-16,yes,NA,yes,NA,yes,NA,1,1,https://osf.io/c8gbj/,yes,NA,https://osf.io/c8gbj/,yes,NA,OSF,yes,NA,yes,NA,"Under 'Open Practices' segment, it says individual level imaging data is available upon request",163
a000507,michelle,2020-04-16,yes,NA,yes,NA,yes,NA,1,1,https://osf.io/qcdgp/,yes,NA,https://osf.io/qcdgp,yes,NA,OSF,yes,NA,yes,NA,I didn't have any problems with this article,164
a000519,michelle,2020-04-16,yes,NA,yes,NA,yes,NA,1,1,https://osf.io/9tgy4/,yes,NA,https://osf.io/9tgy4/,yes,NA,OSF,yes,NA,yes,NA,I didn't have any problems with this article,165
a000571,michelle,2020-04-16,yes,NA,yes,NA,yes,NA,1,1,https://osf.io/vcqmd/,yes,NA,https://osf.io/vcqmd/,yes,NA,OSF,yes,NA,yes,NA,I didn't have any problems with this article,166
a000598,michelle,2020-04-16,yes,NA,yes,NA,yes,NA,1,1,https://doi.org/10.7910/DVN/XYUWYJ,yes,NA,https://dataverse.harvard.edu/dataset.xhtml?persistentId=doi:10.7910/DVN/XYUWYJ,yes,NA,HAVARD DATAVERSE,yes,NA,other,File size > 100 MB,Did not download the file as file size was too big,167
a000635,michelle,2020-04-16,yes,NA,yes,NA,yes,NA,1,1,https://doi.org/10.7910/DVN/XU8ZWB,yes,NA,https://dataverse.harvard.edu/dataset.xhtml?persistentId=doi:10.7910/DVN/XU8ZWB,yes,NA,HAVARD DATAVERSE,yes,NA,yes,NA,I didn't have any problems with this article,168
a000636,michelle,2020-04-16,yes,NA,yes,NA,yes,NA,1,1,https://osf.io/7uvcp/,yes,NA,https://osf.io/7uvcp/,yes,NA,OSF,yes,NA,yes,NA,I didn't have any problems with this article,169
a000645,michelle,2020-04-16,yes,NA,yes,NA,yes,NA,1,1,https://osf.io/egtrb,yes,NA,https://osf.io/egtrb,yes,NA,OSF,yes,NA,yes,NA,"There was a supplementary data link (but ignored because there was an open data link), supplementary data link: https://doi.org/10.1016/j.jesp.2019.103876",170
a000768,michelle,2020-04-16,yes,NA,yes,NA,yes,NA,1,1,https://osf.io/maf3d,yes,NA,https://osf.io/maf3d/,yes,NA,OSF,yes,NA,yes,NA,I didn't have any problems with this article,171
a000776,michelle,2020-04-16,yes,NA,yes,NA,yes,NA,1,1,https://doi.org/10.7910/DVN/9IKGYY,yes,NA,https://dataverse.harvard.edu/dataset.xhtml?persistentId=doi:10.7910/DVN/9IKGYY,yes,NA,HAVARD DATAVERSE,yes,NA,yes,NA,I didn't have any problems with this article,172
a000783,michelle,2020-04-16,yes,NA,yes,NA,yes,NA,1,1,https://osf.io/gm95y/,yes,NA,https://osf.io/gm95y/,yes,NA,OSF,yes,NA,yes,NA,I didn't have any problems with this article,173
a000872,michelle,2020-04-16,yes,NA,yes,NA,yes,NA,3,1,https://osf.io/q8zx3/,yes,NA,https://osf.io/q8zx3/,yes,NA,OSF,yes,NA,yes,NA,I didn't have any problems with this article,174
a000872,michelle,2020-04-16,yes,NA,yes,NA,yes,NA,3,2,https://osf.io/965xu/,yes,NA,https://osf.io/965xu/,yes,NA,OSF,yes,NA,yes,NA,NA,175
a000872,michelle,2020-04-16,yes,NA,yes,NA,yes,NA,3,3,https://osf.io/mrq5g/,yes,NA,https://osf.io/mrq5g/,yes,NA,OSF,yes,NA,yes,NA,NA,176
a000873,michelle,2020-04-16,yes,NA,yes,NA,yes,NA,1,1,https://osf.io/hjt65/,yes,NA,https://osf.io/hjt65/,yes,NA,OSF,yes,NA,yes,NA,I didn't have any problems with this article,177
a000905,michelle,2020-04-16,yes,NA,yes,NA,yes,NA,1,1,https://osf.io/pfuyq,yes,NA,https://osf.io/pfuyq,yes,NA,OSF,yes,NA,yes,NA,I didn't have any problems with this article,178
a000906,michelle,2020-04-16,yes,NA,yes,NA,yes,NA,1,1,http://dx.doi.org/10.7910/DVN/NS3NMH,yes,NA,https://dataverse.harvard.edu/dataset.xhtml?persistentId=doi:10.7910/DVN/NS3NMH,yes,NA,HAVARD DATAVERSE,yes,NA,yes,NA,I didn't have any problems with this article,179
a000939,michelle,2020-04-16,yes,NA,yes,NA,yes,NA,1,1,https://osf.io/gdyu4/,yes,NA,https://osf.io/gdyu4,yes,NA,OSF,yes,NA,yes,NA,I didn't have any problems with this article,180
a000970,michelle,2020-04-16,yes,NA,yes,NA,yes,NA,1,1,osf.io/zgq7m,yes,NA,https://osf.io/zgq7m/,yes,NA,OSF,yes,NA,yes,NA,I didn't have any problems with this article,181
a001026,michelle,2020-04-16,yes,NA,yes,NA,yes,NA,1,1,https://osf.io/wc3sj/,yes,NA,https://osf.io/wc3sj/,yes,NA,OSF,yes,NA,yes,NA,I didn't have any problems with this article,182
a001116,michelle,2020-04-16,yes,NA,yes,NA,yes,NA,2,1,https://cancercontrol.cancer.gov/brp/hbrb/flashe.html,yes,NA,https://cancercontrol.cancer.gov/brp/hbrb/flashe.html,yes,NA,FLASHE,other,"To access the flashe data resource page, need to enter in email (seems like set up is required)",no,NA,Data not downloaded from first link as appears set up is required,183
a001116,michelle,2020-04-16,yes,NA,yes,NA,yes,NA,2,2,https://osf.io/x3jav/,yes,NA,https://osf.io/x3jav/,yes,NA,OSF,yes,NA,yes,NA,"Link to 'project page', says all relevant info is at this link, so assuming it also includes open data",184
a001151,michelle,2020-04-16,yes,NA,yes,NA,yes,NA,1,1,https://osf.io/79sqe/,yes,NA,https://osf.io/79sqe/,yes,NA,OSF,yes,NA,yes,NA,I didn't have any problems with this article,185
a001229,michelle,2020-04-16,yes,NA,yes,NA,yes,NA,1,1,https://osf.io/vqke2,yes,NA,https://osf.io/vqke2/,yes,NA,OSF,yes,NA,yes,NA,I didn't have any problems with this article,186
a001343,michelle,2020-04-16,yes,NA,yes,NA,yes,NA,1,1,https://osf.io/xefc4/,yes,NA,https://osf.io/xefc4,yes,NA,OSF,yes,NA,yes,NA,I didn't have any problems with this article,187
a001386,michelle,2020-04-16,yes,NA,yes,NA,yes,NA,1,1,osf.io/exp4n,yes,NA,https://osf.io/exp4n/,yes,NA,OSF,yes,NA,yes,NA,I didn't have any problems with this article,188
a001490,michelle,2020-04-16,yes,NA,yes,NA,yes,NA,1,1,https://osf.io/,yes,NA,https://osf.io/,yes,NA,OSF,other,"Link is just to the OSF homepage, not to a specific link pertaining to the article",no,NA,Link is not specified - directs to OSF homepage,189
a001545,michelle,2020-04-16,yes,NA,yes,NA,yes,NA,2,1,https://www.icpsr.umich.edu/icpsrweb/ICPSR/series/00233,yes,NA,https://www.icpsr.umich.edu/icpsrweb/ICPSR/series/00233,yes,NA,ICPSR,other,"Text in the article mentions: Our data-use agreement prevented us from posting these data online, but the data set is available on request from the ICPSR website - so cannot seem to access open data",no,NA,Cannot seem to access open data as need to request it from ICPSR,190
a001545,michelle,2020-04-16,yes,NA,yes,NA,yes,NA,2,2,https://nces.ed.gov/ecls/dataproducts.asp,no,Error 403: Forbidden - access is denied,NA,NA,NA,NA,NA,NA,NA,NA,Error 403 - Forbidden access to link 2,191
a001567,michelle,2020-04-16,yes,NA,yes,NA,yes,NA,1,1,https://osf.io/6csnh/,yes,NA,https://osf.io/6csnh/,yes,NA,OSF,yes,NA,yes,NA,I didn't have any problems with this article,192
a000004,michelle,2020-04-20,yes,NA,yes,NA,yes,NA,1,1,https://osf.io/4sqn3/,yes,NA,https://osf.io/4sqn3/,yes,NA,OSF,yes,NA,yes,NA,I didn't have any problems with this article,193
a000007,michelle,2020-04-20,yes,NA,yes,NA,yes,NA,1,1,https://osf.io/wds5y,yes,NA,https://osf.io/wds5y/,yes,NA,OSF,yes,NA,yes,NA,I didn't have any problems with this article,194
a000015,michelle,2020-04-20,yes,NA,yes,NA,yes,NA,1,1,https://osf.io/f3dh6,yes,NA,https://osf.io/f3dh6/,yes,NA,OSF,yes,NA,yes,NA,I didn't have any problems with this article,195
a000038,michelle,2020-04-20,yes,NA,yes,NA,yes,NA,1,1,https://osf.io/6ayhs,yes,NA,https://osf.io/6ayhs/,yes,NA,OSF,yes,NA,yes,NA,I didn't have any problems with this article,196
a000063,michelle,2020-04-20,yes,NA,yes,NA,yes,NA,1,1,https://osf.io/ucn6q,yes,NA,https://osf.io/ucn6q/,yes,NA,OSF,yes,NA,yes,NA,I didn't have any problems with this article,197
a000147,michelle,2020-04-20,yes,NA,yes,NA,yes,NA,1,1,osf.io/cwenz,yes,NA,https://osf.io/cwenz/,yes,NA,OSF,yes,NA,other,1 of the zip files (Github zip file) > 100MB,Did not download one of the zip files due to size,198
a000160,michelle,2020-04-20,yes,NA,yes,NA,yes,NA,1,1,http://childes.talkbank.org/,yes,NA,https://childes.talkbank.org/,yes,NA,TALKBANK,other,"Cannot seem to find specific data to the article, tried going on 'Browse Database' but no indication of which data was used",no,NA,Cannot find appropriate data via website given in article,199
a000205,michelle,2020-04-20,yes,NA,yes,NA,yes,NA,1,1,https://osf.io/g6tnd/,yes,NA,https://osf.io/g6tnd,yes,NA,OSF,yes,NA,yes,NA,I didn't have any problems with this article,200
a000243,michelle,2020-04-20,yes,NA,yes,NA,yes,NA,1,1,https://datadryad.org//resource/doi:10.5061/dryad.q88sm,yes,NA,https://datadryad.org/stash/dataset/doi:10.5061/dryad.q88sm,yes,NA,DRYAD,yes,NA,yes,NA,I didn't have any problems with this article,201
a000253,michelle,2020-04-20,yes,NA,yes,NA,yes,NA,1,1,https://osf.io/ewr45,yes,NA,https://osf.io/ewr45,yes,NA,OSF,yes,NA,yes,NA,I didn't have any problems with this article,202
a000457,michelle,2020-04-20,yes,NA,yes,NA,yes,NA,1,1,https://osf.io/gjc5b/,yes,NA,https://osf.io/gjc5b/,yes,NA,OSF,yes,NA,yes,NA,I didn't have any problems with this article,203
a000492,michelle,2020-04-20,yes,NA,yes,NA,yes,NA,2,1,https://osf.io/2zbvs/?view_only=8b56bf1e32d147a5a673f0c3494d25ff,yes,NA,https://osf.io/2zbvs/?view_only=8b56bf1e32d147a5a673f0c3494d25ff,yes,NA,OSF,yes,NA,yes,NA,I didn't have any problems with this article,204
a000492,michelle,2020-04-20,yes,NA,yes,NA,yes,NA,2,2,https://osf.io/2zbvs/,yes,NA,https://osf.io/2zbvs/,yes,NA,OSF,other,"Seems this is the non view only link of link 1, so same files as link 1 are available",other,Link leads to data files already downloaded via previous link so not downloaded,NA,205
a000535,michelle,2020-04-21,yes,NA,yes,NA,yes,NA,2,1,https://osf.io/rkf9p/,yes,NA,https://osf.io/rkf9p/,yes,NA,OSF,yes,NA,yes,NA,I didn't have any problems with this article,206
a000535,michelle,2020-04-21,yes,NA,yes,NA,yes,NA,2,2,https://osf.io/ygwda/,yes,NA,https://osf.io/ygwda/,yes,NA,OSF,other,files are included in the first link so did not download the files from this link,other,Link leads to data files already downloaded via previous link so not downloaded,NA,207
a000649,michelle,2020-04-21,yes,NA,yes,NA,yes,NA,1,1,https://osf.io/3qskj/,yes,NA,https://osf.io/3qskj/,yes,NA,OSF,yes,NA,yes,NA,I didn't have any problems with this article,208
a000652,michelle,2020-04-21,yes,NA,yes,NA,yes,NA,1,1,https://osf.io/x9kqz/,yes,NA,https://osf.io/x9kqz/,yes,NA,OSF,yes,NA,yes,NA,I didn't have any problems with this article,209
a000658,michelle,2020-04-21,yes,NA,yes,NA,yes,NA,1,1,https://osf.io/9cxwb/,yes,NA,https://osf.io/9cxwb/,yes,NA,OSF,yes,NA,yes,NA,I didn't have any problems with this article,210
a000663,michelle,2020-04-21,yes,NA,yes,NA,yes,NA,1,1,https://osf.io/z7kq2/,yes,NA,https://osf.io/z7kq2/,yes,NA,OSF,yes,NA,yes,NA,I didn't have any problems with this article,211
a000668,michelle,2020-04-21,yes,NA,yes,NA,yes,NA,1,1,http://dx.doi.org/10.7910/DVN/TIXGF8,yes,NA,https://dataverse.harvard.edu/dataset.xhtml?persistentId=doi:10.7910/DVN/TIXGF8,yes,NA,HAVARD DATAVERSE,yes,NA,yes,NA,I didn't have any problems with this article,212
a000730,michelle,2020-04-21,yes,NA,yes,NA,yes,NA,1,1,http://dx.doi.org/10.17605/osf.io/hzpgy,yes,NA,https://osf.io/hzpgy/,yes,NA,OSF,yes,NA,yes,NA,I didn't have any problems with this article,213
a000807,michelle,2020-04-21,yes,NA,yes,NA,yes,NA,1,1,https://osf.io/x9h8b/,yes,NA,https://osf.io/x9h8b/,yes,NA,OSF,yes,NA,yes,NA,I didn't have any problems with this article,214
a000831,michelle,2020-04-21,yes,NA,yes,NA,no,NA,NA,NA,NA,NA,NA,NA,NA,NA,NA,NA,NA,NA,NA,"Under open practices, it says: 'Materials and data for the experiment
are available at (will be available upon publication).' But there is a link to supplementary data: at http://dx.doi.org/10.1016/j.jesp.2017.09.002.",215
a000853,michelle,2020-04-21,yes,NA,yes,NA,yes,NA,1,1,https://doi.org/10.7910/DVN/3DMNPE,yes,NA,https://dataverse.harvard.edu/dataset.xhtml?persistentId=doi:10.7910/DVN/3DMNPE,yes,NA,HAVARD DATAVERSE,yes,NA,yes,NA,I didn't have any problems with this article,216
a000974,michelle,2020-04-21,yes,NA,yes,NA,yes,NA,1,1,https://osf.io/xscvw/,yes,NA,https://osf.io/xscvw/,yes,NA,OSF,yes,NA,yes,NA,I didn't have any problems with this article,217
a000993,michelle,2020-04-21,yes,NA,yes,NA,yes,NA,1,1,https://osf.io/72b89/,yes,NA,https://osf.io/72b89/,yes,NA,OSF,yes,NA,yes,NA,I didn't have any problems with this article,218
a001076,michelle,2020-04-21,yes,NA,yes,NA,yes,NA,1,1,https://osf.io/a63ez,yes,NA,https://osf.io/a63ez/,yes,NA,OSF,yes,NA,yes,NA,I didn't have any problems with this article,219
a001086,michelle,2020-04-21,yes,NA,yes,NA,yes,NA,1,1,https://figshare.com/articles/Fictional_First_Memories/6115676,yes,NA,https://figshare.com/articles/Fictional_First_Memories/6115676,yes,NA,FIGSHARE,yes,NA,yes,NA,I didn't have any problems with this article,220
a001106,michelle,2020-04-21,yes,NA,yes,NA,yes,NA,1,1,https://osf.io/pfjsd/,yes,NA,https://osf.io/pfjsd/,yes,NA,OSF,yes,NA,yes,NA,I didn't have any problems with this article,221
a001107,michelle,2020-04-21,yes,NA,yes,NA,yes,NA,1,1,https://doi.org/10.7910/DVN/FTFJTV,yes,NA,https://dataverse.harvard.edu/dataset.xhtml?persistentId=doi:10.7910/DVN/FTFJTV,yes,NA,HAVARD DATAVERSE,yes,NA,yes,NA,I didn't have any problems with this article,222
a001129,michelle,2020-04-22,yes,NA,yes,NA,yes,NA,1,1,https://osf.io/7pw8r/,yes,NA,https://osf.io/7pw8r/,yes,NA,OSF,yes,NA,yes,NA,I didn't have any problems with this article,223
a001152,michelle,2020-04-22,yes,NA,yes,NA,yes,NA,1,1,https://osf.io/sbntf/?view_only1⁄412aeec9cda114f6eb138064f6c45aefe,yes,NA,https://osf.io/sbntf?view_only=12aeec9cda114f6eb138064f6c45aefe,yes,NA,OSF,yes,NA,yes,NA,I didn't have any problems with this article,224
a001217,michelle,2020-04-22,yes,NA,yes,NA,yes,NA,1,1,https://osf.io/hd42c/,yes,NA,https://osf.io/hd42c/,yes,NA,OSF,yes,NA,yes,NA,I didn't have any problems with this article,225
a001260,michelle,2020-04-22,yes,NA,yes,NA,yes,NA,1,1,https://osf.io/3cmz4/,yes,NA,https://osf.io/3cmz4/,yes,NA,OSF,yes,NA,yes,NA,I didn't have any problems with this article,226
a001289,michelle,2020-04-22,yes,NA,yes,NA,yes,NA,1,1,https://doi.org/10.7910/DVN/JQEUBQ,yes,NA,https://dataverse.harvard.edu/dataset.xhtml?persistentId=doi:10.7910/DVN/JQEUBQ,yes,NA,HAVARD DATAVERSE,yes,NA,other,There were 6 files that were not downloaded as access was needed to be granted to download,Majority of files were downloaded but 6 were not,227
a001336,michelle,2020-04-22,yes,NA,yes,NA,yes,NA,1,1,https://osf.io/m6p82/,yes,NA,https://osf.io/m6p82/,yes,NA,OSF,yes,NA,other,File size exceeds 100 MB,Did not download the file as file size was too big,228
a001395,michelle,2020-04-22,yes,NA,yes,NA,yes,NA,1,1,https://osf.io/2pnu6/,yes,NA,https://osf.io/2pnu6/,yes,NA,OSF,yes,NA,yes,NA,I didn't have any problems with this article,229
a001397,michelle,2020-04-22,yes,NA,yes,NA,yes,NA,1,1,https://osf.io/236zg/,yes,NA,https://osf.io/236zg/,yes,NA,OSF,yes,NA,yes,NA,I didn't have any problems with this article,230
a001411,michelle,2020-04-22,yes,NA,yes,NA,yes,NA,1,1,https://osf.io/bqyhd/,yes,NA,https://osf.io/bqyhd/,yes,NA,OSF,yes,NA,yes,NA,I didn't have any problems with this article,231
a001469,michelle,2020-04-22,yes,NA,yes,NA,yes,NA,1,1,https://osf.io/fhegd/,yes,NA,https://osf.io/fhegd,yes,NA,OSF,yes,NA,yes,NA,I didn't have any problems with this article,232
a001493,michelle,2020-04-22,yes,NA,yes,NA,yes,NA,3,1,http://hrsonline.isr.umich.edu/index.php?p=avail&_ga=2.193912365.1038497410.1542961645-2121603621.1539110961,yes,NA,http://hrsonline.isr.umich.edu/index.php?p=avail&_ga=2.193912365.1038497410.1542961645-2121603621.1539110961,yes,NA,HRS,yes,NA,other,Need to be registered user to access data,Registered user required for data,233
a001493,michelle,2020-04-22,yes,NA,yes,NA,yes,NA,3,2,https://hrs.isr.umich.edu/documentation?_ga=2.27770172.1038497410.1542961645-2121603621.1539110961,yes,NA,https://hrs.isr.umich.edu/documentation?_ga=2.27770172.1038497410.1542961645-2121603621.1539110961,yes,NA,HRS,other,Redirects to the 'Documentation' page - no specific data seems available pertaining to the article,no,NA,Link doesn't seem to direct to where specific data can be found,234
a001493,michelle,2020-04-22,yes,NA,yes,NA,yes,NA,3,3,https://osf.io/pn3vt/,yes,NA,https://osf.io/pn3vt/,yes,NA,OSF,yes,NA,yes,NA,"Link 1 & 2 unsuccessful for data, link 3 works",235
a001596,michelle,2020-04-22,yes,NA,yes,NA,yes,NA,1,1,https://osf.io/tsyrj,yes,NA,https://osf.io/tsyrj/,yes,NA,OSF,yes,NA,yes,NA,I didn't have any problems with this article,236
a000134,michelle,2020-04-23,yes,NA,yes,NA,yes,NA,1,1,https://osf.io/b8zft/,yes,NA,https://osf.io/b8zft/,yes,NA,OSF,yes,NA,yes,NA,I didn't have any problems with this article,237
a000156,michelle,2020-04-23,yes,NA,yes,NA,yes,NA,1,1,https://osf.io/3csng/,yes,NA,https://osf.io/3csng/,yes,NA,OSF,yes,NA,yes,NA,I didn't have any problems with this article,238
a000202,michelle,2020-04-23,yes,NA,yes,NA,yes,NA,1,1,https://osf.io/dv7ab/,yes,NA,https://osf.io/dv7ab/,yes,NA,OSF,yes,NA,yes,NA,I didn't have any problems with this article,239
a000203,michelle,2020-04-23,yes,NA,yes,NA,yes,NA,1,1,https://osf.io/c5kme/,yes,NA,https://osf.io/c5kme/,yes,NA,OSF,yes,NA,yes,NA,I didn't have any problems with this article,240
a000299,michelle,2020-04-23,yes,NA,yes,NA,yes,NA,1,1,https://osf.io/zbu3x/,yes,NA,https://osf.io/zbu3x/,yes,NA,OSF,yes,NA,yes,NA,"There was a supplementary data link (but ignored because there was an open data link), supplementary data link: doi.org/10.1016/j.jesp.2019.04.008",241
a000463,michelle,2020-04-23,yes,NA,yes,NA,yes,NA,1,1,https://osf.io/t2wby/,yes,NA,https://osf.io/t2wby/,yes,NA,OSF,yes,NA,yes,NA,I didn't have any problems with this article,242
a000496,michelle,2020-04-23,yes,NA,yes,NA,yes,NA,1,1,osf.io/9ua8f,yes,NA,https://osf.io/9ua8f,yes,NA,OSF,yes,NA,yes,NA,I didn't have any problems with this article,243
a000544,michelle,2020-04-23,yes,NA,yes,NA,yes,NA,1,1,https://data.mendeley.com/datasets/48jhxswdrv/draft?a=037ef882-2002-45e8-88ad-f8ee8e7bea37,yes,NA,https://data.mendeley.com/datasets/48jhxswdrv/draft?a=037ef882-2002-45e8-88ad-f8ee8e7bea37,yes,NA,MENDELEY DATA,yes,NA,yes,NA,"There was a supplementary data link (but ignored because there was an open data link), supplementary data link: https://doi.org/10.1016/j.jesp.2019.103887",244
a000588,michelle,2020-04-23,yes,NA,yes,NA,yes,NA,1,1,https://dataverse.harvard.edu/dataset.xhtml?persistentId=doi:10.7910/DVN/HMCRD7,yes,NA,https://dataverse.harvard.edu/dataset.xhtml?persistentId=doi:10.7910/DVN/HMCRD7,yes,NA,HAVARD DATAVERSE,yes,NA,yes,NA,I didn't have any problems with this article,245
a000655,michelle,2020-04-23,yes,NA,yes,NA,yes,NA,1,1,https://db.humanconnectome.org,yes,NA,https://db.humanconnectome.org/app/template/Login.vm,yes,NA,CONNECT TO ME DB,other,Link directs to log in screen - seems as if login is required to access data,no,NA,"Login seems to be required to access data, but there was a supplementary data link: https://doi.org/10.1016/j.cortex.2019.04.015.",246
a000670,michelle,2020-04-23,yes,NA,yes,NA,yes,NA,1,1,https://osf.io/9ej2c/,yes,NA,https://osf.io/9ej2c,yes,NA,OSF,yes,NA,yes,NA,I didn't have any problems with this article,247
a000685,michelle,2020-04-23,yes,NA,yes,NA,no,NA,NA,NA,NA,NA,NA,NA,NA,NA,NA,NA,NA,NA,NA,Only contains links for the code and materials required to replicate the analyses in the article. Access to data can be made available upon request via contacting the corresponding author,248
a000692,michelle,2020-04-23,yes,NA,yes,NA,other,Says data is available via 'online supplements' - there is a link to supplementary data which I will use,1,1,https://doi.org/10.1016/j.jesp.2018.03.018,yes,NA,https://www.sciencedirect.com/science/article/abs/pii/S0022103117303244?via%3Dihub,other,Makes reference to Mendeley (which is the repository),MENDELEY,yes,NA,yes,NA,NA,249
a000702,michelle,2020-04-23,yes,NA,yes,NA,yes,NA,1,1,http://dx.doi.org/10.7910/DVN/DJ2DPZ,yes,NA,https://dataverse.harvard.edu/dataset.xhtml?persistentId=doi:10.7910/DVN/DJ2DPZ,yes,NA,HAVARD DATAVERSE,yes,NA,yes,NA,I didn't have any problems with this article,250
a000734,michelle,2020-04-23,yes,NA,yes,NA,yes,NA,1,1,https://osf.io/gjt37/,yes,NA,https://osf.io/gjt37,yes,NA,OSF,yes,NA,yes,NA,I didn't have any problems with this article,251
a000818,michelle,2020-04-23,yes,NA,yes,NA,yes,NA,1,1,https://osf.io/pnr8s/?view_only=75ef6bf7b5244202a504b9150061157f,yes,NA,https://osf.io/pnr8s/?view_only=75ef6bf7b5244202a504b9150061157f,yes,NA,OSF,yes,NA,yes,NA,I didn't have any problems with this article,252
a000834,michelle,2020-04-24,yes,NA,yes,NA,yes,NA,1,1,https://osf.io/anpbm/,yes,NA,https://osf.io/anpbm/,yes,NA,OSF,yes,NA,yes,NA,"There was a supplementary data link (but ignored because there was an open data link), supplementary data link: https://doi.org/10.1016/j.jesp.2019.103870.",253
a000848,michelle,2020-04-24,yes,NA,yes,NA,yes,NA,1,1,http://doi.org/10.3886/E109001V5,yes,NA,https://www.openicpsr.org/openicpsr/project/109001/version/V5/view,yes,NA,ICPSR,yes,NA,other,Login is required to download data,"Login seems to be required to access data, but there was a supplementary data link: at https://doi.org/10.1016/j.jesp.2019.103869",254
a000851,michelle,2020-04-24,yes,NA,other,"No explicit reference to Open Data, rather it says that 'materials are available at https://www.iris-database.org/iris/app/home/detail?id5york%3a936220&ref5search/. However, text mentions 'The online databases were ERIC, LLBA,
PsycINFO, ProQuest, Cambridge Core, Google, and Google Scholar.'",no,NA,NA,NA,NA,NA,NA,NA,NA,NA,NA,NA,NA,NA,NA,NA,255
a000865,michelle,2020-04-24,yes,NA,yes,NA,yes,NA,1,1,https://osf.io/h7k9p/?view_only=2b0f6b3dbce2430fb41b2b85b27daf75,yes,NA,https://osf.io/h7k9p/?view_only=2b0f6b3dbce2430fb41b2b85b27daf75,yes,NA,OSF,yes,NA,yes,NA,I didn't have any problems with this article,256
a000991,michelle,2020-04-24,yes,NA,yes,NA,yes,NA,1,1,https://osf.io/4rmnv/?view_only=fee3f4f700b54af3ab8ee45e299507d0,yes,NA,https://osf.io/4rmnv/?view_only=fee3f4f700b54af3ab8ee45e299507d0,yes,NA,OSF,yes,NA,yes,NA,"Technically there were 2 links, but one is simply the view only version of the other (both have the same content). There was a supplementary data link (but ignored because there was an open data link), supplementary data link: at https://doi.org/10.1016/j.jesp.2018.04.001",257
a001005,michelle,2020-04-24,yes,NA,yes,NA,yes,NA,1,1,https://osf.io/x8bv9/DOI10.17605/OSF.IO/X8BV9,no,"Says page isnot found. However, the article also mentions to access data, one can contact the author Elisa Martin-Arevalo (emartina@ugr.es)",NA,NA,NA,NA,NA,NA,NA,NA,"Link given does not work, but article also mentions to contact author for data and materials",258
a001100,michelle,2020-04-24,yes,NA,yes,NA,yes,NA,1,1,https://madata.bib.uni-mannheim.de/266/,yes,NA,https://madata.bib.uni-mannheim.de/266/,yes,NA,MADATA,yes,NA,yes,NA,I didn't have any problems with this article,259
a001135,michelle,2020-04-24,yes,NA,yes,NA,yes,NA,1,1,http://dx.doi.org/10.7910/DVN/26134,yes,NA,https://dataverse.harvard.edu/dataset.xhtml?persistentId=doi:10.7910/DVN/26134,yes,NA,HAVARD DATAVERSE,yes,NA,other,"Most files were downloaded, however some could not be downloaded because access needs to be granted",Not all files downloaded,260
a001170,michelle,2020-04-24,yes,NA,yes,NA,yes,NA,1,1,https://osf.io/mxf5w/,yes,NA,https://osf.io/mxf5w,yes,NA,OSF,yes,NA,yes,NA,I didn't have any problems with this article,261
a001196,michelle,2020-04-24,yes,NA,yes,NA,yes,NA,1,1,https://osf.io/rdfm3/,yes,NA,https://osf.io/rdfm3/,yes,NA,OSF,yes,NA,yes,NA,I didn't have any problems with this article,262
a001306,michelle,2020-04-24,yes,NA,yes,NA,yes,NA,1,1,https://doi.org/10.7910/DVN/ZSJA25,yes,NA,https://dataverse.harvard.edu/dataset.xhtml?persistentId=doi:10.7910/DVN/ZSJA25,yes,NA,HAVARD DATAVERSE,yes,NA,yes,NA,I didn't have any problems with this article,263
a001310,michelle,2020-04-24,yes,NA,yes,NA,yes,NA,1,1,https://osf.io/27gwb,yes,NA,https://osf.io/27gwb/,yes,NA,OSF,yes,NA,yes,NA,I didn't have any problems with this article,264
a001316,michelle,2020-04-24,yes,NA,yes,NA,yes,NA,1,1,https://osf.io/9cmxw/,yes,NA,https://osf.io/9cmxw/,yes,NA,OSF,yes,NA,yes,NA,I didn't have any problems with this article,265
a001319,michelle,2020-04-24,yes,NA,yes,NA,yes,NA,1,1,http://doi.org/10.7910/DVN/3DK6JA,yes,NA,https://dataverse.harvard.edu/dataset.xhtml?persistentId=doi:10.7910/DVN/3DK6JA,yes,NA,HAVARD DATAVERSE,yes,NA,yes,NA,I didn't have any problems with this article,266
a001337,michelle,2020-04-24,yes,NA,yes,NA,yes,NA,1,1,https://osf.io/reky2,yes,NA,https://osf.io/reky2/,yes,NA,OSF,yes,NA,yes,NA,I didn't have any problems with this article,267
a001374,michelle,2020-04-24,yes,NA,yes,NA,yes,NA,1,1,https://osf.io/9cndv,yes,NA,https://osf.io/9cndv/,yes,NA,OSF,yes,NA,yes,NA,I didn't have any problems with this article,268
a001433,michelle,2020-04-24,yes,NA,yes,NA,yes,NA,1,1,https://osf.io/8bjcs/,yes,NA,https://osf.io/8bjcs,yes,NA,OSF,yes,NA,yes,NA,I didn't have any problems with this article,269
a001466,michelle,2020-04-24,yes,NA,yes,NA,yes,NA,1,1,https://osf.io/jpbnu/?view_only=2ba7656345b94dacaf1210e8185a5967,yes,NA,https://osf.io/jpbnu/?view_only=2ba7656345b94dacaf1210e8185a5967,yes,NA,OSF,yes,NA,yes,NA,I didn't have any problems with this article,270
a001495,michelle,2020-04-24,yes,NA,yes,NA,yes,NA,1,1,https://osf.io/5zimh/,yes,NA,https://osf.io/5zimh/,yes,NA,OSF,yes,NA,yes,NA,I didn't have any problems with this article,271
a001529,michelle,2020-04-24,yes,NA,yes,NA,yes,NA,1,1,http://doi.org/10.7910/DVN/B9SCDJ,yes,NA,https://dataverse.harvard.edu/dataset.xhtml?persistentId=doi:10.7910/DVN/B9SCDJ,yes,NA,HAVARD DATAVERSE,yes,NA,yes,NA,I didn't have any problems with this article,272
a001547,michelle,2020-04-24,yes,NA,yes,NA,yes,NA,1,1,http://osf.io/s92i4/,yes,NA,https://osf.io/s92i4,yes,NA,OSF,yes,NA,yes,NA,I didn't have any problems with this article,273
a001582,michelle,2020-04-24,yes,NA,yes,NA,yes,NA,1,1,osf.io/kcp9z,yes,NA,https://osf.io/kcp9z/,yes,NA,OSF,yes,NA,other,2/3 zip files successfully downloaded. One of the zip files exceeded 100MB,2/3 zip files downloaded as other was too big (greater than 100MB),274
a001585,michelle,2020-04-24,yes,NA,yes,NA,yes,NA,1,1,https://osf.io/3z8xa/,yes,NA,https://osf.io/3z8xa/,yes,NA,OSF,yes,NA,other,File size exceeds 100MB,File now downloaded as size > 100MB,275
a001660,michelle,2020-04-24,yes,NA,yes,NA,yes,NA,1,1,osf.io/nqas7,yes,NA,https://osf.io/nqas7/,yes,NA,OSF,yes,NA,yes,NA,I didn't have any problems with this article,276
a000010,michelle,2020-04-28,yes,NA,yes,NA,yes,NA,1,1,https://osf.io/6yhmp/,yes,NA,https://osf.io/6yhmp/,yes,NA,OSF,yes,NA,yes,NA,"Two data sets linked, but the second link seemed more directly relevant than the first (Fatfouta & Schroder-Abe, 2017)",277
a000039,michelle,2020-04-28,yes,NA,yes,NA,yes,NA,1,1,https://doi.org/10.7910/DVN/7EWDRF,yes,NA,https://dataverse.harvard.edu/dataset.xhtml?persistentId=doi:10.7910/DVN/7EWDRF,yes,NA,HAVARD DATAVERSE,yes,NA,other,File size exceeds 100MB,File now downloaded as size > 100MB,278
a000066,michelle,2020-04-28,yes,NA,yes,NA,yes,NA,1,1,https://osf.io/dtgaa/,yes,NA,https://osf.io/dtgaa/,yes,NA,OSF,yes,NA,yes,NA,"There was a supplementary data link (but ignored because there was an open data link), supplementary data link: https://doi.org/10.1016/j.jrp.2018.04.001",279
a000110,michelle,2020-04-28,yes,NA,yes,NA,yes,NA,1,1,https://osf.io/4d2ve/,yes,NA,https://osf.io/4d2ve/,yes,NA,OSF,yes,NA,yes,NA,I didn't have any problems with this article,280
a000112,michelle,2020-04-28,yes,NA,yes,NA,yes,NA,1,1,https://osf.io/wcuhx/,yes,NA,https://osf.io/wcuhx/,yes,NA,OSF,yes,NA,yes,NA,I didn't have any problems with this article,281
a000284,michelle,2020-04-28,yes,NA,yes,NA,yes,NA,1,1,https://doi.org/10.5281/zenodo.2593735,yes,NA,https://zenodo.org/record/2593735#.XqeoS5Mzb-Y,yes,NA,ZENODO,yes,NA,yes,NA,I didn't have any problems with this article,282
a000297,michelle,2020-04-28,yes,NA,yes,NA,yes,NA,1,1,https://osf.io/gzyth/,yes,NA,https://osf.io/gzyth/,yes,NA,OSF,yes,NA,yes,NA,I didn't have any problems with this article,283
a000324,michelle,2020-04-28,yes,NA,yes,NA,yes,NA,1,1,osf.io/bmaf2,yes,NA,https://osf.io/bmaf2/,yes,NA,OSF,yes,NA,yes,NA,I didn't have any problems with this article,284
a000356,michelle,2020-04-29,yes,NA,yes,NA,yes,NA,1,1,https://doi.org/10.5283/epub.38033,yes,NA,https://epub.uni-regensburg.de/38033/,yes,NA,UNIVERSITY OF REGENSBURG PUBLICATION SERVER,yes,NA,yes,NA,I didn't have any problems with this article,285
a000376,michelle,2020-04-29,yes,NA,yes,NA,yes,NA,1,1,https://osf.io/r96hg/,yes,NA,https://osf.io/r96hg/,yes,NA,OSF,yes,NA,yes,NA,I didn't have any problems with this article,286
a000444,michelle,2020-04-29,yes,NA,yes,NA,yes,NA,1,1,https://data.mendeley.com/datasets/f2wvbpsmyv/draft?a=e8c3968c-8b4a-47b5-a7d1-5aa120f1bc76,yes,NA,https://data.mendeley.com/datasets/f2wvbpsmyv/1,yes,NA,MENDELEY,yes,NA,yes,NA,"There was a supplementary data link (but ignored because there was an open data link), supplementary data link: online at https://doi.org/10.1016/j.jesp.2019.103877",287
a000491,michelle,2020-04-29,yes,NA,yes,NA,yes,NA,1,1,http://osf.io/pzvue,yes,NA,https://osf.io/pzvue/,yes,NA,OSF,yes,NA,yes,NA,I didn't have any problems with this article,288
a000639,michelle,2020-04-29,yes,NA,no,NA,yes,NA,1,1,https://osf.io/3r2q9/,yes,NA,https://osf.io/3r2q9/,yes,NA,OSF,yes,NA,yes,NA,I didn't have any problems with this article,289
a000642,michelle,2020-04-29,yes,NA,yes,NA,yes,NA,1,1,https://osf.io/5yau4/,yes,NA,https://osf.io/5yau4,yes,NA,OSF,yes,NA,yes,NA,I didn't have any problems with this article,290
a000657,michelle,2020-04-29,yes,NA,yes,NA,yes,NA,1,1,https://doi.org/10.7910/DVN/GDFJ4N,yes,NA,https://dataverse.harvard.edu/dataset.xhtml?persistentId=doi:10.7910/DVN/GDFJ4N,yes,NA,HAVARD DATAVERSE,yes,NA,yes,NA,I didn't have any problems with this article,291
a000673,michelle,2020-04-29,yes,NA,yes,NA,yes,NA,1,1,https://doi.org/10.7910/DVN/HI1X4O,yes,NA,https://dataverse.harvard.edu/dataset.xhtml?persistentId=doi:10.7910/DVN/HI1X4O,yes,NA,HAVARD DATAVERSE,yes,NA,other,File size > 100MB,Did not download files as they were greater than 100MB,292
a000788,michelle,2020-04-29,yes,NA,yes,NA,yes,NA,1,1,osf.io/z4dxa,yes,NA,https://osf.io/z4dxa/,yes,NA,OSF,yes,NA,yes,NA,"There was a supplementary data link (but ignored because there was an open data link), supplementary data link: online at https://doi.org/10.1016/j.evolhumbehav.2018.03.008",293
a000804,michelle,2020-04-29,yes,NA,yes,NA,yes,NA,1,1,https://osf.io/9k3sw/,yes,NA,https://osf.io/9k3sw/,yes,NA,OSF,yes,NA,yes,NA,I didn't have any problems with this article,294
a000812,michelle,2020-04-29,yes,NA,yes,NA,yes,NA,1,1,https://osf.io/7vef5/,yes,NA,https://osf.io/7vef5/,yes,NA,OSF,yes,NA,yes,NA,I didn't have any problems with this article,295
a000844,michelle,2020-04-29,yes,NA,yes,NA,yes,NA,1,1,https://osf.io/3r96f/,yes,NA,https://osf.io/3r96f/,yes,NA,OSF,yes,NA,yes,NA,I didn't have any problems with this article,296
a000915,michelle,2020-04-29,yes,NA,yes,NA,yes,NA,1,1,https://osf.io/a9fmd/,yes,NA,https://osf.io/a9fmd/,yes,NA,OSF,yes,NA,yes,NA,"There was a supplementary data link (but ignored because there was an open data link), supplementary data link: online at https://doi.org/10.1016/j.jesp.2018.09.005",297
a001035,michelle,2020-04-29,no,NA,yes,NA,yes,NA,1,1,https://osf.io/g3dfy/,yes,NA,https://osf.io/g3dfy,yes,NA,OSF,yes,NA,yes,NA,No Open Data badge,298
a001036,michelle,2020-04-29,yes,NA,yes,NA,yes,NA,1,1,https://osf.io/zxp9k/,yes,NA,https://osf.io/zxp9k/,yes,NA,OSF,yes,NA,yes,NA,I didn't have any problems with this article,299
a001130,michelle,2020-04-29,yes,NA,no,NA,no,NA,0,NA,NA,NA,NA,NA,NA,NA,NA,NA,NA,NA,NA,No data availability statement or open data links,300
a001158,michelle,2020-04-29,yes,NA,yes,NA,yes,NA,1,1,https://osf.io/75mau/,yes,NA,https://osf.io/75mau/,yes,NA,OSF,yes,NA,yes,NA,I didn't have any problems with this article,301
a001245,michelle,2020-04-30,yes,NA,yes,NA,yes,NA,1,1,https://doi.org/10.7910/DVN/OOIEAO,yes,NA,https://dataverse.harvard.edu/dataset.xhtml?persistentId=doi:10.7910/DVN/OOIEAO,yes,NA,OSF,yes,NA,yes,NA,I didn't have any problems with this article,302
a001248,michelle,2020-04-30,yes,NA,yes,NA,yes,NA,1,1,http://doi.org/10.7910/DVN/STXADQ,yes,NA,https://dataverse.harvard.edu/dataset.xhtml?persistentId=doi:10.7910/DVN/STXADQ,yes,NA,OSF,yes,NA,yes,NA,I didn't have any problems with this article,303
a001274,michelle,2020-04-30,yes,NA,yes,NA,yes,NA,1,1,https://psy.fsu.edu/~catlab/alienssoa_pub/index.php,yes,NA,https://psy.fsu.edu/~catlab/alienssoa_pub/index.php,yes,NA,FLORIDA STATE UNIVERSITY,yes,NA,partial,2/3 of the files on the data link could be downloaded. The other file directs to the homepage 'ALSOA_deid.zip',"1/3 of the files could not have been downloaded. There was a supplementary data link but ignored as there was a link to open data, supplementary data link: https://doi.org/10.1016/j.cortex.2019.05.011.",304
a001285,michelle,2020-04-30,yes,NA,yes,NA,yes,NA,3,1,https://osf.io/jxd47,yes,NA,https://osf.io/jxd47/,yes,NA,OSF,yes,NA,yes,NA,I didn't have any problems with this link,305
a001285,michelle,2020-04-30,yes,NA,yes,NA,yes,NA,3,2,https://www.iris-database.org,yes,NA,https://www.iris-database.org/iris/app/home/index;jsessionid=168DFE0BA9CC9F0FCF305D740E8B1B89,yes,NA,IRIS DATABASE,no,NA,NA,NA,"The link directs to the Irisdata base homepage, not to specific data pertaining to the article",306
a001285,michelle,2020-04-30,yes,NA,yes,NA,yes,NA,3,3,https://github.com/rnorouzian/i/blob/master/i.r,yes,NA,https://github.com/rnorouzian/i/blob/master/i.r,yes,NA,GITHUB,other,"Link directs to a page with coding. I believe this is the file but not 100% sure if so, and if it is, there doesn't seem to be a download button",no,NA,Cannot see how to download the coding from the website,307
a001297,michelle,2020-04-30,yes,NA,yes,NA,yes,NA,1,1,https://dataverse.harvard.edu/dataset.xhtml?persistentId=doi:10.7910/DVN/OE9BNP,yes,NA,https://dataverse.harvard.edu/dataset.xhtml?persistentId=doi:10.7910/DVN/OE9BNP,yes,NA,HAVARD DATAVERSE,yes,NA,yes,NA,I didn't have any problems with this article,308
a001301,michelle,2020-04-30,yes,NA,yes,NA,yes,NA,1,1,https://doi.org/10.7910/DVN/RXXQSQ,yes,NA,https://dataverse.harvard.edu/dataset.xhtml?persistentId=doi:10.7910/DVN/RXXQSQ,yes,NA,HAVARD DATAVERSE,yes,NA,yes,NA,I didn't have any problems with this article,309
a001309,michelle,2020-04-30,yes,NA,yes,NA,yes,NA,1,1,https://osf.io/chm94/,yes,NA,https://osf.io/chm94/,yes,NA,OSF,yes,NA,yes,NA,I didn't have any problems with this article,310
a001344,michelle,2020-04-30,yes,NA,yes,NA,yes,NA,1,1,https://osf.io/9yxmh/,yes,NA,https://osf.io/9yxmh/,yes,NA,OSF,yes,NA,yes,NA,I didn't have any problems with this article,311
a001348,michelle,2020-04-30,yes,NA,yes,NA,yes,NA,1,1,osf.io/nr24b,yes,NA,https://osf.io/nr24b/,yes,NA,OSF,yes,NA,yes,NA,I didn't have any problems with this article,312
a001379,michelle,2020-04-30,yes,NA,yes,NA,yes,NA,1,1,https://osf.io/wkjp6/,yes,NA,https://osf.io/wkjp6/,yes,NA,OSF,yes,NA,yes,NA,I didn't have any problems with this article,313
a001418,michelle,2020-04-30,yes,NA,yes,NA,yes,NA,1,1,https://github.com/abrowman/psm-jesp2017,yes,NA,https://github.com/abrowman/psm-jesp2017,yes,NA,GITHUB,yes,NA,yes,NA,"There was a supplementary data link (but ignored because there was an open data link), supplementary data link: online at http://dx.doi.org/10.1016/j.jesp.2017.03.006",314
a001429,michelle,2020-04-30,yes,NA,yes,NA,yes,NA,1,1,http://www.tessexperiments.org/data/ferrer825.html,yes,NA,https://tessexperiments.org/data/ferrer825.html,other,"When you click on download data on the Tess website, it takes you to the OSF website",OSF,yes,NA,yes,NA,I didn't have any problems with this article,315
a001472,michelle,2020-04-30,yes,NA,yes,NA,yes,NA,1,1,https://osf.io/buqcm/,yes,NA,https://osf.io/buqcm/,yes,NA,OSF,yes,NA,yes,NA,I didn't have any problems with this article,316
a001480,michelle,2020-04-30,yes,NA,yes,NA,yes,NA,1,1,https://osf.io/qtb5u/,yes,NA,https://osf.io/qtb5u/,yes,NA,OSF,yes,NA,yes,NA,I didn't have any problems with this article,317
a001604,michelle,2020-04-30,yes,NA,yes,NA,yes,NA,1,1,https://data.mendeley.com/datasets/wynh7zs2rg/1,yes,NA,https://data.mendeley.com/datasets/wynh7zs2rg/1,yes,NA,MENDELEY,yes,NA,yes,NA,"There was a supplementary data link (but ignored because there was an open data link), supplementary data link: online at http://dx.doi.org/10.1016/j.jesp.2017.06.021",318
a000043,michelle,2020-05-01,yes,NA,yes,NA,yes,NA,1,1,https://osf.io/tmdvn/,yes,NA,https://osf.io/tmdvn/,yes,NA,OSF,yes,NA,yes,NA,I didn't have any problems with this article,319
a000050,michelle,2020-05-01,yes,NA,yes,NA,yes,NA,1,1,osf.io/2wjgn,yes,NA,https://osf.io/2wjgn/,yes,NA,OSF,yes,NA,yes,NA,I didn't have any problems with this article,320
a000085,michelle,2020-05-01,yes,NA,yes,NA,yes,NA,1,1,https://osf.io/zudxp/,yes,NA,https://osf.io/zudxp/,yes,NA,OSF,yes,NA,yes,NA,I didn't have any problems with this article,321
a000292,michelle,2020-05-01,yes,NA,yes,NA,yes,NA,1,1,https://www.iris-database.org/iris/app/home/detail?id=york:934328,yes,NA,https://www.iris-database.org/iris/app/home/detail?id=york:934328,yes,NA,IRIS DATABASE,yes,NA,other,Need to fill in a form to download data,Did not download data as form is required to be filled out,322
a000340,michelle,2020-05-01,yes,NA,yes,NA,yes,NA,1,1,https://osf.io/7a9tt/,yes,NA,https://osf.io/7a9tt/,yes,NA,OSF,yes,NA,other,File size > 100 MB,Did not download files as they were greater than 100MB,323
a000421,michelle,2020-05-01,yes,NA,yes,NA,yes,NA,1,1,https://osf.io/b8c7z/,yes,NA,https://osf.io/b8c7z/,yes,NA,OSF,yes,NA,other,File size > 100 MB,"Did not download files as they were greater than 100MB, however, there was a supplementary data link (but ignored because there was an open data link), supplementary data link: online at http://dx.doi.org/10.1016/j.jesp.2017.06.021",324
a000448,michelle,2020-05-01,yes,NA,yes,NA,yes,NA,1,1,https://osf.io/m573q,yes,NA,https://osf.io/m573q/,yes,NA,OSF,yes,NA,other,File size > 100 MB,Did not download files as they were greater than 100MB,325
a000495,michelle,2020-05-01,yes,NA,yes,NA,yes,NA,2,1,https://openfmri.org/dataset/ds000223/,yes,NA,https://openneuro.org/datasets/ds000223/versions/00001/download,yes,NA,OPEN NEURO,yes,NA,other,"Everytime I try to download, it says it cannot because the location chosen has 'system files'",Download not successful,326
a000495,michelle,2020-05-01,yes,NA,yes,NA,yes,NA,2,2,https://github.com/iancballard/magnitude,yes,NA,https://github.com/iancballard/magnitude,yes,NA,GITHUB,yes,NA,yes,NA,I didn't have any problems with this link,327
a000541,michelle,2020-05-01,yes,NA,yes,NA,yes,NA,1,1,osf.io/zqg9y,yes,NA,https://osf.io/zqg9y/,yes,NA,OSF,yes,NA,yes,NA,I didn't have any problems with this article,328
a000569,michelle,2020-05-01,yes,NA,yes,NA,yes,NA,1,1,osf.io/vh5jt,yes,NA,https://osf.io/vh5jt,yes,NA,OSF,yes,NA,yes,NA,I didn't have any problems with this article,329
a000592,michelle,2020-05-01,yes,NA,yes,NA,yes,NA,1,1,http://dx.doi.org/10.7910/DVN/24885,yes,NA,https://dataverse.harvard.edu/dataset.xhtml?persistentId=doi:10.7910/DVN/24885,yes,NA,HAVARD DATAVERSE,yes,NA,yes,NA,I didn't have any problems with this article,330
a000614,michelle,2020-05-01,yes,NA,yes,NA,yes,NA,1,1,https://osf.io/bktjs/,yes,NA,https://osf.io/bktjs/,yes,NA,OSF,yes,NA,yes,NA,I didn't have any problems with this article,331
a000660,michelle,2020-05-01,yes,NA,yes,NA,yes,NA,1,1,https://osf.io/t86zx/,yes,NA,https://osf.io/t86zx,yes,NA,OSF,yes,NA,yes,NA,I didn't have any problems with this article,332
a000675,michelle,2020-05-01,yes,NA,yes,NA,yes,NA,1,1,http://dx.doi.org/10.7910/DVN/W1TDGZ,yes,NA,https://dataverse.harvard.edu/dataset.xhtml?persistentId=doi:10.7910/DVN/W1TDGZ,yes,NA,HAVARD DATAVERSE,yes,NA,yes,NA,I didn't have any problems with this article,333
a000729,michelle,2020-05-01,yes,NA,yes,NA,yes,NA,1,1,https://osf.io/yvtp2/,yes,NA,https://osf.io/yvtp2/,yes,NA,OSF,yes,NA,yes,NA,I didn't have any problems with this article,334
a000780,michelle,2020-05-01,yes,NA,yes,NA,yes,NA,1,1,osf.io/zc47d,yes,NA,https://osf.io/zc47d/,yes,NA,OSF,yes,NA,yes,NA,I didn't have any problems with this article,335
a000808,michelle,2020-05-04,yes,NA,other,"Does not explicitly have a statement saying data is available, but there is the text 'Open Data' with a hyperlink",yes,NA,1,1,https://dataverse.harvard.edu/dataset.xhtml?persistentId=doi:10.7910/DVN/A99NUB,yes,NA,https://dataverse.harvard.edu/dataset.xhtml?persistentId=doi:10.7910/DVN/A99NUB,yes,NA,HAVARD DATAVERSE,yes,NA,yes,NA,I didn't have any problems with this article,336
a000810,michelle,2020-05-04,yes,NA,yes,NA,yes,NA,1,1,https://osf.io/bqzpt/,yes,NA,https://osf.io/bqzpt/,yes,NA,OSF,yes,NA,other,3/4 of the zip files could be downloaded. One of them (data zip file) > 100 MB,Data zip file could not be downloaded,337
a000886,michelle,2020-05-04,yes,NA,yes,NA,yes,NA,1,1,https://doi.org/10.5281/zenodo.2591593,yes,NA,https://zenodo.org/record/2591594#.Xq_3NpMzb-Y,yes,NA,ZENODO,yes,NA,yes,NA,I didn't have any problems with this article,338
a000887,michelle,2020-05-04,yes,NA,yes,NA,yes,NA,1,1,https://osf.io/3xgtk/,yes,NA,https://osf.io/3xgtk,yes,NA,OSF,yes,NA,yes,NA,I didn't have any problems with this article,339
a000923,michelle,2020-05-04,yes,NA,yes,NA,yes,NA,1,1,http://doi.org/10.7910/DVN/MYDZNF,yes,NA,https://dataverse.harvard.edu/dataset.xhtml?persistentId=doi:10.7910/DVN/MYDZNF,yes,NA,HAVARD DATAVERSE,yes,NA,yes,NA,I didn't have any problems with this article,340
a000954,michelle,2020-05-04,yes,NA,yes,NA,yes,NA,1,1,https://doi.org/10.7910/DVN/2VF2J0,yes,NA,https://dataverse.harvard.edu/dataset.xhtml?persistentId=doi:10.7910/DVN/2VF2J0,yes,NA,HAVARD DATAVERSE,yes,NA,yes,NA,I didn't have any problems with this article,341
a000957,michelle,2020-05-04,yes,NA,yes,NA,yes,NA,1,1,osf.io/3wz2j,yes,NA,https://osf.io/3wz2j/,yes,NA,OSF,yes,NA,yes,NA,I didn't have any problems with this article,342
a000983,michelle,2020-05-04,yes,NA,other,"Does not explicitly have a statement saying data is available, but rather 'All measures in the study are available at (link)'",yes,NA,1,1,https://osf.io/5kpbj/,yes,NA,https://osf.io/5kpbj/,yes,NA,OSF,yes,NA,yes,NA,I didn't have any problems with this article,343
a000984,michelle,2020-05-04,yes,NA,yes,NA,yes,NA,1,1,https://osf.io/b247s/,yes,NA,https://osf.io/b247s/,yes,NA,OSF,yes,NA,yes,NA,I didn't have any problems with this article,344
a001025,michelle,2020-05-04,yes,NA,yes,NA,yes,NA,1,1,https://osf.io/h2xry/,yes,NA,https://osf.io/h2xry/,yes,NA,OSF,yes,NA,yes,NA,I didn't have any problems with this article,345
a001039,michelle,2020-05-04,yes,NA,other,"Does not explicitly have a statement saying data is available, but there is the text 'Open Data' with a hyperlink",yes,NA,1,1,https://dataverse.harvard.edu/dataset.xhtml?persistentId=doi:10.7910/DVN/RYVAL1,yes,NA,https://dataverse.harvard.edu/dataset.xhtml?persistentId=doi:10.7910/DVN/RYVAL1,yes,NA,HAVARD DATAVERSE,yes,NA,yes,NA,I didn't have any problems with this article,346
a001051,michelle,2020-05-04,yes,NA,no,NA,no,NA,NA,NA,NA,NA,NA,NA,NA,NA,NA,NA,NA,NA,NA,No explit statement or link to open data. Supplementary data link however: at https://doi.org/10.1016/j.jesp.2019.03.007,347
a001103,michelle,2020-05-04,yes,NA,yes,NA,yes,NA,1,1,https://osf.io/qenhu/?view_only=a214ad4886e64dcf8a57048fbde1dfbb,yes,NA,https://osf.io/qenhu/?view_only=a214ad4886e64dcf8a57048fbde1dfbb,yes,NA,OSF,yes,NA,yes,NA,I didn't have any problems with this article,348
a001176,michelle,2020-05-04,yes,NA,yes,NA,yes,NA,1,1,https://dataverse.harvard.edu/dataverse/AgreementIndiff,yes,NA,https://dataverse.harvard.edu/dataverse/AgreementIndiff,yes,NA,HAVARD DATAVERSE,yes,NA,other,Need to fill in a form to download the data,"The link also refers to 6 items, in which data can be downloaded for the separate 6 items. Data not downloaded as a form must be filled out.",349
a001194,michelle,2020-05-04,yes,NA,yes,NA,yes,NA,1,1,https://osf.io/zucn5,yes,NA,https://osf.io/zucn5/,yes,NA,OSF,yes,NA,yes,NA,I didn't have any problems with this article,350
a001313,michelle,2020-05-04,yes,NA,yes,NA,yes,NA,1,1,https://osf.io/uqh5d/,yes,NA,https://osf.io/uqh5d/,yes,NA,OSF,yes,NA,yes,NA,"There was a supplementary data link (but ignored because there was an open data link), supplementary data link: online at https://doi.org/10.1016/j.jesp.2018.01.006",351
a001321,michelle,2020-05-04,yes,NA,yes,NA,yes,NA,1,1,https://osf.io/dmbkw/,yes,NA,https://osf.io/dmbkw,yes,NA,OSF,yes,NA,yes,NA,I didn't have any problems with this article,352
a001333,michelle,2020-05-04,yes,NA,yes,NA,yes,NA,1,1,https://osf.io/mtsvy/,yes,NA,https://osf.io/mtsvy/,yes,NA,OSF,yes,NA,yes,NA,I didn't have any problems with this article,353
a001354,michelle,2020-05-04,yes,NA,yes,NA,yes,NA,1,1,https://osf.io/nvq6t/,yes,NA,https://osf.io/nvq6t/,yes,NA,OSF,yes,NA,yes,NA,I didn't have any problems with this article,354
a001391,michelle,2020-05-04,yes,NA,yes,NA,yes,NA,1,1,https://osf.io/2nj9h/,yes,NA,https://osf.io/2nj9h/,yes,NA,OSF,yes,NA,yes,NA,I didn't have any problems with this article,355
a001468,michelle,2020-05-04,yes,NA,yes,NA,yes,NA,1,1,https://osf.io/nav9h/,yes,NA,https://osf.io/nav9h/,yes,NA,OSF,yes,NA,yes,NA,I didn't have any problems with this article,356
a001514,michelle,2020-05-04,yes,NA,yes,NA,yes,NA,2,1,https://osf.io/j479p/,yes,NA,https://osf.io/j479p/,yes,NA,OSF,yes,NA,yes,NA,I didn't have any problems with this article,357
a001514,michelle,2020-05-04,yes,NA,yes,NA,yes,NA,2,2,https://osf.io/4UBJ8/,yes,NA,https://osf.io/4UBJ8/,yes,NA,OSF,yes,NA,yes,NA,I didn't have any problems with this article,358
a001531,michelle,2020-05-04,yes,NA,yes,NA,yes,NA,1,1,https://osf.io/3hm4g/,yes,NA,https://osf.io/3hm4g/,yes,NA,OSF,yes,NA,yes,NA,I didn't have any problems with this article,359
a001576,michelle,2020-05-04,yes,NA,yes,NA,yes,NA,1,1,https://osf.io/vq4ak/,yes,NA,https://osf.io/vq4ak,yes,NA,OSF,yes,NA,yes,NA,I didn't have any problems with this article,360
a000023,michelle,2020-05-05,yes,NA,yes,NA,yes,NA,1,1,https://osf.io/jbq9v,yes,NA,https://osf.io/jbq9v/,yes,NA,OSF,yes,NA,yes,NA,I didn't have any problems with this article,361
a000075,michelle,2020-05-05,yes,NA,yes,NA,yes,NA,1,1,https://osf.io/p8f7w/,yes,NA,https://osf.io/p8f7w/,yes,NA,OSF,yes,NA,yes,NA,I didn't have any problems with this article,362
a000115,michelle,2020-05-05,yes,NA,yes,NA,yes,NA,1,1,https://osf.io/m35b8/,yes,NA,https://osf.io/m35b8/,yes,NA,OSF,yes,NA,yes,NA,I didn't have any problems with this article,363
a000178,michelle,2020-05-05,yes,NA,yes,NA,yes,NA,1,1,https://osf.io/ydpbf/,yes,NA,https://osf.io/ydpbf,yes,NA,OSF,yes,NA,other,1 of the zip files could not be downloaded (Mock session videos) as > 100MB,One of the zip files not downloaded as file size was too big,364
a000242,michelle,2020-05-05,yes,NA,yes,NA,yes,NA,1,1,https://osf.io/adrwv/,yes,NA,https://osf.io/adrwv/,yes,NA,OSF,yes,NA,other,3/4 of the zip files could not be downloaded as they exceeded 100MB,Not all files download as size was too big. There was a supplementary data link (ignored as there was a link to open data): at https://doi.org/10.1016/j.cortex.2019.05.012,365
a000272,michelle,2020-05-05,yes,NA,yes,NA,yes,NA,1,1,https://osf.io/p6jfq/,yes,NA,https://osf.io/p6jfq,yes,NA,OSF,yes,NA,yes,NA,I didn't have any problems with this article,366
a000296,michelle,2020-05-05,yes,NA,yes,NA,yes,NA,1,1,https://doi.org/10.6084/m9.figshare.7271480.v1,yes,NA,https://figshare.com/articles/The_Co-occurrence_of_Pitch_and_Rhythm_Disorders_in_Congenital_Amusia/7271480/1,yes,NA,FIGSHARE,yes,NA,yes,NA,"There was a supplementary data link (but ignored because there was an open data link), supplementary data link: https://doi.org/10.1016/j.cortex.2018.11.036",367
a000314,michelle,2020-05-05,yes,NA,yes,NA,yes,NA,1,1,https://osf.io/xvmr7/,yes,NA,https://osf.io/xvmr7/,yes,NA,OSF,yes,NA,yes,NA,I didn't have any problems with this article,368
a000323,michelle,2020-05-05,yes,NA,yes,NA,yes,NA,1,1,https://osf.io/we7aj/,yes,NA,https://osf.io/we7aj,yes,NA,OSF,yes,NA,yes,NA,I didn't have any problems with this article,369
a000373,michelle,2020-05-05,yes,NA,yes,NA,yes,NA,1,1,https://osf.io/4q3dc/,yes,NA,https://osf.io/4q3dc/,yes,NA,OSF,yes,NA,yes,NA,I didn't have any problems with this article,370
a000391,michelle,2020-05-05,yes,NA,yes,NA,yes,NA,2,1,https://www.iris-database.org/iris/app/home/detail?id=york:934328,yes,NA,https://www.iris-database.org/iris/app/home/detail?id=york:934328,yes,NA,IRIS DATABASE,yes,NA,other,Need to fill in a form to download data,Did not download data as form is required to be filled out,371
a000391,michelle,2020-05-05,yes,NA,yes,NA,yes,NA,2,2,https://github.com/knights-lab/douc_gut_sites,yes,NA,https://github.com/knights-lab/douc_gut_sites,yes,NA,GITHUB,yes,NA,yes,NA,I didn't have any problems with this link,372
a000416,michelle,2020-05-05,yes,NA,yes,NA,yes,NA,1,1,https://osf.io/g3sca/wiki/home,yes,NA,https://osf.io/g3sca/wiki/home,yes,NA,OSF,yes,NA,yes,NA,I didn't have any problems with this article,373
a000425,michelle,2020-05-05,yes,NA,yes,NA,yes,NA,1,1,www.dx.doi.org/10.7910/DVN/DIDBMQ,yes,NA,https://dataverse.harvard.edu/dataset.xhtml?persistentId=doi:10.7910/DVN/DIDBMQ,yes,NA,HAVARD DATAVERSE,yes,NA,yes,NA,I didn't have any problems with this article,374
a000438,michelle,2020-05-05,yes,NA,yes,NA,yes,NA,1,1,osf.io/snfjx,yes,NA,https://osf.io/snfjx/,yes,NA,OSF,yes,NA,yes,NA,I didn't have any problems with this article,375
a000439,michelle,2020-05-05,yes,NA,yes,NA,yes,NA,1,1,http://dx.doi.org/10.7910/DVN/HDMGLY,yes,NA,https://dataverse.harvard.edu/dataset.xhtml?persistentId=doi:10.7910/DVN/HDMGLY,yes,NA,HAVARD DATAVERSE,yes,NA,yes,NA,I didn't have any problems with this article,376
a000471,michelle,2020-05-05,yes,NA,yes,NA,yes,NA,1,1,https://osf.io/5ka94/?view_only=15c365b391ed4e4d9d38c811ea359392,yes,NA,https://osf.io/5ka94/?view_only=15c365b391ed4e4d9d38c811ea359392,yes,NA,OSF,yes,NA,yes,NA,"There was a supplementary data link (but ignored because there was an open data link), supplementary data link: https://doi.org/10.1016/j.jesp.2019.103893",377
a000476,michelle,2020-05-06,yes,NA,yes,NA,yes,NA,1,1,https://osf.io/avz8g/,yes,NA,https://osf.io/avz8g/,yes,NA,OSF,yes,NA,yes,NA,I didn't have any problems with this article,378
a000485,michelle,2020-05-06,yes,NA,yes,NA,yes,NA,1,1,https://osf.io/wjxpf/,yes,NA,https://osf.io/wjxpf/,yes,NA,OSF,yes,NA,yes,NA,"Additional data seems to be available upon complemetion. Article states: All data and materials are part of the European consortia MATRICS (www.matrics-project.eu) and Aggressotype (www.aggressotype.eu) and will be made publicly available after the formal finishing of these projects. Currently, access to the full data-set and code is contingent on adherence to the Aggressotype/MATRICS data use agreement and dissemination policies which can be found in the Aggressotype documentation and/or by contacting the Project Management Office (www.aggressotype.eu/images/Aggressotype_dissemination_guidelines.pdf and www.matrics-project.eu/about/coordinator-and-project-office).",379
a000524,michelle,2020-05-06,yes,NA,yes,NA,yes,NA,1,1,https://osf.io/mcvt7/wiki/home/,yes,NA,https://osf.io/mcvt7/wiki/home/,yes,NA,OSF,yes,NA,yes,NA,I didn't have any problems with this article,380
a000531,michelle,2020-05-06,yes,NA,yes,NA,yes,NA,1,1,https://osf.io/u9bsv/,yes,NA,https://osf.io/u9bsv,yes,NA,OSF,yes,NA,yes,NA,I didn't have any problems with this article,381
a000543,michelle,2020-05-06,yes,NA,yes,NA,yes,NA,1,1,https://osf.io/daj2p/,yes,NA,https://osf.io/daj2p/,yes,NA,OSF,yes,NA,yes,NA,"There was a supplementary data link (but ignored because there was an open data link), supplementary data link: at https://doi.org/10.1016/j.jesp.2018.05.002.",382
a000575,michelle,2020-05-06,yes,NA,yes,NA,yes,NA,1,1,http://hdl.handle.net/2374.MIA/6254,no,Error - cannot connect to server,NA,NA,NA,NA,NA,NA,NA,NA,Error - cannot connect to server when data link is accessed,383
a000778,michelle,2020-05-06,yes,NA,yes,NA,yes,NA,1,1,https://osf.io/fc8yt/,yes,NA,https://osf.io/fc8yt,yes,NA,OSF,yes,NA,yes,NA,I didn't have any problems with this article,384
a000849,michelle,2020-05-06,yes,NA,yes,NA,yes,NA,1,1,http://dx.doi.org/10.7910/DVN/NQOWDE,yes,NA,https://ezid.cdlib.org/,yes,NA,EZID,no,NA,NA,NA,"Redirected to homepage, no data pertaining to article to download",385
a000878,michelle,2020-05-06,yes,NA,yes,NA,yes,NA,3,1,https://osf.io/uqmh4/,yes,NA,https://osf.io/uqmh4/,yes,NA,OSF,yes,NA,yes,NA,I didn't have any problems with this article,386
a000878,michelle,2020-05-06,yes,NA,yes,NA,yes,NA,3,2,https://osf.io/5gd9m/,yes,NA,https://osf.io/5gd9m/,yes,NA,OSF,yes,NA,yes,NA,The link directly links to the data given in link one,387
a000878,michelle,2020-05-06,yes,NA,yes,NA,yes,NA,3,3,osf.io/szvfp,yes,NA,https://osf.io/szvfp/,yes,NA,OSF,yes,NA,yes,NA,The link directly links to the data given in link one,388
a000947,michelle,2020-05-06,yes,NA,yes,NA,yes,NA,1,1,https://osf.io/4492y,yes,NA,https://osf.io/4492y,yes,NA,OSF,yes,NA,yes,NA,I didn't have any problems with this article,389
a001045,michelle,2020-05-07,yes,NA,yes,NA,yes,NA,1,1,https://osf.io/vgmjs/,yes,NA,https://osf.io/vgmjs/,yes,NA,OSF,yes,NA,yes,NA,I didn't have any problems with this article,390
a001072,michelle,2020-05-07,yes,NA,yes,NA,yes,NA,1,1,osf.io/pe5d7,yes,NA,https://osf.io/pe5d7/,yes,NA,OSF,yes,NA,yes,NA,I didn't have any problems with this article,391
a001113,michelle,2020-05-07,yes,NA,yes,NA,yes,NA,3,1,https://doi.org/10.5160/psychdata.zrce16dy99,yes,NA,https://www.psychdata.de/index.php?main=search&sub=browse&id=zrce16dy99&lang=ger&version=10002,yes,NA,PSYCHDATA,yes,NA,no,NA,Cannot download data from link without filling in form,392
a001113,michelle,2020-05-07,yes,NA,yes,NA,yes,NA,3,2,https://osf.io/b8pu6/,yes,NA,https://osf.io/b8pu6/,yes,NA,OSF,yes,NA,yes,NA,I didn't have any problems with this link,393
a001113,michelle,2020-05-07,yes,NA,yes,NA,yes,NA,3,3,https://osf.io/hafsx/,yes,NA,https://osf.io/hafsx,yes,NA,OSF,yes,NA,yes,NA,I didn't have any problems with this link,394
a001122,michelle,2020-05-07,yes,NA,yes,NA,yes,NA,1,1,http://doi.org/10.7910/DVN/4XI0UG,yes,NA,https://dataverse.harvard.edu/dataset.xhtml?persistentId=doi:10.7910/DVN/4XI0UG,yes,NA,HAVARD DATAVERSE,yes,NA,yes,NA,I didn't have any problems with this article,395
a001150,michelle,2020-05-07,yes,NA,yes,NA,yes,NA,1,1,https://osf.io/g6x7f/?view_only=a780cde9131745bebce281fcd0029a9c,yes,NA,https://osf.io/g6x7f/?view_only=a780cde9131745bebce281fcd0029a9c,yes,NA,OSF,yes,NA,yes,NA,"There was a supplementary data link (but ignored because there was an open data link), supplementary data link: https://doi.org/10.1016/j.jesp.2017.10.006",396
a001173,michelle,2020-05-07,yes,NA,yes,NA,yes,NA,1,1,http://dx.doi.org/10.7910/DVN/S9MIJU,yes,NA,https://dataverse.harvard.edu/dataset.xhtml?persistentId=doi:10.7910/DVN/S9MIJU,yes,NA,HAVARD DATAVERSE,yes,NA,yes,NA,I didn't have any problems with this article,397
a001214,michelle,2020-05-07,yes,NA,yes,NA,yes,NA,1,1,http://doi.org/10.7910/DVN/ZYRC8S,yes,NA,https://dataverse.harvard.edu/dataset.xhtml?persistentId=doi:10.7910/DVN/ZYRC8S,yes,NA,HAVARD DATAVERSE,yes,NA,yes,NA,I didn't have any problems with this article,398
a001259,michelle,2020-05-07,no,NA,yes,NA,yes,NA,1,1,https://osf.io/rstc5/,yes,NA,https://osf.io/rstc5/,yes,NA,OSF,yes,NA,yes,NA,No data badge but open data availablity statement,399
a001284,michelle,2020-05-07,yes,NA,yes,NA,yes,NA,1,1,https://osf.io/dqgep/,yes,NA,https://osf.io/dqgep/,yes,NA,OSF,yes,NA,yes,NA,"There was a supplementary data link (but ignored because there was an open data link), supplementary data link: https://doi.org/10.1016/j.jesp.2017.10.002",400
a001445,michelle,2020-05-07,yes,NA,yes,NA,yes,NA,1,1,https://osf.io/e2aks/,yes,NA,https://osf.io/e2aks/,yes,NA,OSF,yes,NA,yes,NA,I didn't have any problems with this article,401
a001486,michelle,2020-05-07,yes,NA,yes,NA,yes,NA,1,1,http://osf.io/64nzg,yes,NA,https://osf.io/64nzg/,yes,NA,OSF,yes,NA,yes,NA,I didn't have any problems with this article,402
a001489,michelle,2020-05-07,yes,NA,yes,NA,yes,NA,1,1,osf.io/kd8b3,yes,NA,https://osf.io/kd8b3/,yes,NA,OSF,yes,NA,yes,NA,I didn't have any problems with this article,403
a001559,michelle,2020-05-07,yes,NA,yes,NA,yes,NA,1,1,https://doi.org/10.17605/osf.io/rq4fv,yes,NA,https://osf.io/rq4fv/,yes,NA,OSF,yes,NA,yes,NA,I didn't have any problems with this article,404
a001658,michelle,2020-05-07,yes,NA,yes,NA,yes,NA,1,1,https://dx.doi.org/10.17605/OSF.IO/MGBVC,yes,NA,https://osf.io/mgbvc/,yes,NA,OSF,yes,NA,yes,NA,I didn't have any problems with this article,405
a000176,michelle,2020-05-08,yes,NA,yes,NA,yes,NA,1,1,https://osf.io/5ybhd/,yes,NA,https://osf.io/5ybhd/,yes,NA,OSF,yes,NA,yes,NA,I didn't have any problems with this article,406
a000316,michelle,2020-05-08,yes,NA,yes,NA,yes,NA,1,1,https://osf.io/nft78/,yes,NA,https://osf.io/nft78/,yes,NA,OSF,yes,NA,yes,NA,I didn't have any problems with this article,407
a000327,michelle,2020-05-08,yes,NA,yes,NA,yes,NA,1,1,https://osf.io/5whvu,yes,NA,https://osf.io/5whvu,yes,NA,OSF,yes,NA,yes,NA,I didn't have any problems with this article,408
a000362,michelle,2020-05-08,yes,NA,yes,NA,yes,NA,1,1,https://osf.io/rh9x6/?view_only=65ae8ed424e84dfda8594efa5b3aa714,yes,NA,https://osf.io/rh9x6/?view_only=65ae8ed424e84dfda8594efa5b3aa714,yes,NA,OSF,yes,NA,yes,NA,I didn't have any problems with this article,409
a000366,michelle,2020-05-08,yes,NA,yes,NA,yes,NA,1,1,https://osf.io/9x6wm/,yes,NA,https://osf.io/9x6wm/,yes,NA,OSF,yes,NA,yes,NA,"There was a supplementary data link (but ignored because there was an open data link), supplementary data link: https://doi.org/10.1016/j.jesp.2019.04.007",410
a000389,michelle,2020-05-08,yes,NA,yes,NA,yes,NA,3,1,https://osf.io/kq897,yes,NA,https://osf.io/kq897,yes,NA,OSF,yes,NA,yes,NA,I didn't have any problems with this link,411
a000389,michelle,2020-05-08,yes,NA,yes,NA,yes,NA,3,2,https://osf.io/f78gs/,yes,NA,https://osf.io/f78gs/,yes,NA,OSF,yes,NA,yes,NA,I didn't have any problems with this link,412
a000389,michelle,2020-05-08,yes,NA,yes,NA,yes,NA,3,3,http://www.psych.nyu.edu/westlab/lab-resources.html,yes,NA,http://www.psych.nyu.edu/westlab/lab-resources.html,yes,NA,THE WEST INTERPERSONAL PERCEPTION LAB,yes,NA,yes,NA,I didn't have any problems with this link,413
a000479,michelle,2020-05-08,yes,NA,yes,NA,yes,NA,1,1,https://osf.io/kce5n/,yes,NA,https://osf.io/kce5n/,yes,NA,OSF,yes,NA,yes,NA,I didn't have any problems with this article,414
a000566,michelle,2020-05-08,yes,NA,yes,NA,yes,NA,1,1,http://thedata.harvard.edu/dvn/dv/physics,yes,NA,https://dataverse.harvard.edu/dataverse/physics,yes,NA,HAVARD DATAVERSE,yes,NA,yes,NA,I didn't have any problems with this article,415
a000589,michelle,2020-05-08,yes,NA,yes,NA,yes,NA,1,1,https://doi.org/10.7910/DVN/QBHGRC,yes,NA,https://dataverse.harvard.edu/dataset.xhtml?persistentId=doi:10.7910/DVN/QBHGRC,yes,NA,HAVARD DATAVERSE,yes,NA,yes,NA,I didn't have any problems with this article,416
a000858,michelle,2020-05-08,yes,NA,yes,NA,yes,NA,1,1,https://osf.io/g8xyt/,yes,NA,https://osf.io/g8xyt/,yes,NA,OSF,yes,NA,yes,NA,I didn't have any problems with this article,417
a000901,michelle,2020-05-08,yes,NA,yes,NA,yes,NA,1,1,http://dx.doi.org/10.7910/DVN/GZA3GY,yes,NA,https://dataverse.harvard.edu/dataset.xhtml?persistentId=doi:10.7910/DVN/GZA3GY,yes,NA,HAVARD DATAVERSE,yes,NA,other,File size > 100 MB,Did not download files as they were greater than 100MB,418
a000964,michelle,2020-05-08,yes,NA,yes,NA,yes,NA,1,1,https://osf.io/s5pv8/,yes,NA,https://osf.io/s5pv8/,yes,NA,OSF,yes,NA,yes,NA,I didn't have any problems with this article,419
a001023,michelle,2020-05-08,yes,NA,yes,NA,yes,NA,1,1,https://osf.io/eky4s/,yes,NA,https://osf.io/eky4s/,yes,NA,OSF,yes,NA,yes,NA,I didn't have any problems with this article,420
a001029,michelle,2020-05-08,yes,NA,yes,NA,yes,NA,1,1,https://osf.io/craky/,yes,NA,https://osf.io/craky/,yes,NA,OSF,yes,NA,yes,NA,I didn't have any problems with this article,421
a001211,michelle,2020-05-08,yes,NA,yes,NA,yes,NA,1,1,http://doi.org/10.7910/DVN/PL2XFD,yes,NA,https://dataverse.harvard.edu/dataset.xhtml?persistentId=doi:10.7910/DVN/PL2XFD,yes,NA,HAVARD DATAVERSE,yes,NA,yes,NA,I didn't have any problems with this article,422
a001499,michelle,2020-05-08,yes,NA,yes,NA,yes,NA,1,1,osf.io/6b4ag,yes,NA,https://osf.io/6b4ag/,yes,NA,OSF,yes,NA,yes,NA,I didn't have any problems with this article,423
a001560,michelle,2020-05-08,yes,NA,other,"No explit statement mentioning data, but contains the following (and link does contain data files): All stud-
ies were preregistered at the Open Science Framework and materials, power calculations, and hypotheses can be found at https://osf.io/nrbjz/",yes,NA,1,1,https://osf.io/nrbjz/,yes,NA,https://osf.io/nrbjz/,yes,NA,OSF,yes,NA,yes,NA,I didn't have any problems with this article,424
a000026,michelle,2020-05-12,yes,NA,no,NA,no,NA,NA,NA,NA,NA,NA,NA,NA,NA,NA,NA,NA,NA,NA,No data availability statement or open data links,425
a000045,michelle,2020-05-12,yes,NA,yes,NA,yes,NA,1,1,osf.io/u2xct,yes,NA,https://osf.io/u2xct/,yes,NA,OSF,yes,NA,yes,NA,I didn't have any problems with this article,426
a000165,michelle,2020-05-12,yes,NA,yes,NA,yes,NA,1,1,https://osf.io/uwzsb/,yes,NA,https://osf.io/uwzsb/,yes,NA,OSF,yes,NA,yes,NA,I didn't have any problems with this article,427
a000368,michelle,2020-05-12,yes,NA,yes,NA,yes,NA,1,1,https://osf.io/akp9n/,yes,NA,https://osf.io/akp9n/,yes,NA,OSF,yes,NA,yes,NA,I didn't have any problems with this article,428
a000550,michelle,2020-05-12,yes,NA,yes,NA,yes,NA,1,1,http://dx.doi.org/10.23668/psycharchives.2367,yes,NA,https://www.psycharchives.org/handle/20.500.12034/1999,yes,NA,PSYCH ARCHIVES,yes,NA,yes,NA,I didn't have any problems with this article,429
a000606,michelle,2020-05-12,yes,NA,yes,NA,yes,NA,1,1,https://osf.io/9yt23/,yes,NA,https://osf.io/9yt23/,yes,NA,OSF,yes,NA,yes,NA,I didn't have any problems with this article,430
a000940,michelle,2020-05-12,yes,NA,yes,NA,yes,NA,1,1,https://osf.io/ea99d/,yes,NA,https://osf.io/ea99d/,yes,NA,OSF,yes,NA,other,One of the zip files > 100MB,"One zip file not downloaded as size was too big. There was a supplementary data link (but ignored because there was an open data link), supplementary data link: https://doi.org/10.1016/j.cortex.2018.12.024",431
a001062,michelle,2020-05-12,yes,NA,yes,NA,yes,NA,1,1,http://datadryad.org/resource/doi:10.5061/dryad.g7b40,yes,NA,https://datadryad.org/stash/dataset/doi:10.5061/dryad.g7b40,yes,NA,DRYAD,yes,NA,yes,NA,I didn't have any problems with this article,432
a001112,michelle,2020-05-12,yes,NA,yes,NA,yes,NA,1,1,https://osf.io/n2kxa/,yes,NA,https://osf.io/n2kxa/,yes,NA,OSF,yes,NA,yes,NA,I didn't have any problems with this article,433
a001268,michelle,2020-05-12,yes,NA,no,NA,yes,NA,1,1,https://osf.io/cky7g/,yes,NA,https://osf.io/cky7g/,yes,NA,OSF,yes,NA,yes,NA,I didn't have any problems with this article,434
