article_id,coder_initials,date_coded,has_data_badge,has_data_badge_other,data_availability_statement,data_availability_statement_other,article_has_links,article_has_links_other,number_of_links,link_number,link_url,link_work,link_work_noother,resolved_url,is_repository,is_repository_other,repository_name,files_exist,files_exist_other,download_success,download_success_other,notes,
demo01,steve,2020-04-02,yes,,yes,,yes,,1,1,http://tiny.cc/l4wacz,yes,,https://osf.io/g3h52/?view_only=None,yes,,OSF,yes,,yes,,"There was link to ""supplementary data"" at the journal's website - this link was ignored, as there was an explicit link to the open data",
demo02,steve,2020-04-02,yes,,yes,,yes,,1,1,osf.io/uh3in,yes,,https://osf.io/uh3in/,yes,,OSF,yes,,yes,,I didn't have any problems with this article,
intro01,kongmanas,2020-04-02,yes,,yes,,yes,,1,1,https://osf.io/n6pfz/,yes,,https://osf.io/uh3in/,yes,,OSF,yes,,yes,,I didn't have any problems with this article,
intro02,kongmanas,2020-04-02,yes,,yes,,yes,,1,1,https://nyu.databrary.org/volume/79,yes,,https://nyu.databrary.org/volume/79,yes,,Databrary,yes,,no,,"I can not download the file, a new window just popped up and said 'something went wrong'",
intro03,kongmanas,2020-04-02,yes,,yes,,yes,,1,1,https://osf.io/9w8pg/,yes,,https://osf.io/9w8pg/,yes,,OSF,yes,,yes,,I didn't have any problems with this article,
intro04,kongmanas,2020-04-02,yes,,yes,,yes,,1,1,http://dx.doi.org/10.5061/dryad.d2441.,yes,,https://datadryad.org/stash/dataset/doi:10.5061/dryad.d2441,yes,,Dryad,yes,,yes,,I didn't have any problems with this article,
intro05,kongmanas,2020-04-02,yes,,yes,,yes,,1,1,http://thedata.harvard.edu/dvn/dv/PainData,yes,,https://dataverse.harvard.edu/dataverse/PainData,yes,,Harvard Dataverse,yes,,yes,,I didn't have any problems with this article,
intro06,kongmanas,2020-04-02,yes,,yes,,yes,,1,1,osf.io/zw6jg/,yes,,https://osf.io/zw6jg/,yes,,OSF,yes,,yes,,Statement about open data being available was in coding procedure section,
intro07,kongmanas,2020-04-02,yes,,yes,,yes,,1,1,osf.io/8jxsr/,yes,,https://osf.io/8jxsr/,yes,,OSF,yes,,yes,,I didn't have any problems with this article,
intro08,kongmanas,2020-04-02,yes,,yes,,yes,,2,1,http://doi.org/10.3886/ICPSR04652.v6,yes,,https://www.icpsr.umich.edu/icpsrweb/NACDA/studies/4652/version/6,yes,,NACDA,yes,,other,Need to register to access to NACDA,The registration is needed to download the data file,
intro08,kongmanas,2020-04-02,yes,,yes,,yes,,2,2,http://midus.colectica.org/,other,Need to register to access to the MIDUS Portal’s content and functionality.,,,,,,,,,The registration is needed to access to the link destination,
intro09,kongmanas,2020-04-02,yes,,yes,,yes,,1,1,https://osf.io/xehfu/,yes,,https://osf.io/xehfu/,yes,,OSF,yes,,yes,,I didn't have any problems with this article,
intro10,kongmanas,2020-04-02,yes,,yes,,yes,,1,1,http://pisa2006.acer.edu.au/downloads.php,no,The site can’t be reached,,,,,,,,,The provided link didn't work,
a000042,kongmanas,2020-04-03,yes,,yes,,yes,,1,1,https://osf.io/a8sv7/?view_only=cf0e445e30354e22bb53b82242fd94d8,yes,,https://osf.io/a8sv7/?view_only=cf0e445e30354e22bb53b82242fd94d8,yes,,OSF,yes,,yes,,I didn't have any problems with this article,
a000074,kongmanas,2020-04-03,yes,,yes,,yes,,1,1,https://osf.io/t9c52/,yes,,https://osf.io/t9c52,yes,,OSF,no,,,,There is no available data file; only said 'no response',
a000119,kongmanas,2020-04-03,yes,,yes,,yes,,1,1,https://osf.io/3ymbu/,yes,,https://osf.io/3ymbu,yes,,OSF,no,,,,There is no available data file.,
a000151,kongmanas,2020-04-03,yes,,yes,,yes,,1,1,https://osf.io/ugdcz/,yes,,https://osf.io/ugdcz/,yes,,OSF,yes,,yes,,I didn't have any problems with this article,
a000156,kongmanas,2020-04-03,yes,,yes,,yes,,1,1,https://osf.io/3csng/,yes,,https://osf.io/3csng/,yes,,OSF,yes,,yes,,"There was link to ""supplementary data"" at the journal's website - this link was ignored, as there was an explicit link to the open data",
a000158,kongmanas,2020-04-03,yes,,yes,,yes,,1,1,https://doi.org/10.17632/yrpjzfmzpz.3.,yes,,https://data.mendeley.com/datasets/yrpjzfmzpz/3,yes,,Mendeley,yes,,yes,,"There was link to ""supplementary data"" at the journal's website - this link was ignored, as there was an explicit link to the open data",
a000169,kongmanas,2020-04-03,yes,,yes,,yes,,1,1,https://osf.io/4cg2s/,yes,,https://osf.io/4cg2s/,yes,,OSF,yes,,partial,one file is already deleted,"The file ""analysesInManuscript.R"" stored on OSF Storage was deleted by Anders Sand, but other data files are still downloaded",
a000178,kongmanas,2020-04-03,yes,,yes,,yes,,1,1,https://osf.io/ydpbf/,yes,,https://osf.io/ydpbf/,yes,,OSF,yes,,yes,,I didn't have any problems with this article,
a000247,kongmanas,2020-04-03,yes,,yes,,yes,,2,1,https://osf.io/47tnc/,yes,,https://osf.io/47tnc/,yes,,OSF,yes,,yes,,I didn't have any problems with this article,
a000247,kongmanas,2020-04-03,yes,,yes,,yes,,2,2,https://osf.io/gvm2z/,yes,,https://osf.io/gvm2z/,yes,,OSF,yes,,yes,,I didn't have any problems with this article,
a000257,kongmanas,2020-04-03,yes,,yes,,yes,,1,1,https://osf.io/f23tn/?view_only=eb1aad8f01004d02934d872717bf9db1,yes,,https://osf.io/f23tn/?view_only%C2%BCeb1aad8f01004d02934d872717bf9db1.,yes,,OSF,yes,,yes,,"There was link to ""supplementary data"" at the journal's website - this link was ignored, as there was an explicit link to the open data",
a000320,kongmanas,2020-04-04,yes,,yes,,yes,,1,1,https://osf.io/pr3hf/.,yes,,https://osf.io/pr3hf/,yes,,OSF,yes,,yes,,I didn't have any problems with this article,
a000369,kongmanas,2020-04-04,yes,,yes,,yes,,2,1,https://osf.io/5fbac/,yes,,https://osf.io/5fbac,yes,,OSF,yes,,yes,,I didn't have any problems with this article,
a000369,kongmanas,2020-04-04,yes,,yes,,yes,,2,2,https://osf.io/gx4j7/,yes,,https://osf.io/gx4j7/,yes,,OSF,other,only addiction registration file exist,yes,,"No data file available, there is only addiction registration file.",
a000450,kongmanas,2020-04-04,yes,,yes,,yes,,1,1,https://osf.io/ry75j,yes,,https://osf.io/ry75j/,yes,,OSF,yes,,yes,,I didn't have any problems with this article,
a000557,kongmanas,2020-04-04,yes,,yes,,yes,,1,1,https://osf.io/8cd4r/,yes,,https://osf.io/8cd4r/,yes,,OSF,yes,,yes,,I didn't have any problems with this article,
a000582,kongmanas,2020-04-04,yes,,yes,,no,,0,,,,,,,,,,,,,There is no link provided in the article ,
a000601,kongmanas,2020-04-04,yes,,yes,,yes,,1,1,https://osf.io/4bwq3/,yes,,https://osf.io/4bwq3,yes,,OSF,other,"the repository only had a link to another repository, https://osf.io/fc463/?view_only=, which did contain data files",yes,,"There is no available data file in the link destination. However, there is a link which is connected to another repository which all data files are listed and could be downloaded. ",
a000608,kongmanas,2020-04-04,yes,,yes,,yes,,1,1,osf.io/9ungb/,yes,,https://osf.io/9ungb,yes,,OSF,yes,,yes,,I didn't have any problems with this article,
a000624,kongmanas,2020-04-04,yes,,yes,,yes,,1,1,https://dx.doi.org/10.17632/fdmshk2d5x.1,yes,,https://data.mendeley.com/datasets/fdmshk2d5x/1,yes,,Mendeley,yes,,yes,,I didn't have any problems with this article,
a000706,kongmanas,2020-04-06,yes,,yes,,yes,,1,1,osf.io/bmpj9,yes,,https://osf.io/bmpj9,yes,,OSF,yes,,yes,,I didn't have any problems with this article,
a000708,kongmanas,2020-04-06,yes,,yes,,yes,,1,1,https://osf.io/vkmep,yes,,https://osf.io/vkmep/,yes,,OSF,yes,,yes,,I didn't have any problems with this article,
a000736,kongmanas,2020-04-06,yes,,yes,,yes,,1,1,https://doi.org/10.7910/DVN/K7OCDX,yes,,https://dataverse.harvard.edu/dataset.xhtml?persistentId=doi:10.7910/DVN/K7OCDX,yes,,Harvard Dataverse,yes,,yes,,I didn't have any problems with this article,
a000747,kongmanas,2020-04-06,yes,,yes,,yes,,1,1,https://osf.io/5bdwk/,yes,,https://osf.io/5bdwk/,yes,,OSF,yes,,yes,,I didn't have any problems with this article,
a000748,kongmanas,2020-04-06,yes,,yes,,yes,,1,1,https://osf.io/aegr4/,yes,,https://osf.io/aegr4/,yes,,OSF,yes,,yes,,I didn't have any problems with this article,
a000943,kongmanas,2020-04-06,yes,,yes,,yes,,1,1,https://doi.org/10.7910/DVN/R3GZZW,yes,,https://dataverse.harvard.edu/dataset.xhtml?persistentId=doi:10.7910/DVN/R3GZZW,yes,,Harvard Dataverse,yes,,yes,,I didn't have any problems with this article,
a000946,kongmanas,2020-04-06,yes,,yes,,yes,,1,1,http://osf.io/hd6fw,yes,,https://osf.io/hd6fw/,yes,,OSF,yes,,yes,,"There was link to ""supplementary data"" at the journal's website - this link was ignored, as there was an explicit link to the open data",
a000955,kongmanas,2020-04-06,yes,,yes,,yes,,1,1,http://www.icpsr.umich.edu/icpsrweb/ICPSR/series/203/studies?archive=ICPSR&sortBy=7.,yes,,https://www.icpsr.umich.edu/icpsrweb/ICPSR/series/203/studies?archive=ICPSR&sortBy=7.,yes,,ICPSR,no,,,,There is no available data file.,
a000981,kongmanas,2020-04-06,yes,,yes,,yes,,1,1,http://dx.doi.org/10.7910/DVN/WOI8EU,yes,,https://dataverse.harvard.edu/dataset.xhtml?persistentId=doi:10.7910/DVN/WOI8EU,yes,,Harvard Dataverse,yes,,yes,,I didn't have any problems with this article,
a000989,kongmanas,2020-04-06,yes,,yes,,yes,,1,1,https://osf.io/73e54/,yes,,https://osf.io/73e54/,yes,,OSF,yes,,yes,,I didn't have any problems with this article,
a001132,kongmanas,2020-04-06,yes,,yes,,yes,,1,1,https://osf.io/9z3nw/,yes,,https://osf.io/9z3nw/,yes,,OSF,yes,,other, It took more than 15 minutes to download The data files,It took more than 15 minutes to download The data files,
a001216,kongmanas,2020-04-06,yes,,yes,,yes,,1,1,https://osf.io/ydnfe/,yes,,https://osf.io/ydnfe/,yes,,OSF,yes,,yes,,I didn't have any problems with this article,
a001231,kongmanas,2020-04-07,yes,,yes,,yes,,1,1,https://osf.io/esw34/,yes,,https://osf.io/esw34/,yes,,OSF,yes,,yes,,"There was link to ""supplementary data"" at the journal's website - this link was ignored, as there was an explicit link to the open data",
a001233,kongmanas,2020-04-07,yes,,yes,,yes,,1,1,https://doi.org/10.7910/DVN/TVZQG6,yes,,https://dataverse.harvard.edu/dataset.xhtml?persistentId=doi:10.7910/DVN/TVZQG6,yes,,Harvard Dataverse,yes,,yes,,I didn't have any problems with this article,
a001246,kongmanas,2020-04-07,yes,,yes,,yes,,1,1,https://osf.io/e5bvj/,yes,,https://osf.io/e5bvj,yes,,OSF,yes,,yes,,I didn't have any problems with this article,
a001247,kongmanas,2020-04-07,yes,,yes,,yes,,1,1,https://iris-database.org/,yes,,https://iris-database.org/iris/app/home/index;jsessionid=5BCE88A2C1B19F25A602F9BC2F29B920,yes,,IRIS,yes,,other,Need to register to before access to download,The registration is needed to download the data file,
a001305,kongmanas,2020-04-07,yes,,yes,,yes,,1,1,https://osf.io/q4n2b/,yes,,https://osf.io/q4n2b,yes,,OSF,yes,,yes,,I didn't have any problems with this article,
a001369,kongmanas,2020-04-07,yes,,yes,,yes,,1,1,https://dataverse.harvard.edu/dataset.xhtml?persistentId=https://doi.org/10.7910/DVN/GSQG1K,no,the link destination was not found,,,,,,,,,The provided link didn't work,
a001377,kongmanas,2020-04-07,yes,,yes,,yes,,1,1,https://osf.io/j2g7t/,yes,,https://osf.io/j2g7t/,yes,,OSF,yes,,yes,,I didn't have any problems with this article,
a001499,kongmanas,2020-04-07,yes,,yes,,yes,,1,1,osf.io/6b4ag,yes,,https://osf.io/6b4ag/,yes,,OSF,yes,,yes,,I didn't have any problems with this article,
a001556,kongmanas,2020-04-07,yes,,yes,,yes,,1,1,http://doi.org/10.7910/DVN/WPVSMH,yes,,https://dataverse.harvard.edu/dataset.xhtml?persistentId=doi:10.7910/DVN/WPVSMH,yes,,Harvard Dataverse,yes,,yes,,I didn't have any problems with this article,
a001568,kongmanas,2020-04-07,yes,,yes,,yes,,1,1,https://figshare.com/articles/The_Road_to_Bribery_and_Corruption/3849237,yes,,https://figshare.com/articles/The_Road_to_Bribery_and_Corruption/3849237,yes,,figshare,yes,,yes,,I didn't have any problems with this article,
batch0027,,,,,,,,,,,,,,,,,,,,,,,
a000016,kongmanas,2020-04-08,yes,,yes,,yes,,1,1,https://osf.io/cp76s,yes,,https://osf.io/cp76s,yes,,OSF,yes,,yes,,I didn't have any problems with this article,
a000022,kongmanas,2020-04-08,yes,,yes,,yes,,1,1,https://osf.io/cwqsu/?view_only=Noneandhttps://osf.io/cwqsu/?view_only=None,yes,,https://osf.io/cwqsu/?view_only=Noneandhttps://osf.io/cwqsu/?view_only=None,yes,,OSF,yes,,yes,,I didn't have any problems with this article,
a000080,kongmanas,2020-04-08,yes,,yes,,yes,,1,1,https://osf.io/4x8tn/,yes,,https://osf.io/4x8tn/,yes,,OSF,yes,,yes,,I didn't have any problems with this article,
a000195,kongmanas,2020-04-08,yes,,yes,,yes,,1,1,https://osf.io/Z5TE6/,yes,,https://osf.io/Z5TE6/,yes,,OSF,yes,,yes,,I didn't have any problems with this article,
a000219,kongmanas,2020-04-08,yes,,yes,,yes,,1,1,http://dx.doi.org/10.1016/j.jesp.2017.07.005,yes,,https://www.sciencedirect.com/science/article/abs/pii/S0022103116304292?via%3Dihub,other,The data file is in the ScienceDirect t website,,yes,,other,Need to register to before access to download,The data file is in the ScienceDirect website and the registration is needed to download the data file,
a000296,kongmanas,2020-04-08,yes,,yes,,yes,,1,1,https://doi.org/10.6084/m9.figshare.7271480.v1,yes,,https://figshare.com/articles/The_Co-occurrence_of_Pitch_and_Rhythm_Disorders_in_Congenital_Amusia/7271480/1,yes,,figshare,yes,,yes,,"There was link to ""supplementary data"" at the journal's website - this link was ignored, as there was an explicit link to the open data",
a000336,kongmanas,2020-04-08,yes,,yes,,yes,,1,1,https://osf.io/nydsz/,yes,,https://osf.io/nydsz/,yes,,OSF,yes,,yes,,I didn't have any problems with this article,
a000361,kongmanas,2020-04-08,yes,,yes,,yes,,1,1,http://osf.io/ft462/,yes,,https://osf.io/ft462/,yes,,OSF,yes,,yes,,I didn't have any problems with this article,
a000400,kongmanas,2020-04-08,yes,,yes,,no,"There was no link to the repository, only supplementary information at the end of the article ",,,,,,,,,,,,,,"There was no link to the repository, only supplementary information at the end of the article ",
a000423,kongmanas,2020-04-09,yes,,yes,,yes,,1,1,http://doi.org/10.7910/DVN/D5DEHM,yes,,https://dataverse.harvard.edu/dataset.xhtml?persistentId=doi:10.7910/DVN/D5DEHM,yes,,Harvard Dataverse,yes,,yes,,I didn't have any problems with this article,
a000452,kongmanas,2020-04-09,yes,,yes,,yes,,1,1,https://osf.io/arqp8/.,yes,,https://osf.io/arqp8/,yes,,OSF,yes,,yes,,"There was link to ""supplementary data"" at the journal's website - this link was ignored, as there was an explicit link to the open data",
a000470,kongmanas,2020-04-09,yes,,yes,,yes,,1,1,https://osf.io/h5nbu/,yes,,https://osf.io/h5nbu/,yes,,OSF,yes,,yes,,I didn't have any problems with this article,
a000552,kongmanas,2020-04-09,yes,,yes,,yes,,1,1,https://osf.io/78ukq/,yes,,https://osf.io/78ukq/,yes,,OSF,yes,,yes,,"There was link to ""supplementary data"" at the journal's website - this link was ignored, as there was an explicit link to the open data",
a000589,kongmanas,2020-04-09,yes,,yes,,yes,,1,1,https://doi.org/10.7910/DVN/QBHGRC,yes,,https://dataverse.harvard.edu/dataset.xhtml?persistentId=doi:10.7910/DVN/QBHGRC,yes,,Harvard Dataverse,yes,,yes,,I didn't have any problems with this article,
a000721,kongmanas,2020-04-09,yes,,yes,,yes,,1,1,osf.io/4ufvz,yes,,https://osf.io/4ufvz/,yes,,OSF,yes,,yes,,I didn't have any problems with this article,
a000771,kongmanas,2020-04-09,yes,,yes,,yes,,1,1,https://osf.io/ycx49/,yes,,https://osf.io/ycx49,yes,,OSF,yes,,yes,,I didn't have any problems with this article,
a000785,kongmanas,2020-04-09,yes,,yes,,yes,,1,1,https://iris-database.org/,yes,,https://iris-database.org/iris/app/home/detail?id=york%3a936215&ref=search,yes,,IRIS,other,,other,Need to register to before access to download,The registration is needed to download the data file,
a000834,kongmanas,2020-04-09,yes,,yes,,yes,,1,1,https://osf.io/anpbm/,yes,,https://osf.io/anpbm/,yes,,OSF,yes,,yes,,"There was link to ""supplementary data"" at the journal's website - this link was ignored, as there was an explicit link to the open data",
a000849,kongmanas,2020-04-09,yes,,yes,,yes,,1,1,http://dx.doi.org/10.7910/DVN/NQOWDE,no,the link destination was not found,,,,,,,,,The provided link didn't work,
a000860,kongmanas,2020-04-09,yes,,yes,,yes,,1,1,osf.io/trwb4/,yes,,https://osf.io/trwb4,yes,,OSF,yes,,yes,,I didn't have any problems with this article,
a000914,kongmanas,2020-04-09,yes,,yes,,yes,,3,1,https://osf.io/96cx7/,yes,,https://osf.io/96cx7,yes,,OSF,yes,,yes,,I didn't have any problems with this article,
a000914,kongmanas,2020-04-09,yes,,yes,,yes,,3,2,https://github.com/dyurovsky/noisy-kids,yes,,https://github.com/dyurovsky/noisy-kids,yes,,GitHub,yes,,yes,,I didn't have any problems with this article,
a000914,kongmanas,2020-04-10,yes,,yes,,yes,,3,3,http://dyurovsky.github.io/noisy-kids/,yes,,http://dyurovsky.github.io/noisy-kids/,yes,,GitHub,other,The link destination does not contain data files. It only contains codes and results of experiments. ,,,The link destination does not contain data files. It only contains codes and results of experiments. ,
a000923,kongmanas,2020-04-10,yes,,yes,,yes,,1,1,http://doi.org/10.7910/DVN/MYDZNF,yes,,https://dataverse.harvard.edu/dataset.xhtml?persistentId=doi:10.7910/DVN/MYDZNF,yes,,Harvard Dataverse,yes,,yes,,I didn't have any problems with this article,
a000941,kongmanas,2020-04-10,yes,,yes,,yes,,1,1,https://osf.io/abq5f/.,yes,,https://osf.io/abq5f/,yes,,OSF,yes,,yes,,I didn't have any problems with this article,
a000942,kongmanas,2020-04-10,yes,,yes,,yes,,5,1,https://zenodo.org/record/3260451?token¼eyJhbGciOiJIUzUxMiIsImV4cCI6MTU2NDY5Njc5OSwiaWF0IjoxNTYyMDYwOTk2fQ.eyJkYXRhIjp7InJlY2lkIjozMjYwNDUxfSwiaWQiOjMzMzUsInJuZCI6ImFjZGU4N2JiIn0.QMXB0Y2gQu583IAgnmt_UrOn97TQUDWASIlMdMMAYZLyOxXPn1CSvdZnRan08LFfDqEfDtjFzk9IOSogj4r77Q.,yes,,https://zenodo.org/record/3260451?token%C2%BCeyJhbGciOiJIUzUxMiIsImV4cCI6MTU2NDY5Njc5OSwiaWF0IjoxNTYyMDYwOTk2fQ.eyJkYXRhIjp7InJlY2lkIjozMjYwNDUxfSwiaWQiOjMzMzUsInJuZCI6ImFjZGU4N2JiIn0.QMXB0Y2gQu583IAgnmt_UrOn97TQUDWASIlMdMMAYZLyOxXPn1CSvdZnRan08LFfDqEfDtjFzk9IOSogj4r77Q.#.Xo756MgzZPY,yes,,Zenodo ,yes,,yes,,"There was link to ""supplementary data"" at the journal's website - this link was ignored, as there was an explicit link to the open data",
a000942,kongmanas,2020-04-10,yes,,yes,,yes,,5,2,https://zenodo.org/record/3260668?token=eyJhbGciOiJIUzUxMiIsImV4cCI6MTU2NDc4MzE5OSwiaWF0IjoxNTYyMTQ1NDA0fQ.eyJkYXRhIjp7InJlY2lkIjozMjYwNjY4fSwiaWQiOjMzNDIsInJuZCI6IjNjMTFlZWQwIn0.EXvZRFcHpIiYua7_zS5hIvmOKAYvqyAK4TWZa72nJ1l6WVAajRvLjcZchcCQ1A6qbm2PBmVJyeB5lni7k,yes,,https://zenodo.org/record/3260668?token=eyJhbGciOiJIUzUxMiIsImV4cCI6MTU2NDc4MzE5OSwiaWF0IjoxNTYyMTQ1NDA0fQ.eyJkYXRhIjp7InJlY2lkIjozMjYwNjY4fSwiaWQiOjMzNDIsInJuZCI6IjNjMTFlZWQwIn0.EXvZRFcHpIiYua7_zS5hIvmOKAYvqyAK4TWZa72nJ1l6WVAajRvLjcZchcCQ1A6qbm2PBmVJyeB5lni7k#.Xo74qsgzZPY,yes,,Zenodo ,yes,,yes,,"There was link to ""supplementary data"" at the journal's website - this link was ignored, as there was an explicit link to the open data",
a000942,kongmanas,2020-04-10,yes,,yes,,yes,,5,3,https://zenodo.org/record/3264896?token¼eyJhbGciOiJIUzUxMiIsImV4cCI6MTU2NDc4MzE5OSwiaWF0IjoxNTYyMTQ1ODkxfQ.eyJkYXRhIjp7InJlY2lkIjozMjY0ODk2fSwiaWQiOjMzNDMsInJuZCI6IjM3ZTFmNWNiIn0.DjqnMLpuJ-rhm7f0jUguzOjrxGXOD2uOwY3BtcBPmBbgqCwT8Xx13wt1vvbcMd4ozYQO5Y7HKuoNwAJqpEDQ8A,yes,,https://zenodo.org/record/3264896?token%C2%BCeyJhbGciOiJIUzUxMiIsImV4cCI6MTU2NDc4MzE5OSwiaWF0IjoxNTYyMTQ1ODkxfQ.eyJkYXRhIjp7InJlY2lkIjozMjY0ODk2fSwiaWQiOjMzNDMsInJuZCI6IjM3ZTFmNWNiIn0.DjqnMLpuJ-rhm7f0jUguzOjrxGXOD2uOwY3BtcBPmBbgqCwT8Xx13wt1vvbcMd4ozYQO5Y7HKuoNwAJqpEDQ8A#.Xo747cgzZPY,yes,,Zenodo ,yes,,yes,,"There was link to ""supplementary data"" at the journal's website - this link was ignored, as there was an explicit link to the open data",
a000942,kongmanas,2020-04-10,yes,,yes,,yes,,5,4,https://zenodo.org/record/3260735?token¼eyJhbGciOiJIUzUxMiIsImV4cCI6MTU2NDc4MzE5OSwiaWF0IjoxNTYyMTQ1OTAyfQ.eyJkYXRhIjp7InJlY2lkIjozMjYwNzM1fSwiaWQiOjMzNDQsInJuZCI6ImM5YzM0NTE0In0.TkJoCSOtJPo9E0vHV_EKnlYtBplQPtWlMM6yVjLKTNOsIRZP_uqWBHlpwsEKtQ3VtRbDkKnQ79o1ZgnM_CHdQA,yes,,https://zenodo.org/record/3260735?token%C2%BCeyJhbGciOiJIUzUxMiIsImV4cCI6MTU2NDc4MzE5OSwiaWF0IjoxNTYyMTQ1OTAyfQ.eyJkYXRhIjp7InJlY2lkIjozMjYwNzM1fSwiaWQiOjMzNDQsInJuZCI6ImM5YzM0NTE0In0.TkJoCSOtJPo9E0vHV_EKnlYtBplQPtWlMM6yVjLKTNOsIRZP_uqWBHlpwsEKtQ3VtRbDkKnQ79o1ZgnM_CHdQA#.Xo75lcgzZPY,yes,,Zenodo ,yes,,yes,,"There was link to ""supplementary data"" at the journal's website - this link was ignored, as there was an explicit link to the open data",
a000942,kongmanas,2020-04-10,yes,,yes,,yes,,5,5,https://zenodo.org/record/3264892?token¼eyJhbGciOiJIUzUxMiIsImV4cCI6MTU2NDc4MzE5OSwiaWF0IjoxNTYyMTQ1OTE2fQ.eyJkYXRhIjp7InJlY2lkIjozMjY0ODkyfSwiaWQiOjMzNDUsInJuZCI6ImY1Mjg0MTg5In0.JgAatYQMFqETsYekePqDIE_dUDhj5h63EZ8idy0iYgaSl5RcCerHtK3LKSzH660NMI1qXFPpF5A2khkgVDQVaw,yes,,https://zenodo.org/record/3264892?token%C2%BCeyJhbGciOiJIUzUxMiIsImV4cCI6MTU2NDc4MzE5OSwiaWF0IjoxNTYyMTQ1OTE2fQ.eyJkYXRhIjp7InJlY2lkIjozMjY0ODkyfSwiaWQiOjMzNDUsInJuZCI6ImY1Mjg0MTg5In0.JgAatYQMFqETsYekePqDIE_dUDhj5h63EZ8idy0iYgaSl5RcCerHtK3LKSzH660NMI1qXFPpF5A2khkgVDQVaw#.Xo750sgzZPY,yes,,Zenodo ,yes,,yes,,"There was link to ""supplementary data"" at the journal's website - this link was ignored, as there was an explicit link to the open data",
a000944,kongmanas,2020-04-10,yes,,yes,,yes,,1,1,osf.io/hp2wx,yes,,https://osf.io/hp2wx/,yes,,OSF,yes,,yes,,I didn't have any problems with this article,
a001024,kongmanas,2020-04-10,yes,,yes,,yes,,1,1,https://osf.io/9zpaj,yes,,https://osf.io/9zpaj/,yes,,OSF,yes,,yes,,I didn't have any problems with this article,
a001031,kongmanas,2020-04-10,yes,,yes,,yes,,1,1,https://osf.io/tv8ai/,yes,,https://osf.io/tv8ai,yes,,OSF,yes,,yes,,I didn't have any problems with this article,
a001053,kongmanas,2020-04-10,yes,,yes,,yes,,1,1,https://doi.org/10.7910/DVN/JNEQYJ,yes,,https://dataverse.harvard.edu/dataset.xhtml?persistentId=doi:10.7910/DVN/JNEQYJ,yes,,Harvard Dataverse,yes,,yes,,I didn't have any problems with this article,
a001243,kongmanas,2020-04-10,yes,,yes,,yes,,1,1,https://osf.io/nfh28/,yes,,https://osf.io/nfh28/,yes,,OSF,yes,,yes,,I didn't have any problems with this article,
a001286,kongmanas,2020-04-10,yes,,yes,,yes,,1,1,https://osf.io/4vx3z/,yes,,https://osf.io/4vx3z/,yes,,OSF,yes,,yes,,I didn't have any problems with this article,
a001310,kongmanas,2020-04-11,yes,,yes,,yes,,1,1,https://osf.io/27gwb,yes,,https://osf.io/27gwb/,yes,,OSF,yes,,yes,,I didn't have any problems with this article,
a001328,kongmanas,2020-04-11,yes,,yes,,yes,,1,1,osf.io/mgbck,yes,,https://osf.io/mgbck/,yes,,OSF,yes,,yes,,I didn't have any problems with this article,
a001398,kongmanas,2020-04-11,yes,,yes,,yes,,1,1,http://dx.doi.org/10.7910/DVN/QTG6FQ,yes,,https://dataverse.harvard.edu/dataset.xhtml?persistentId=doi:10.7910/DVN/QTG6FQ,yes,,Harvard Dataverse,yes,,yes,,I didn't have any problems with this article,
a001431,kongmanas,2020-04-11,yes,,yes,,yes,,1,1,osf.io/dbgh6,yes,,https://osf.io/dbgh6/,yes,,OSF,yes,,yes,,I didn't have any problems with this article,
a001439,kongmanas,2020-04-11,yes,,yes,,yes,,1,1,osf.io/ht3gk,yes,,https://osf.io/ht3gk/,yes,,OSF,yes,,yes,,I didn't have any problems with this article,
a001481,kongmanas,2020-04-11,yes,,yes,,yes,,1,1,https://zenodo.org/record/1217215,yes,,https://zenodo.org/record/1217215#.Xo7xOcgzZPY,yes,,Zenodo ,yes,,yes,,I didn't have any problems with this article,
a001511,kongmanas,2020-04-11,yes,,yes,,yes,,1,1,https://osf.io/jqug4/,yes,,https://osf.io/jqug4/,yes,,OSF,yes,,yes,,I didn't have any problems with this article,
a001610,kongmanas,2020-04-11,yes,,yes,,yes,,1,1,osf.io/8cwgx,yes,,https://osf.io/8cwgx/,yes,,OSF,yes,,yes,,I didn't have any problems with this article,
a001649,kongmanas,2020-04-11,yes,,yes,,yes,,1,1,osf.io/5qd94,yes,,https://osf.io/5qd94/,yes,,OSF,yes,,yes,,I didn't have any problems with this article,
a001660,kongmanas,2020-04-11,yes,,yes,,yes,,1,1,osf.io/nqas7,yes,,https://osf.io/nqas7/,yes,,OSF,yes,,yes,,I didn't have any problems with this article,
batch0029,,,,,,,,,,,,,,,,,,,,,,,
a000041,kongmanas,2020-04-12,yes,,yes,,yes,,1,1,http://doi.org/10.17605/OSF.IO/GDTPM,yes,,https://osf.io/gdtpm/,yes,,OSF,yes,,yes,,"There was link to ""supplementary data"" at the journal's website - this link was ignored, as there was an explicit link to the open data",
a000103,kongmanas,2020-04-12,yes,,yes,,yes,,1,1,http://doi.org/10.7910/DVN/VEPHLS,yes,,https://dataverse.harvard.edu/dataset.xhtml?persistentId=doi:10.7910/DVN/VEPHLS,yes,,Harvard Dataverse,yes,,yes,,I didn't have any problems with this article,
a000122,kongmanas,2020-04-12,yes,,yes,,yes,,1,1,https://osf.io/j5zyf/,yes,,https://osf.io/j5zyf/,yes,,OSF,yes,,yes,,"There was link to ""supplementary data"" at the journal's website - this link was ignored, as there was an explicit link to the open data",
a000206,kongmanas,2020-04-12,yes,,yes,,yes,,1,1,https://osf.io/afdkq/,yes,,https://osf.io/afdkq/,yes,,OSF,yes,,yes,,I didn't have any problems with this article,
a000273,kongmanas,2020-04-12,yes,,yes,,yes,,2,1,https://osf.io/tqmeh/,yes,,https://osf.io/tqmeh/,yes,,OSF,yes,,yes,,"The two links in the article just connected to the same destination. So, there is one data file got upload to Google Drive. ",
a000273,kongmanas,2020-04-12,yes,,yes,,yes,,2,2,https://osf.io/37u8s/,yes,,https://osf.io/37u8s/,yes,,OSF,yes,,yes,,"The two links in the article just connected to the same destination. So, there is one data file got upload to Google Drive. ",
a000388,kongmanas,2020-04-12,yes,,yes,,yes,,1,1,https://doi.org/10.6084/m9.figshare.4743547.v1,yes,,https://figshare.com/articles/Stats_-_In_an_Absolute_State_xlsx/4743547/1,yes,,figshare,yes,,yes,,I didn't have any problems with this article,
a000401,kongmanas,2020-04-12,yes,,yes,,yes,,1,1,https://osf.io/c5ju9,yes,,https://osf.io/c5ju9/,yes,,OSF,yes,,yes,,I didn't have any problems with this article,
a000438,kongmanas,2020-04-12,yes,,yes,,yes,,1,1,osf.io/snfjx,yes,,https://osf.io/snfjx/,yes,,OSF,yes,,yes,,I didn't have any problems with this article,
a000483,kongmanas,2020-04-12,yes,,yes,,yes,,1,1,https://osf.io/tewvk/,yes,,https://osf.io/tewvk/,yes,,OSF,yes,,yes,,I didn't have any problems with this article,
a000503,kongmanas,2020-04-12,yes,,yes,,yes,,2,1,https://osf.io/cw6y8/?view_only=24a186cebd52441ea0170ed63caf70ab,yes,,https://osf.io/cw6y8/?view_only=24a186cebd52441ea0170ed63caf70ab,yes,,OSF,yes,,yes,,I didn't have any problems with this article,
a000503,kongmanas,2020-04-12,yes,,yes,,yes,,2,2,https://osf.io/5hzv9/?view_only=94aa2b0312c3463493ca6f61c5fc3811,yes,,https://osf.io/5hzv9/?view_only=94aa2b0312c3463493ca6f61c5fc3811,yes,,OSF,yes,,yes,,I didn't have any problems with this article,
a000629,kongmanas,2020-04-13,yes,,yes,,yes,,2,1,osf.io/d2ncs,yes,,https://osf.io/d2ncs/,yes,,OSF,yes,,yes,,I didn't have any problems with this article,
a000629,kongmanas,2020-04-13,yes,,yes,,yes,,2,2,osf.io/473gq,yes,,https://osf.io/473gq/,yes,,OSF,yes,,yes,,I didn't have any problems with this article,
a000657,kongmanas,2020-04-13,yes,,yes,,yes,,1,1,https://doi.org/10.7910/DVN/GDFJ4N,yes,,https://dataverse.harvard.edu/dataset.xhtml?persistentId=doi:10.7910/DVN/GDFJ4N,yes,,Harvard Dataverse,yes,,yes,,I didn't have any problems with this article,
a000710,kongmanas,2020-04-13,yes,,yes,,yes,,1,1,https://osf.io/btkjw,yes,,https://osf.io/btkjw/,yes,,OSF,yes,,yes,,I didn't have any problems with this article,
a000712,kongmanas,2020-04-13,yes,,yes,,yes,,1,1,https://osf.io/2cvm5/?view_only=fac6abc8a7fd4f7ebe20df1912a0da2b,yes,,https://osf.io/2cvm5/?view_only=fac6abc8a7fd4f7ebe20df1912a0da2b,yes,,OSF,yes,,yes,,I didn't have any problems with this article,
a000713,kongmanas,2020-04-13,yes,,yes,,yes,,1,1,https://doi.org/10.17605/OSF.IO/EMF9H,yes,,https://osf.io/emf9h/,yes,,OSF,yes,,other, It took more than 15 minutes to download The data files,It took more than 15 minutes to download The data files,
a000808,kongmanas,2020-04-13,yes,,yes,,other,The article does not contain the URL to an online repository but it allows to click 'Open Data' which automatically connects to repository destination,1,1,N/A,,,https://dataverse.harvard.edu/dataset.xhtml?persistentId=doi:10.7910/DVN/A99NUB,yes,,Harvard Dataverse,yes,,yes,,"There is no URL given in the artile, but can click 'Open Data' to connect to repositary destination. ",
a000824,kongmanas,2020-04-13,yes,,yes,,yes,,1,1,https://osf.io/pz4he/,yes,,https://osf.io/pz4he/,yes,,OSF,yes,,yes,,I didn't have any problems with this article,
a000844,kongmanas,2020-04-13,yes,,yes,,yes,,1,1,https://osf.io/3r96f/,yes,,https://osf.io/3r96f/,yes,,OSF,yes,,yes,,I didn't have any problems with this article,
a000865,kongmanas,2020-04-13,yes,,yes,,yes,,1,1,https://osf.io/h7k9p/?view_only=2b0f6b3dbce2430fb41b2b85b27daf75,yes,,https://osf.io/h7k9p/?view_only=2b0f6b3dbce2430fb41b2b85b27daf75,yes,,OSF,yes,,yes,,I didn't have any problems with this article,
a000916,kongmanas,2020-04-13,yes,,yes,,yes,,1,1,https://osf.io/jkktw,yes,,https://osf.io/jkktw/,yes,,OSF,yes,,yes,,I didn't have any problems with this article,
a000925,kongmanas,2020-04-13,yes,,yes,,yes,,1,1,http://doi.org/10.7910/DVN/TJ1ZXX,yes,,https://dataverse.harvard.edu/dataset.xhtml?persistentId=doi:10.7910/DVN/TJ1ZXX,yes,,Harvard Dataverse,yes,,yes,,I didn't have any problems with this article,
a000926,kongmanas,2020-04-13,yes,,yes,,yes,,1,1,https://doi.org/10.7910/DVN/J2FA5R,yes,,https://dataverse.harvard.edu/dataset.xhtml?persistentId=doi:10.7910/DVN/J2FA5R,yes,,Harvard Dataverse,yes,,yes,,I didn't have any problems with this article,
a000949,kongmanas,2020-04-13,yes,,yes,,yes,,1,1,http://osf.io/r6idy/,yes,,https://osf.io/r6idy,yes,,OSF,yes,,yes,,I didn't have any problems with this article,
a000982,kongmanas,2020-04-13,yes,,yes,,yes,,1,1,http://dx.doi.org/10.7910/DVN/LZGQOH,yes,,https://dataverse.harvard.edu/dataset.xhtml?persistentId=doi:10.7910/DVN/LZGQOH,yes,,Harvard Dataverse,yes,,yes,,I didn't have any problems with this article,
a001000,kongmanas,2020-04-13,yes,,yes,,yes,,1,1,https://osf.io/54skn/files/,yes,,https://osf.io/54skn/files/,yes,,OSF,yes,,yes,,I didn't have any problems with this article,
a001066,kongmanas,2020-04-13,yes,,yes,,yes,,1,1,https://doi.org/10.1016/j.cortex.2019.09.007,yes,,https://www.sciencedirect.com/science/article/pii/S0010945219303272?via%3Dihub,other,The data file is in the ScienceDirect website,,yes,,other,Need to register to before access to download,The data file is in the ScienceDirect website and the registration is needed to download the data file,may be ask Steve
a001084,kongmanas,2020-04-14,yes,,yes,,yes,,1,1,https://doi.org/10.7910/DVN/O6VHZZ,yes,,https://dataverse.harvard.edu/dataset.xhtml?persistentId=doi:10.7910/DVN/O6VHZZ,yes,,Harvard Dataverse,yes,,yes,,I didn't have any problems with this article,
a001275,kongmanas,2020-04-14,yes,,yes,,yes,,1,1,https://osf.io/dxvrq,yes,,https://osf.io/dxvrq,yes,,OSF,yes,,yes,,I didn't have any problems with this article,
a001284,kongmanas,2020-04-14,yes,,yes,,yes,,1,1,https://osf.io/dqgep/,yes,,https://osf.io/dqgep/,yes,,OSF,yes,,yes,,"There was link to ""supplementary data"" at the journal's website - this link was ignored, as there was an explicit link to the open data",
a001302,kongmanas,2020-04-14,yes,,yes,,yes,,1,1,doi:10.7910/DVN/BXXWWW,yes,,https://dataverse.harvard.edu/dataset.xhtml?persistentId=doi:10.7910/DVN/BXXWWW,yes,,Harvard Dataverse,yes,,yes,,I didn't have any problems with this article,
a001327,kongmanas,2020-04-14,yes,,yes,,yes,,1,1,osf.io/fgn9y,yes,,https://osf.io/fgn9y/,yes,,OSF,yes,,yes,,I didn't have any problems with this article,
a001329,kongmanas,2020-04-14,yes,,yes,,yes,,1,1,https://doi.org/10.1016/j.jrp.2019.02.001,yes,,https://www.sciencedirect.com/science/article/abs/pii/S0092656619300200?via%3Dihub,other,The data file is in the ScienceDirect website,,yes,,other,Need to register to before access to download,The data file is in the ScienceDirect website and the registration is needed to download the data file,
a001370,kongmanas,2020-04-14,yes,,yes,,yes,,1,1,https://osf.io/dq3w9/,yes,,https://osf.io/dq3w9/,yes,,OSF,yes,,yes,,"There was link to ""supplementary data"" at the journal's website - this link was ignored, as there was an explicit link to the open data",
a001414,kongmanas,2020-04-14,yes,,yes,,yes,,1,1,http://doi.org/10.7910/DVN/XJQALC,yes,,https://dataverse.harvard.edu/dataset.xhtml?persistentId=doi:10.7910/DVN/XJQALC,yes,,Harvard Dataverse,yes,,yes,,I didn't have any problems with this article,
a001468,kongmanas,2020-04-14,yes,,yes,,yes,,1,1,https://osf.io/nav9h/,yes,,https://osf.io/nav9h/,yes,,OSF,yes,,yes,,I didn't have any problems with this article,
a001554,kongmanas,2020-04-14,yes,,yes,,yes,,1,1,https://doi.org/10.7910/DVN/Y43XZR,yes,,https://dataverse.harvard.edu/dataset.xhtml?persistentId=doi:10.7910/DVN/Y43XZR,yes,,Harvard Dataverse,yes,,yes,,I didn't have any problems with this article,
a001582,kongmanas,2020-04-14,yes,,yes,,yes,,1,1,osf.io/kcp9z,yes,,https://osf.io/kcp9z/,yes,,OSF,yes,,yes,,I didn't have any problems with this article,
a001590,kongmanas,2020-04-14,yes,,yes,,yes,,1,1,https://doi.org/10.7910/DVN/XZFHCP,yes,,https://dataverse.harvard.edu/dataset.xhtml?persistentId=doi:10.7910/DVN/XZFHCP,yes,,Harvard Dataverse,yes,,yes,,I didn't have any problems with this article,
a001603,kongmanas,2020-04-14,yes,,yes,,yes,,1,1,https://osf.io/e652h/,yes,,https://osf.io/e652h/,yes,,OSF,yes,,yes,,I didn't have any problems with this article,
a001635,kongmanas,2020-04-14,yes,,yes,,yes,,1,1,https://osf.io/psfwz/,yes,,https://osf.io/psfwz/,yes,,OSF,yes,,yes,,I didn't have any problems with this article,
batch0038,,,,,,,,,,,,,,,,,,,,,,,
a000023,kongmanas,2020-04-15,yes,,yes,,yes,,1,1,https://osf.io/jbq9v,yes,,https://osf.io/jbq9v/,yes,,OSF,yes,,yes,,I didn't have any problems with this article,
a000141,kongmanas,2020-04-15,yes,,yes,,yes,,1,1,osf.io/7tssz,yes,,https://osf.io/7tssz/,yes,,OSF,yes,,yes,,I didn't have any problems with this article,
a000213,kongmanas,2020-04-15,yes,,yes,,yes,,1,1,https://osf.io/aj98f/,yes,,https://osf.io/aj98f,yes,,OSF,yes,,yes,,I didn't have any problems with this article,
a000250,kongmanas,2020-04-15,yes,,yes,,yes,,1,1,http://dx.doi.org/10.7910/DVN/TZRNKD,yes,,https://dataverse.harvard.edu/dataset.xhtml?persistentId=doi:10.7910/DVN/TZRNKD,yes,,Harvard Dataverse,yes,,yes,,I didn't have any problems with this article,
a000333,kongmanas,2020-04-15,yes,,yes,,yes,,1,1,https://osf.io/x3prf,yes,,https://osf.io/x3prf/,yes,,OSF,yes,,yes,,"There was link to ""supplementary data"" at the journal's website - this link was ignored, as there was an explicit link to the open data",
a000352,kongmanas,2020-04-15,yes,,yes,,yes,,1,1,https://doi.org/10.7910/DVN/RLLL1V,yes,,https://dataverse.harvard.edu/dataset.xhtml?persistentId=doi:10.7910/DVN/RLLL1V,yes,,Harvard Dataverse,yes,,yes,,I didn't have any problems with this article,
a000399,kongmanas,2020-04-15,yes,,yes,,yes,,1,1,http://dx.doi.org/10.5061/dryad.5t0b8,yes,,https://datadryad.org/stash/dataset/doi:10.5061/dryad.5t0b8,yes,,Dryad,yes,,yes,,I didn't have any problems with this article,
a000422,kongmanas,2020-04-15,yes,,yes,,yes,,1,1,https://osf.io/sgwv6/,yes,,https://osf.io/sgwv6,yes,,OSF,yes,,yes,,I didn't have any problems with this article,
a000466,kongmanas,2020-04-15,yes,,yes,,yes,,1,1,https://doi.org/10.7910/DVN/SEHMGR,yes,,https://dataverse.harvard.edu/dataset.xhtml?persistentId=doi:10.7910/DVN/SEHMGR,yes,,Harvard Dataverse,yes,,yes,,I didn't have any problems with this article,
a000495,kongmanas,2020-04-15,yes,,yes,,yes,,2,1,https://openfmri.org/dataset/ds000223/,yes,,https://openneuro.org/datasets/ds000223/versions/00001,yes,,OpenNeuro,yes,,yes,,I didn't have any problems with this article,
a000495,kongmanas,2020-04-15,yes,,yes,,yes,,2,2,https://github.com/iancballard/magnitude,yes,,https://github.com/iancballard/magnitude,yes,,GitHub,yes,,yes,,I didn't have any problems with this article,
a000497,kongmanas,2020-04-15,yes,,yes,,yes,,1,1,https://doi.org/10.5281/zenodo.2555766,yes,,https://zenodo.org/record/2555766#.XpnDeMgzZPY,yes,,Zenodo ,yes,,yes,,"Statement about open data being available was in data collection, sample sizes, and reporting of results section",
a000500,kongmanas,2020-04-16,yes,,yes,,yes,,1,1,https://osf.io/grh8s/,yes,,https://osf.io/grh8s/,yes,,OSF,yes,,yes,,Statement about open data being available was in method section,
a000534,kongmanas,2020-04-16,yes,,yes,,yes,,1,1,https://osf.io/t46nw/,yes,,https://osf.io/t46nw/,yes,,OSF,yes,,yes,,I didn't have any problems with this article,
a000547,kongmanas,2020-04-16,yes,,yes,,yes,,1,1,http://hdl.handle.net/1902.29/11793,yes,,https://dataverse.unc.edu/citation?persistentId=hdl:1902.29/11793,yes,,Harvard Dataverse,yes,,yes,,I didn't have any problems with this article,
a000670,kongmanas,2020-04-16,yes,,yes,,yes,,1,1,https://osf.io/9ej2c/,yes,,https://osf.io/9ej2c,yes,,OSF,yes,,yes,,I didn't have any problems with this article,
a000723,kongmanas,2020-04-16,yes,,yes,,yes,,1,1,https://osf.io/9p6t5,yes,,https://osf.io/9p6t5/,yes,,OSF,yes,,yes,,I didn't have any problems with this article,
a000765,kongmanas,2020-04-16,yes,,yes,,yes,,1,1,https://osf.io/yck8s/,yes,,https://osf.io/yck8s/,yes,,OSF,yes,,yes,,I didn't have any problems with this article,
a000882,kongmanas,2020-04-16,yes,,yes,,yes,,1,1,https://osf.io/nyq9j,yes,,https://osf.io/nyq9j/,yes,,OSF,yes,,yes,,I didn't have any problems with this article,
a000887,kongmanas,2020-04-16,yes,,yes,,yes,,1,1,https://osf.io/3xgtk/,yes,,https://osf.io/3xgtk,yes,,OSF,yes,,yes,,I didn't have any problems with this article,
a000931,kongmanas,2020-04-16,yes,,yes,,yes,,1,1,https://osf.io/9bsa7/,yes,,https://osf.io/9bsa7/,yes,,OSF,yes,,yes,,I didn't have any problems with this article,
a001001,kongmanas,2020-04-16,yes,,yes,,yes,,1,1,http://osf.io/ietwv/,yes,,https://osf.io/ietwv/,yes,,OSF,yes,,yes,,I didn't have any problems with this article,
a001023,kongmanas,2020-04-16,yes,,yes,,yes,,1,1,https://osf.io/eky4s/,yes,,https://osf.io/eky4s/,yes,,OSF,yes,,yes,,I didn't have any problems with this article,
a001060,kongmanas,2020-04-16,yes,,yes,,yes,,1,1,https://figshare.com/s/18a543c101a17a1d5560,yes,,https://figshare.com/s/18a543c101a17a1d5560,yes,,figshare,yes,,yes,,I didn't have any problems with this article,
a001138,kongmanas,2020-04-16,yes,,yes,,yes,,3,1,https://osf.io/traf4/,yes,,https://osf.io/traf4/,yes,,OSF,yes,,yes,,"The three links in the article just connected to the same destination. So, there is one data file got upload to Google Drive. ",
a001138,kongmanas,2020-04-16,yes,,yes,,yes,,3,2,https://osf.io/pdy6b,yes,,https://osf.io/pdy6b/,yes,,OSF,yes,,yes,,"The three links in the article just connected to the same destination. So, there is one data file got upload to Google Drive. ",
a001138,kongmanas,2020-04-16,yes,,yes,,yes,,3,3,https://osf.io/project/s3chz/files/osfstorage/58920befb83f6901f40f7ec4/,yes,,https://osf.io/u95vg/,yes,,OSF,yes,,yes,,"The three links in the article just connected to the same destination. So, there is one data file got upload to Google Drive. ",
a001142,kongmanas,2020-04-16,yes,,yes,,yes,,1,1,https://osf.io/c2gaf,yes,,https://osf.io/c2gaf/,yes,,OSF,yes,,yes,,I didn't have any problems with this article,
a001176,kongmanas,2020-04-17,yes,,yes,,yes,,1,1,https://dataverse.harvard.edu/dataverse/AgreementIndiff,yes,,https://dataverse.harvard.edu/dataverse/AgreementIndiff,yes,,Harvard Dataverse,yes,,other,Need to register to before access to download,The registration is needed to download the data file,
a001197,kongmanas,2020-04-17,yes,,yes,,yes,,1,1,https://osf.io/re48w,yes,,https://osf.io/re48w,yes,,OSF,yes,,yes,,I didn't have any problems with this article,
a001295,kongmanas,2020-04-17,yes,,yes,,yes,,1,1,https://osf.io/v8aih/,yes,,https://osf.io/v8aih/,yes,,OSF,yes,,yes,,I didn't have any problems with this article,
a001316,kongmanas,2020-04-17,yes,,yes,,yes,,1,1,https://osf.io/9cmxw/,yes,,https://osf.io/9cmxw/,yes,,OSF,yes,,yes,,I didn't have any problems with this article,
a001319,kongmanas,2020-04-17,yes,,yes,,yes,,1,1,http://doi.org/10.7910/DVN/3DK6JA,yes,,https://dataverse.harvard.edu/dataset.xhtml?persistentId=doi:10.7910/DVN/3DK6JA,yes,,Harvard Dataverse,yes,,yes,,I didn't have any problems with this article,
a001320,kongmanas,2020-04-17,yes,,yes,,yes,,1,1,osf.io/4e7h9/,yes,,https://osf.io/4e7h9/,yes,,OSF,yes,,yes,,I didn't have any problems with this article,
a001340,kongmanas,2020-04-17,yes,,yes,,yes,,1,1,https://figshare.com/projects/Effects_of_tDCS_over_posterior_parietal_cortex_on_episodic_memory_reconsolidation/64793.,yes,,https://figshare.com/projects/Effects_of_tDCS_over_posterior_parietal_cortex_on_episodic_memory_reconsolidation/64793,yes,,figshare,yes,,yes,,I didn't have any problems with this article,
a001341,kongmanas,2020-04-17,yes,,yes,,yes,,1,1,https://osf.io/kewpu/,yes,,https://osf.io/kewpu/,yes,,OSF,yes,,yes,,I didn't have any problems with this article,
a001565,kongmanas,2020-04-17,yes,,yes,,yes,,1,1,https://osf.io/kvb99/,yes,,https://osf.io/kvb99/,yes,,OSF,yes,,yes,,I didn't have any problems with this article,
a001572,kongmanas,2020-04-17,yes,,yes,,yes,,1,1,https://osf.io/vq49b/,yes,,https://osf.io/vq49b/,yes,,OSF,yes,,yes,,I didn't have any problems with this article,
a001619,kongmanas,2020-04-17,yes,,yes,,yes,,1,1,https://osf.io/stv79/,yes,,https://osf.io/stv79/,yes,,OSF,yes,,yes,,I didn't have any problems with this article,
a001621,kongmanas,2020-04-17,yes,,yes,,yes,,1,1,https://dx.doi.org/10.6084/m9.figshare.c.3468495.v2,yes,,https://figshare.com/collections/Mental_Representations_of_Welfare_Recipients/3468495/2,yes,,figshare,yes,,yes,,I didn't have any problems with this article,
a001639,kongmanas,2020-04-17,yes,,yes,,yes,,1,1,https://osf.io/hekts,yes,,https://osf.io/hekts/,yes,,OSF,yes,,yes,,I didn't have any problems with this article,
a001662,kongmanas,2020-04-17,yes,,yes,,yes,,1,1,https://osf.io/qwy4b/,yes,,https://osf.io/qwy4b,yes,,OSF,yes,,yes,,I didn't have any problems with this article,
a001663,kongmanas,2020-04-17,yes,,yes,,yes,,1,1,https://osf.io/ceqth/,yes,,https://osf.io/ceqth/,yes,,OSF,yes,,yes,,I didn't have any problems with this article,
batch0044,,,,,,,,,,,,,,,,,,,,,,,
a000090,kongmanas,2020-04-18,yes,,yes,,yes,,1,1,https://osf.io/e9mhc/,yes,,https://osf.io/e9mhc,yes,,OSF,yes,,yes,,I didn't have any problems with this article,
a000118,kongmanas,2020-04-18,yes,,yes,,yes,,1,1,osf.io/b5sar/,yes,,https://osf.io/b5sar/,yes,,OSF,yes,,yes,,I didn't have any problems with this article,
a000157,kongmanas,2020-04-18,yes,,yes,,yes,,1,1,https://doi.org/10.7910/DVN/EWRXPU,yes,,https://dataverse.harvard.edu/dataset.xhtml?persistentId=doi:10.7910/DVN/EWRXPU,yes,,Harvard Dataverse,yes,,yes,,I didn't have any problems with this article,
a000287,kongmanas,2020-04-18,yes,,yes,,yes,,1,1,https://osf.io/fctr8/,yes,,https://osf.io/fctr8/,yes,,OSF,yes,,yes,,I didn't have any problems with this article,
a000348,kongmanas,2020-04-18,yes,,yes,,yes,,1,1,https://doi.org/10.7910/DVN/ZRZGTT,yes,,https://dataverse.harvard.edu/dataset.xhtml?persistentId=doi:10.7910/DVN/ZRZGTT,yes,,Harvard Dataverse,yes,,yes,,I didn't have any problems with this article,
a000367,kongmanas,2020-04-18,yes,,yes,,yes,,1,1,https://doi.org/10.7910/DVN/YM4LDG,no,the link destination was not found,,,,,,,,,The provided link didn't work,
a000417,kongmanas,2020-04-18,yes,,yes,,yes,,1,1,https://doi.org/10.1016/j.jrp.2018.02.003,yes,,https://www.sciencedirect.com/science/article/abs/pii/S0092656618300151?via%3Dihub,other,The data file is in the ScienceDirect t website,,yes,,other,Need to register to before access to download,The data file is in the ScienceDirect website and the registration is needed to download the data file,
a000440,kongmanas,2020-04-18,yes,,yes,,yes,,1,1,10.17605/OSF.IO/ZFPMD,yes,The URL link to data repositary was in the reference section,https://osf.io/zfpmd/,yes,,OSF,yes,,yes,,The URL link to data repositary was in the reference section,
a000493,kongmanas,2020-04-18,yes,,yes,,yes,,1,1,https://www.iris‐database.org/iris/app/home/detail?id=york:934328,no,the link destination was not found,,,,,,,,,The provided link didn't work,
a000505,kongmanas,2020-04-18,yes,,yes,,yes,,1,1,osf.io/mvz3r/,yes,,https://osf.io/mvz3r/,yes,,OSF,yes,,yes,,I didn't have any problems with this article,
a000628,kongmanas,2020-04-18,yes,,yes,,yes,,1,1,https://osf.io/4qbxv/,yes,,https://osf.io/4qbxv,yes,,OSF,yes,,yes,,I didn't have any problems with this article,
a000687,kongmanas,2020-04-19,yes,,yes,,yes,,1,1,https://doi.org/10.17605/OSF.IO/WCJSF,yes,,https://osf.io/wcjsf/,yes,,OSF,yes,,yes,,"There was link to ""supplementary data"" at the journal's website - this link was ignored, as there was an explicit link to the open data",
a000746,kongmanas,2020-04-19,yes,,yes,,yes,,1,1,https://osf.io/ys8ct/wiki/home/,yes,,https://osf.io/ys8ct/wiki/home/,yes,,OSF,yes,,yes,,I didn't have any problems with this article,
a000768,kongmanas,2020-04-19,yes,,yes,,yes,,1,1,https://osf.io/maf3d,yes,,https://osf.io/maf3d/,yes,,OSF,yes,,yes,,I didn't have any problems with this article,
a000772,kongmanas,2020-04-19,yes,,yes,,yes,,1,1,https://osf.io/43fmu/,yes,,https://osf.io/43fmu/,yes,,OSF,yes,,yes,,I didn't have any problems with this article,
a000803,kongmanas,2020-04-19,yes,,yes,,yes,,1,1,https://osf.io/n9xep/,yes,,https://osf.io/n9xep/,yes,,OSF,yes,,yes,,I didn't have any problems with this article,
a000833,kongmanas,2020-04-19,yes,,yes,,yes,,1,1,https://osf.io/rmnk2,yes,,https://osf.io/rmnk2/,yes,,OSF,yes,,yes,,I didn't have any problems with this article,
a000879,kongmanas,2020-04-19,yes,,yes,,yes,,1,1,https://osf.io/chpfn/,yes,,https://osf.io/chpfn,yes,,OSF,yes,,yes,,I didn't have any problems with this article,
a000909,kongmanas,2020-04-19,yes,,yes,,yes,,1,1,http://dx.doi.org/10.7910/DVN/UQAIZI,yes,,https://dataverse.harvard.edu/dataset.xhtml?persistentId=doi:10.7910/DVN/UQAIZI,yes,,Harvard Dataverse,yes,,yes,,I didn't have any problems with this article,
a000919,kongmanas,2020-04-19,yes,,yes,,yes,,1,1,https://osf.io/usgz3/,yes,,https://osf.io/usgz3/,yes,,OSF,yes,,yes,,"There was link to ""supplementary data"" at the journal's website - this link was ignored, as there was an explicit link to the open data",
a000967,kongmanas,2020-04-19,yes,,yes,,yes,,1,1,https://doi.org/10.17605/OSF.IO/3R2QY,yes,,https://osf.io/3r2qy/,yes,,OSF,yes,,yes,,I didn't have any problems with this article,
a001014,kongmanas,2020-04-19,yes,,yes,,yes,,1,1,https://osf.io/j7hdm,yes,,https://osf.io/j7hdm,yes,,OSF,yes,,yes,,I didn't have any problems with this article,
a001016,kongmanas,2020-04-19,yes,,no,,other,There is a link in the first page which is not described as the link to data repositary ,1,1,https://doi.org/10.1016/j.jrp.2019.01.001,yes,,https://www.sciencedirect.com/science/article/abs/pii/S0092656618301776?via%3Dihub,other,The data file is in the ScienceDirect website,,yes,,yes,,"There is no data statement about the open data, but there is a link URL in the first page (which is not described as the link to data repositary). This URL leads  the ScienceDirect website which contains data files.",
a001085,kongmanas,2020-04-19,yes,,yes,,yes,,1,1,https://osf.io/5tfzh/,yes,,https://osf.io/5tfzh/,yes,,OSF,yes,,yes,,I didn't have any problems with this article,
a001116,kongmanas,2020-04-19,yes,,yes,,yes,,2,1,https://osf.io/x3jav,yes,,https://osf.io/x3jav/,yes,,OSF,yes,,yes,,I didn't have any problems with this article,
a001116,kongmanas,2020-04-20,yes,,yes,,yes,,2,2,https://cancercontrol.cancer.gov/brp/hbrb/flashe.html,yes,,https://cancercontrol.cancer.gov/brp/hbrb/flashe.html,other,The data file is in the National Cancer Institutue website,,other,data file is confidential and is only sent via email as request ,,,The data file is in the National Cancer Institutue website. It is confidential and is only sent via email as request ,
a001235,kongmanas,2020-04-20,yes,,yes,,yes,,1,1,osf.io/49rmq/,yes,,https://osf.io/49rmq,yes,,OSF,yes,,yes,,I didn't have any problems with this article,
a001266,kongmanas,2020-04-20,yes,,yes,,yes,,1,1,https://doi.org/10.7910/DVN/QO6EMT,yes,,https://dataverse.harvard.edu/dataset.xhtml?persistentId=doi:10.7910/DVN/QO6EMT,yes,,Harvard Dataverse,yes,,yes,,I didn't have any problems with this article,
a001268,kongmanas,2020-04-20,yes,,yes,,yes,,1,1,osf.io/cky7g,yes,,https://osf.io/cky7g/,yes,,OSF,yes,,yes,,The URL link to data repositary was in the reference section,
a001281,kongmanas,2020-04-20,yes,,yes,,yes,,1,1,https://doi.org/10.7910/DVN/H13U6G,yes,,https://dataverse.harvard.edu/dataset.xhtml?persistentId=doi:10.7910/DVN/H13U6G,yes,,Harvard Dataverse,yes,,yes,,I didn't have any problems with this article,
a001288,kongmanas,2020-04-20,yes,,yes,,yes,,1,1,https://dx.doi.org/10.17617/3.2v,yes,,https://edmond.mpdl.mpg.de/imeji/collection/64vBL2yNY36dYZQv,yes,,Edmond Repository (MPDL),yes,,yes,,I didn't have any problems with this article,
a001362,kongmanas,2020-04-20,yes,,yes,,yes,,1,1,https://osf.io/t79ca/,yes,,https://osf.io/t79ca/,yes,,OSF,yes,,yes,,I didn't have any problems with this article,
a001430,kongmanas,2020-04-20,yes,,yes,,yes,,2,1,https://data.mendeley.com/submissions/evise/edit/rh22h25sw7?submission_id=S0022-1031(17)30623-6&token=3639d213-5e0d-437d-af76-0023d5b2081a,yes,,https://data.mendeley.com/submissions/evise/edit/rh22h25sw7?submission_id=S0022-1031(17)30623-6&token=3639d213-5e0d-437d-af76-0023d5b2081a,yes,,Mendeley,yes,,no,Something went wrong and data files cannot be downloaded,"The data files cannot be downloaded, but there is a link to ""supplementary data"" stated in the article ",
a001430,kongmanas,2020-04-20,yes,,yes,,yes,,2,2,https://doi.org/10.1016/j.jesp.2018.01.007,yes,,https://www.sciencedirect.com/science/article/abs/pii/S0022103117306236?via%3Dihub,other,The data file is in the ScienceDirect website,,yes,,other,Need to register to before access to download,The registration is needed to download the data file,
a001459,kongmanas,2020-04-20,yes,,yes,,yes,,1,1,http://doi.org/10.7910/DVN/EL6ZCZ,yes,,https://dataverse.harvard.edu/dataset.xhtml?persistentId=doi:10.7910/DVN/EL6ZCZ,yes,,Harvard Dataverse,yes,,yes,,I didn't have any problems with this article,
a001518,kongmanas,2020-04-20,yes,,yes,,yes,,1,1,osf.io/fhmyb,yes,,https://osf.io/fhmyb/,yes,,OSF,yes,,yes,,I didn't have any problems with this article,
a001519,kongmanas,2020-04-20,yes,,yes,,yes,,1,1,osf.io/b9pkj/,yes,,https://osf.io/b9pkj,yes,,OSF,yes,,yes,,I didn't have any problems with this article,
a001583,kongmanas,2020-04-20,yes,,yes,,yes,,1,1,http://osf.io/wxc7b,yes,,https://osf.io/wxc7b/,yes,,OSF,yes,,yes,,I didn't have any problems with this article,
a001623,kongmanas,2020-04-20,yes,,yes,,yes,,1,1,https://osf.io/vjwsg/,yes,,https://osf.io/vjwsg/,yes,,OSF,yes,,yes,,I didn't have any problems with this article,
a001624,kongmanas,2020-04-20,yes,,yes,,yes,,1,1,https://osf.io/xqvkb/,yes,,https://osf.io/xqvkb/,yes,,OSF,yes,,yes,,"There was link to ""supplementary data"" at the journal's website - this link was ignored, as there was an explicit link to the open data",
a001627,kongmanas,2020-04-20,yes,,yes,,yes,,1,1,https://doi.org/10.7910/DVN/QSXDUN,yes,,https://dataverse.harvard.edu/dataset.xhtml?persistentId=doi:10.7910/DVN/QSXDUN,yes,,Harvard Dataverse,yes,,yes,,I didn't have any problems with this article,
a001651,kongmanas,2020-04-20,yes,,yes,,yes,,1,1,https://osf.io/mw3rb/,yes,,https://osf.io/mw3rb/,yes,,OSF,yes,,yes,,I didn't have any problems with this article,
batch0046,,,,,,,,,,,,,,,,,,,,,,,
a000024,kongmanas,2020-04-21,yes,,yes,,yes,,2,1,https://osf.io/jrmk4/,yes,,https://osf.io/jrmk4/,yes,,OSF,yes,,yes,,I didn't have any problems with this article,
a000024,kongmanas,2020-04-21,yes,,yes,,yes,,2,2,https://osf.io/z68ku/,yes,,https://osf.io/z68ku/,yes,,OSF,yes,,yes,,I didn't have any problems with this article,
a000100,kongmanas,2020-04-21,yes,,yes,,yes,,1,1,https://doi.org/10.17605/OSF.IO/Z6SDM,yes,,https://osf.io/z6sdm/,yes,,OSF,yes,,yes,,I didn't have any problems with this article,
a000128,kongmanas,2020-04-21,yes,,yes,,yes,,1,1,https://osf.io/tvyxz/wiki,yes,,https://osf.io/tvyxz/wiki/home/,yes,,OSF,yes,,yes,,I didn't have any problems with this article,
a000132,kongmanas,2020-04-21,yes,,yes,,yes,,2,1,http://www.pairfam.de/en/data/data-access/,yes,,https://www.pairfam.de/index.php,other,The data file is in the pairfam website,,yes,,other,Need to register to before access to download,The registration is needed to download the data file,
a000132,kongmanas,2020-04-21,yes,,yes,,yes,,2,2,https://osf.io/z6ryh,yes,,https://osf.io/z6ryh/,yes,,OSF,yes,,yes,,I didn't have any problems with this article,
a000180,kongmanas,2020-04-21,yes,,yes,,yes,,1,1,https://osf.io/6krj7/,yes,,https://osf.io/6krj7/,yes,,OSF,yes,,yes,,Statement about open data being available was in method section,
a000189,kongmanas,2020-04-21,yes,,yes,,yes,,1,1,https://osf.io/xv645/,yes,,https://osf.io/xv645/,yes,,OSF,yes,,yes,,I didn't have any problems with this article,
a000193,kongmanas,2020-04-21,yes,,yes,,yes,,1,1,http://osf.io/seqgd/,yes,,https://osf.io/seqgd,yes,,OSF,yes,,yes,,I didn't have any problems with this article,
a000240,kongmanas,2020-04-21,yes,,yes,,yes,,1,1,https://doi.org/10.7910/DVN/YJUIBI,yes,,https://dataverse.harvard.edu/dataset.xhtml?persistentId=doi:10.7910/DVN/YJUIBI,yes,,Harvard Dataverse,yes,,yes,,I didn't have any problems with this article,
a000332,kongmanas,2020-04-21,yes,,yes,,yes,,1,1,osf.io/5xmb2,yes,,https://osf.io/5xmb2/,yes,,OSF,yes,,yes,,"There was link to ""supplementary data"" at the journal's website - this link was ignored, as there was an explicit link to the open data",
a000354,kongmanas,2020-04-21,yes,,yes,,yes,,1,1,https://osf.io/i5knh/,yes,,https://osf.io/i5knh/,yes,,OSF,yes,,yes,,"There was link to ""supplementary information"" at the journal's website - this link was ignored, as there was an explicit link to the open data",
a000404,kongmanas,2020-04-21,yes,,yes,,yes,,1,1,https://dataverse.harvard.edu/dataset.xhtml?persistentId=doi%3A10.7910%2FDVN%2FVWZZLO&version=DRAFT,yes,,https://dataverse.harvard.edu/dataset.xhtml?persistentId=doi%3A10.7910%2FDVN%2FVWZZLO&version=DRAFT,yes,,Harvard Dataverse,yes,,yes,,I didn't have any problems with this article,
a000407,kongmanas,2020-04-21,yes,,yes,,yes,,1,1,http://hdl.handle.net/10871/24754,yes,,https://ore.exeter.ac.uk/repository/handle/10871/24754,yes,,The University of exeter repositary ,yes,,other, It took more than 15 minutes to download The data files,It took more than 15 minutes to download The data files,
a000433,kongmanas,2020-04-22,yes,,yes,,yes,,1,1,https://osf.io/pnvjf/,yes,,https://osf.io/pnvjf/,yes,,OSF,yes,,yes,,I didn't have any problems with this article,
a000441,kongmanas,2020-04-22,yes,,yes,,yes,,1,1,https://doi.org/10.7910/DVN/HUZGPJ,yes,,https://dataverse.harvard.edu/dataset.xhtml?persistentId=doi:10.7910/DVN/HUZGPJ,yes,,Harvard Dataverse,yes,,yes,,I didn't have any problems with this article,
a000457,kongmanas,2020-04-22,yes,,yes,,yes,,1,1,https://osf.io/gjc5b/,yes,,https://osf.io/gjc5b/,yes,,OSF,yes,,yes,,I didn't have any problems with this article,
a000474,kongmanas,2020-04-22,yes,,yes,,yes,,1,1,https://osf.io/8yufm/,yes,,https://osf.io/8yufm,yes,,OSF,yes,,yes,,I didn't have any problems with this article,
a000477,kongmanas,2020-04-22,yes,,yes,,yes,,1,1,https://osf.io/yf3da/,yes,,https://osf.io/yf3da/,yes,,OSF,yes,,yes,,I didn't have any problems with this article,
a000490,kongmanas,2020-04-22,yes,,yes,,yes,,2,1,osf.io/gsv84,yes,,https://osf.io/gsv84/,yes,,OSF,yes,,yes,,I didn't have any problems with this article,
a000490,kongmanas,2020-04-22,yes,,yes,,yes,,2,2,osf.io/24mej,yes,,https://osf.io/24mej/,yes,,OSF,yes,,yes,,I didn't have any problems with this article,
a000564,kongmanas,2020-04-22,yes,,yes,,yes,,1,1,https://github.com/piazzai/smj-18-19552,yes,,https://github.com/piazzai/smj-18-19552,yes,,Github,yes,,yes,,I didn't have any problems with this article,
a000586,kongmanas,2020-04-22,yes,,yes,,yes,,1,1,http://dx.doi.org/10.7910/DVN/PLLBQJ,yes,,https://dataverse.harvard.edu/dataset.xhtml?persistentId=doi:10.7910/DVN/PLLBQJ,yes,,Harvard Dataverse,yes,,yes,,I didn't have any problems with this article,
a000591,kongmanas,2020-04-22,yes,,yes,,yes,,2,1,https://osf.io/4pdvg,yes,,https://osf.io/4pdvg,yes,,OSF,yes,,yes,,I didn't have any problems with this article,
a000591,kongmanas,2020-04-22,yes,,yes,,yes,,2,2,https://osf.io/xytch,yes,,https://osf.io/xytch,yes,,OSF,yes,,yes,,I didn't have any problems with this article,
a000598,kongmanas,2020-04-22,yes,,yes,,yes,,1,1,https://doi.org/10.7910/DVN/XYUWYJ,yes,,https://dataverse.harvard.edu/dataset.xhtml?persistentId=doi:10.7910/DVN/XYUWYJ,yes,,Harvard Dataverse,yes,,yes,,I didn't have any problems with this article,
a000663,kongmanas,2020-04-22,yes,,yes,,yes,,1,1,https://osf.io/z7kq2/,yes,,https://osf.io/z7kq2/,yes,,OSF,yes,,yes,,I didn't have any problems with this article,
a000737,kongmanas,2020-04-23,yes,,yes,,yes,,1,1,http://dx.doi.org/10.7910/DVN/2XP8YF,yes,,https://dataverse.harvard.edu/dataset.xhtml?persistentId=doi:10.7910/DVN/2XP8YF,yes,,Harvard Dataverse,yes,,yes,,I didn't have any problems with this article,
a000850,kongmanas,2020-04-23,yes,,yes,,yes,,1,1,https://doi.org/10.7910/DVN/RYNSDG,yes,,https://dataverse.harvard.edu/dataset.xhtml?persistentId=doi:10.7910/DVN/RYNSDG,yes,,Harvard Dataverse,yes,,yes,,I didn't have any problems with this article,
a000861,kongmanas,2020-04-23,yes,,yes,,yes,,1,1,https://osf.io/qh896/,yes,,https://osf.io/qh896/,yes,,OSF,yes,,yes,,I didn't have any problems with this article,
a000900,kongmanas,2020-04-23,yes,,yes,,yes,,1,1,https://osf.io/e2yza/,yes,,https://osf.io/e2yza/,yes,,OSF,yes,,yes,,Statement about open data being available was in introduction section,
a000963,kongmanas,2020-04-23,yes,,yes,,yes,,1,1,osf.io/wnu9f,yes,,https://osf.io/wnu9f,yes,,OSF,yes,,yes,,I didn't have any problems with this article,
a001010,kongmanas,2020-04-23,yes,,yes,,yes,,1,1,DOI 10.17605/OSF.IO/EKV2D,other,"The link given in the articel to the exist online repositary is misspelled. Howver, I can serach in paste it in Google and the top result that was shown up on the first page resolve to the data repositary as mentioned in the article.",https://osf.io/ekv2d/,yes,,OSF,yes,,yes,,"The link given in the articel to the exist online repositary is misspelled. Howver, I can serach in paste it in Google and the top result that was shown up on the first page resolve to the data repositary as mentioned in the article.",
a001028,kongmanas,2020-04-23,yes,,yes,,yes,,1,1,https://osf.io/yb9cv/,yes,,https://osf.io/yb9cv/,yes,,OSF,yes,,yes,,I didn't have any problems with this article,
a001068,kongmanas,2020-04-23,yes,,yes,,yes,,1,1,https://osf.io/qek97/,yes,,https://osf.io/qek97,yes,,OSF,yes,,yes,,I didn't have any problems with this article,
a001106,kongmanas,2020-04-23,yes,,yes,,yes,,1,1,https://osf.io/pfjsd/,yes,,https://osf.io/pfjsd/,yes,,OSF,yes,,yes,,I didn't have any problems with this article,
a001253,kongmanas,2020-04-23,yes,,yes,,yes,,1,1,https://osf.io/4a6jk/,yes,,https://osf.io/4a6jk,yes,,OSF,yes,,yes,,I didn't have any problems with this article,
a001318,kongmanas,2020-04-23,yes,,yes,,yes,,1,1,https://figshare.com/articles/NPQIP_ final_analysis_ set/5375275/1,yes,,https://figshare.com/articles/NPQIP_%20final_analysis_%20set/5375275/1,yes,,figshare,yes,,yes,,I didn't have any problems with this article,
a001372,kongmanas,2020-04-23,yes,,yes,,yes,,1,1,https://osf.io/rydzg/,yes,,https://osf.io/rydzg/,yes,,OSF,yes,,yes,,I didn't have any problems with this article,
a001389,kongmanas,2020-04-23,yes,,yes,,yes,,1,1,https://osf.io/hrzgs,yes,,https://osf.io/hrzgs/,yes,,OSF,yes,,yes,,I didn't have any problems with this article,
a001475,kongmanas,2020-04-23,yes,,yes,,yes,,1,1,https://doi.org/10.7910/DVN/PB8X8P,yes,,https://dataverse.harvard.edu/dataset.xhtml?persistentId=doi:10.7910/DVN/PB8X8P,yes,,Harvard Dataverse,yes,,yes,,I didn't have any problems with this article,
a001516,kongmanas,2020-04-23,yes,,yes,,yes,,1,1,osf.io/ideta,yes,,https://osf.io/ideta/,yes,,OSF,yes,,yes,,I didn't have any problems with this article,
a001539,kongmanas,2020-04-23,yes,,yes,,yes,,1,1,https://github.com/BlackHershey/blink-TS,yes,,https://github.com/BlackHershey/blink-TS,yes,,GitHub,yes,,yes,,I didn't have any problems with this article,
a001661,kongmanas,2020-04-23,yes,,yes,,yes,,1,1,http://dx.doi.org/10.7910/DVN/WPKTKJ,yes,,https://dataverse.harvard.edu/dataset.xhtml?persistentId=doi:10.7910/DVN/WPKTKJ,yes,,Harvard Dataverse,yes,,yes,,I didn't have any problems with this article,